# Vehicle mesh; triangles locked before baking.
o windshield_and_frame
v -0.909681 1.323300 0.321632
vt 0.7187500 0.9687500
vn -0.7330444 0.4272651 0.5292359
v -0.896090 1.268750 0.368008
vt 0.7187500 0.9687500
vn -0.7633353 0.2935651 0.5754465
v -0.877950 1.267575 0.369131
vt 0.7187500 0.9687500
vn -0.2424708 0.5452553 0.8024366
f 1/1/1 2/2/2 3/3/3
v -0.909681 1.323300 0.321632
vt 0.7187500 0.9687500
vn -0.7330507 0.4272686 0.5292242
v -0.877950 1.267575 0.369131
vt 0.7187500 0.9687500
vn -0.2424598 0.5452433 0.8024481
v -0.891266 1.323082 0.326695
vt 0.7187500 0.9687500
vn -0.2373431 0.5715290 0.7855080
f 4/4/4 5/5/5 6/6/6
v -0.891266 1.323082 0.326695
vt 0.5937500 0.9687500
vn -0.2373760 0.5715400 0.7854900
v -0.877950 1.267575 0.369131
vt 0.5937500 0.9687500
vn -0.2424499 0.5452444 0.8024504
v -0.874235 1.267335 0.369362
vt 0.5937500 0.9687500
vn -0.1243928 0.5712269 0.8113114
f 7/7/7 8/8/8 9/9/9
v -0.891266 1.323082 0.326695
vt 0.5937500 0.9687500
vn -0.2373519 0.5715343 0.7855015
v -0.874235 1.267335 0.369362
vt 0.5937500 0.9687500
vn -0.1243691 0.5712288 0.8113137
v -0.887494 1.323038 0.327732
vt 0.5937500 0.9687500
vn -0.1262182 0.5779763 0.8062333
f 10/10/10 11/11/11 12/12/12
v -0.896090 1.268750 0.368008
vt 0.7187500 0.9687500
vn -0.7633312 0.2935523 0.5754586
v -0.895762 1.267301 0.368940
vt 0.7187500 0.9687500
vn -0.7633203 0.2936117 0.5754429
v -0.877628 1.266208 0.370120
vt 0.7187500 0.9687500
vn -0.2424093 0.5451117 0.8025528
f 13/13/13 14/14/14 15/15/15
v -0.896090 1.268750 0.368008
vt 0.7187500 0.9687500
vn -0.7633408 0.2936246 0.5754089
v -0.877628 1.266208 0.370120
vt 0.7187500 0.9687500
vn -0.2424253 0.5451139 0.8025465
v -0.877950 1.267575 0.369131
vt 0.7187500 0.9687500
vn -0.2424362 0.5452594 0.8024443
f 16/16/16 17/17/17 18/18/18
v -0.877950 1.267575 0.369131
vt 0.5937500 0.9687500
vn -0.2424555 0.5452501 0.8024448
v -0.877628 1.266208 0.370120
vt 0.5937500 0.9687500
vn -0.2424300 0.5451031 0.8025523
v -0.873914 1.265984 0.370362
vt 0.5937500 0.9687500
vn -0.1243519 0.5710656 0.8114313
f 19/19/19 20/20/20 21/21/21
v -0.877950 1.267575 0.369131
vt 0.5937500 0.9687500
vn -0.2424367 0.5452468 0.8024528
v -0.873914 1.265984 0.370362
vt 0.5937500 0.9687500
vn -0.1243357 0.5710676 0.8114325
v -0.874235 1.267335 0.369362
vt 0.5937500 0.9687500
vn -0.1243783 0.5712318 0.8113104
f 22/22/22 23/23/23 24/24/24
v -0.895762 1.267301 0.368940
vt 0.7187500 0.9687500
vn -0.7633244 0.2935813 0.5754527
v -0.893127 1.255844 0.376648
vt 0.7187500 0.9687500
vn -0.7665290 0.2633766 0.5857184
v -0.875047 1.255262 0.378078
vt 0.7187500 0.9687500
vn -0.2429921 0.5393419 0.8062662
f 25/25/25 26/26/26 27/27/27
v -0.895762 1.267301 0.368940
vt 0.7187500 0.9687500
vn -0.7633364 0.2936468 0.5754035
v -0.875047 1.255262 0.378078
vt 0.7187500 0.9687500
vn -0.2429825 0.5393395 0.8062707
v -0.877628 1.266208 0.370120
vt 0.7187500 0.9687500
vn -0.2424310 0.5451099 0.8025475
f 28/28/28 29/29/29 30/30/30
v -0.877628 1.266208 0.370120
vt 0.5937500 0.9687500
vn -0.2424131 0.5450963 0.8025621
v -0.875047 1.255262 0.378078
vt 0.5937500 0.9687500
vn -0.2429708 0.5393474 0.8062689
v -0.871343 1.255142 0.378371
vt 0.5937500 0.9687500
vn -0.1239957 0.5697522 0.8124084
f 31/31/31 32/32/32 33/33/33
v -0.877628 1.266208 0.370120
vt 0.5937500 0.9687500
vn -0.2424179 0.5451161 0.8025472
v -0.871343 1.255142 0.378371
vt 0.5937500 0.9687500
vn -0.1239748 0.5697622 0.8124046
v -0.873914 1.265984 0.370362
vt 0.5937500 0.9687500
vn -0.1243324 0.5710686 0.8114320
f 34/34/34 35/35/35 36/36/36
v -0.893127 1.255844 0.376648
vt 0.7187500 0.9687500
vn -0.7665360 0.2633688 0.5857128
v -0.873884 1.187500 0.426839
vt 0.7187500 0.9687500
vn -0.7625054 0.2463734 0.5982355
v -0.856193 1.188347 0.427319
vt 0.7187500 0.9687500
vn -0.2399994 0.5293943 0.8137211
f 37/37/37 38/38/38 39/39/39
v -0.893127 1.255844 0.376648
vt 0.7187500 0.9687500
vn -0.7665278 0.2633865 0.5857157
v -0.856193 1.188347 0.427319
vt 0.7187500 0.9687500
vn -0.2400149 0.5293772 0.8137277
v -0.875047 1.255262 0.378078
vt 0.7187500 0.9687500
vn -0.2429908 0.5393392 0.8062685
f 40/40/40 41/41/41 42/42/42
v -0.875047 1.255262 0.378078
vt 0.5937500 0.9687500
vn -0.2429646 0.5393559 0.8062651
v -0.856193 1.188347 0.427319
vt 0.5937500 0.9687500
vn -0.2399993 0.5293947 0.8137208
v -0.852569 1.188520 0.427418
vt 0.5937500 0.9687500
vn -0.1213549 0.5616890 0.8183999
f 43/43/43 44/44/44 45/45/45
v -0.875047 1.255262 0.378078
vt 0.5937500 0.9687500
vn -0.2429829 0.5393483 0.8062646
v -0.852569 1.188520 0.427418
vt 0.5937500 0.9687500
vn -0.1213471 0.5616886 0.8184013
v -0.871343 1.255142 0.378371
vt 0.5937500 0.9687500
vn -0.1239737 0.5697541 0.8124105
f 46/46/46 47/47/47 48/48/48
v -0.873884 1.187500 0.426839
vt 0.7187500 0.9687500
vn -0.7624939 0.2463556 0.5982576
v -0.873464 1.185932 0.427822
vt 0.7187500 0.9687500
vn -0.7625028 0.2463087 0.5982654
v -0.855782 1.186869 0.428368
vt 0.7187500 0.9687500
vn -0.2399802 0.5292372 0.8138291
f 49/49/49 50/50/50 51/51/51
v -0.873884 1.187500 0.426839
vt 0.7187500 0.9687500
vn -0.7624952 0.2462973 0.5982799
v -0.855782 1.186869 0.428368
vt 0.7187500 0.9687500
vn -0.2399482 0.5292341 0.8138404
v -0.856193 1.188347 0.427319
vt 0.7187500 0.9687500
vn -0.2400343 0.5293756 0.8137230
f 52/52/52 53/53/53 54/54/54
v -0.856193 1.188347 0.427319
vt 0.5937500 0.9687500
vn -0.2400295 0.5293860 0.8137176
v -0.855782 1.186869 0.428368
vt 0.5937500 0.9687500
vn -0.2399562 0.5292396 0.8138345
v -0.852160 1.187061 0.428479
vt 0.5937500 0.9687500
vn -0.1212919 0.5615076 0.8185338
f 55/55/55 56/56/56 57/57/57
v -0.856193 1.188347 0.427319
vt 0.5937500 0.9687500
vn -0.2400174 0.5293779 0.8137264
v -0.852160 1.187061 0.428479
vt 0.5937500 0.9687500
vn -0.1212836 0.5615097 0.8185335
v -0.852569 1.188520 0.427418
vt 0.5937500 0.9687500
vn -0.1213791 0.5616785 0.8184037
f 58/58/58 59/59/59 60/60/60
v -0.873464 1.185932 0.427822
vt 0.7187500 0.9687500
vn -0.7625089 0.2463721 0.5982316
v -0.851243 1.106250 0.484674
vt 0.7187500 0.9687500
vn -0.7631080 0.2230844 0.6065472
v -0.834010 1.108939 0.484270
vt 0.7187500 0.9687500
vn -0.2376610 0.5174834 0.8220268
f 61/61/61 62/62/62 63/63/63
v -0.873464 1.185932 0.427822
vt 0.7187500 0.9687500
vn -0.7624760 0.2463287 0.5982915
v -0.834010 1.108939 0.484270
vt 0.7187500 0.9687500
vn -0.2376928 0.5174951 0.8220103
v -0.855782 1.186869 0.428368
vt 0.7187500 0.9687500
vn -0.2399660 0.5292266 0.8138401
f 64/64/64 65/65/65 66/66/66
v -0.855782 1.186869 0.428368
vt 0.5937500 0.9687500
vn -0.2399481 0.5292296 0.8138432
v -0.834010 1.108939 0.484270
vt 0.5937500 0.9687500
vn -0.2376846 0.5174854 0.8220186
v -0.830481 1.109490 0.484188
vt 0.5937500 0.9687500
vn -0.1182384 0.5521120 0.8253434
f 67/67/67 68/68/68 69/69/69
v -0.855782 1.186869 0.428368
vt 0.5937500 0.9687500
vn -0.2399666 0.5292240 0.8138415
v -0.830481 1.109490 0.484188
vt 0.5937500 0.9687500
vn -0.1182346 0.5521164 0.8253412
v -0.852160 1.187061 0.428479
vt 0.5937500 0.9687500
vn -0.1213056 0.5615049 0.8185335
f 70/70/70 71/71/71 72/72/72
v -0.851243 1.106250 0.484674
vt 0.7187500 0.9687500
vn -0.7630975 0.2230675 0.6065668
v -0.850980 1.105278 0.485298
vt 0.7187500 0.9687500
vn -0.7631060 0.2230235 0.6065722
v -0.833753 1.108011 0.484917
vt 0.7187500 0.9687500
vn -0.2376342 0.5173995 0.8220874
f 73/73/73 74/74/74 75/75/75
v -0.851243 1.106250 0.484674
vt 0.7187500 0.9687500
vn -0.7630969 0.2230965 0.6065568
v -0.833753 1.108011 0.484917
vt 0.7187500 0.9687500
vn -0.2376240 0.5174044 0.8220872
v -0.834010 1.108939 0.484270
vt 0.7187500 0.9687500
vn -0.2376862 0.5174878 0.8220168
f 76/76/76 77/77/77 78/78/78
v -0.834010 1.108939 0.484270
vt 0.5937500 0.9687500
vn -0.2376785 0.5174778 0.8220252
v -0.833753 1.108011 0.484917
vt 0.5937500 0.9687500
vn -0.2376557 0.5173977 0.8220822
v -0.830225 1.108570 0.484839
vt 0.5937500 0.9687500
vn -0.1182381 0.5519922 0.8254235
f 79/79/79 80/80/80 81/81/81
v -0.834010 1.108939 0.484270
vt 0.5937500 0.9687500
vn -0.2376725 0.5174977 0.8220146
v -0.830225 1.108570 0.484839
vt 0.5937500 0.9687500
vn -0.1182319 0.5519896 0.8254265
v -0.830481 1.109490 0.484188
vt 0.5937500 0.9687500
vn -0.1182648 0.5521037 0.8253455
f 82/82/82 83/83/83 84/84/84
v -0.850980 1.105278 0.485298
vt 0.7187500 0.9687500
vn -0.7631071 0.2231041 0.6065413
v -0.844774 1.083354 0.501661
vt 0.7187500 0.9687500
vn -0.7643999 0.2156246 0.6076174
v -0.827672 1.086199 0.500467
vt 0.7187500 0.9687500
vn -0.2372471 0.5140465 0.8242998
f 85/85/85 86/86/86 87/87/87
v -0.850980 1.105278 0.485298
vt 0.7187500 0.9687500
vn -0.7631108 0.2230835 0.6065441
v -0.827672 1.086199 0.500467
vt 0.7187500 0.9687500
vn -0.2372572 0.5140237 0.8243110
v -0.833753 1.108011 0.484917
vt 0.7187500 0.9687500
vn -0.2376443 0.5173876 0.8220919
f 88/88/88 89/89/89 90/90/90
v -0.833753 1.108011 0.484917
vt 0.5937500 0.9687500
vn -0.2376383 0.5173957 0.8220887
v -0.827672 1.086199 0.500467
vt 0.5937500 0.9687500
vn -0.2372639 0.5140362 0.8243014
v -0.824169 1.086782 0.500222
vt 0.5937500 0.9687500
vn -0.1173598 0.5493551 0.8273063
f 91/91/91 92/92/92 93/93/93
v -0.833753 1.108011 0.484917
vt 0.5937500 0.9687500
vn -0.2376391 0.5173948 0.8220889
v -0.824169 1.086782 0.500222
vt 0.5937500 0.9687500
vn -0.1173368 0.5493587 0.8273070
v -0.830225 1.108570 0.484839
vt 0.5937500 0.9687500
vn -0.1182154 0.5519954 0.8254248
f 94/94/94 95/95/95 96/96/96
v -0.844774 1.083354 0.501661
vt 0.7187500 0.9687500
vn -0.7643993 0.2156138 0.6076218
v -0.829626 1.027795 0.538608
vt 0.7187500 0.9687500
vn -0.2081697 0.5066855 0.8366212
v -0.812831 1.032436 0.537642
vt 0.7187500 0.9687500
vn -0.1311560 0.5371068 0.8332553
f 97/97/97 98/98/98 99/99/99
v -0.844774 1.083354 0.501661
vt 0.7187500 0.9687500
vn -0.7644258 0.2156157 0.6075879
v -0.812831 1.032436 0.537642
vt 0.7187500 0.9687500
vn -0.1311561 0.5371042 0.8332571
v -0.827672 1.086199 0.500467
vt 0.7187500 0.9687500
vn -0.2376435 0.5159277 0.8230093
f 100/100/100 101/101/101 102/102/102
v -0.827672 1.086199 0.500467
vt 0.5937500 0.9687500
vn -0.2372505 0.5140368 0.8243048
v -0.812831 1.032436 0.537642
vt 0.5937500 0.9687500
vn -0.1311464 0.5371091 0.8332554
v -0.809391 1.033386 0.537445
vt 0.5937500 0.9687500
vn -0.1152749 0.5428802 0.8318610
f 103/103/103 104/104/104 105/105/105
v -0.827672 1.086199 0.500467
vt 0.5937500 0.9687500
vn -0.2372365 0.5140323 0.8243117
v -0.809391 1.033386 0.537445
vt 0.5937500 0.9687500
vn -0.1152732 0.5428834 0.8318592
v -0.824169 1.086782 0.500222
vt 0.5937500 0.9687500
vn -0.1173531 0.5492982 0.8273451
f 106/106/106 107/107/107 108/108/108
v -0.829626 1.027795 0.538608
vt 0.7187500 0.9687500
vn -0.2081640 0.5066858 0.8366225
v -0.828849 1.025000 0.540578
vt 0.7187500 0.9687500
vn -0.7516423 0.2086033 0.6257145
v -0.812070 1.029682 0.539551
vt 0.7187500 0.9687500
vn -0.2327211 0.5061548 0.8304506
f 109/109/109 110/110/110 111/111/111
v -0.829626 1.027795 0.538608
vt 0.7187500 0.9687500
vn -0.2081505 0.5066928 0.8366216
v -0.812070 1.029682 0.539551
vt 0.7187500 0.9687500
vn -0.2327147 0.5061677 0.8304445
v -0.812831 1.032436 0.537642
vt 0.7187500 0.9687500
vn -0.1311466 0.5371088 0.8332555
f 112/112/112 113/113/113 114/114/114
v -0.812831 1.032436 0.537642
vt 0.5937500 0.9687500
vn -0.1311347 0.5371121 0.8332552
v -0.812070 1.029682 0.539551
vt 0.5937500 0.9687500
vn -0.2327384 0.5061541 0.8304462
v -0.808634 1.030641 0.539340
vt 0.5937500 0.9687500
vn -0.1151462 0.5425536 0.8320919
f 115/115/115 116/116/116 117/117/117
v -0.812831 1.032436 0.537642
vt 0.5937500 0.9687500
vn -0.1311737 0.5370999 0.8332570
v -0.808634 1.030641 0.539340
vt 0.5937500 0.9687500
vn -0.1151744 0.5425445 0.8320941
v -0.809391 1.033386 0.537445
vt 0.5937500 0.9687500
vn -0.1152663 0.5428815 0.8318614
f 118/118/118 119/119/119 120/120/120
v -0.828849 1.025000 0.540578
vt 0.7187500 0.9687500
vn -0.7516561 0.2085425 0.6257182
v -0.809308 0.951879 0.586138
vt 0.7187500 0.9687500
vn -0.1995406 0.4891148 0.8490880
v -0.792924 0.959678 0.586572
vt 0.7187500 0.9687500
vn -0.1273613 0.5268459 0.8403646
f 121/121/121 122/122/122 123/123/123
v -0.828849 1.025000 0.540578
vt 0.7187500 0.9687500
vn -0.7516482 0.2085645 0.6257203
v -0.792924 0.959678 0.586572
vt 0.7187500 0.9687500
vn -0.1273639 0.5268409 0.8403672
v -0.812070 1.029682 0.539551
vt 0.7187500 0.9687500
vn -0.2327314 0.5061574 0.8304461
f 124/124/124 125/125/125 126/126/126
v -0.812070 1.029682 0.539551
vt 0.5937500 0.9687500
vn -0.2327287 0.5061582 0.8304464
v -0.792924 0.959678 0.586572
vt 0.5937500 0.9687500
vn -0.1273407 0.5268508 0.8403645
v -0.789568 0.961276 0.586661
vt 0.5937500 0.9687500
vn -0.1124384 0.5341513 0.8378782
f 127/127/127 128/128/128 129/129/129
v -0.812070 1.029682 0.539551
vt 0.5937500 0.9687500
vn -0.2327272 0.5061631 0.8304439
v -0.789568 0.961276 0.586661
vt 0.5937500 0.9687500
vn -0.1124504 0.5341386 0.8378848
v -0.808634 1.030641 0.539340
vt 0.5937500 0.9687500
vn -0.1151528 0.5425491 0.8320940
f 130/130/130 131/131/131 132/132/132
v -0.809308 0.951879 0.586138
vt 0.7187500 0.9687500
vn -0.1995500 0.4891037 0.8490920
v -0.807099 0.943750 0.591487
vt 0.7187500 0.9687500
vn -0.7276843 0.1691099 0.6647386
v -0.790760 0.951762 0.591881
vt 0.7187500 0.9687500
vn -0.2255510 0.4904140 0.8417961
f 133/133/133 134/134/134 135/135/135
v -0.809308 0.951879 0.586138
vt 0.7187500 0.9687500
vn -0.1995380 0.4891057 0.8490937
v -0.790760 0.951762 0.591881
vt 0.7187500 0.9687500
vn -0.2255763 0.4904107 0.8417914
v -0.792924 0.959678 0.586572
vt 0.7187500 0.9687500
vn -0.1273395 0.5268549 0.8403621
f 136/136/136 137/137/137 138/138/138
v -0.792924 0.959678 0.586572
vt 0.5937500 0.9687500
vn -0.1273297 0.5268442 0.8403704
v -0.790760 0.951762 0.591881
vt 0.5937500 0.9687500
vn -0.2255862 0.4904101 0.8417891
v -0.787413 0.953403 0.591962
vt 0.5937500 0.9687500
vn -0.1121200 0.5331894 0.8385335
f 139/139/139 140/140/140 141/141/141
v -0.792924 0.959678 0.586572
vt 0.5937500 0.9687500
vn -0.1273190 0.5268535 0.8403662
v -0.787413 0.953403 0.591962
vt 0.5937500 0.9687500
vn -0.1121181 0.5331935 0.8385310
v -0.789568 0.961276 0.586661
vt 0.5937500 0.9687500
vn -0.1124239 0.5341389 0.8378881
f 142/142/142 143/143/143 144/144/144
v -0.807099 0.943750 0.591487
vt 0.7187500 0.9687500
vn -0.7276831 0.1691350 0.6647335
v -0.789506 0.877448 0.631816
vt 0.7187500 0.9687500
vn -0.1922067 0.4745784 0.8589714
v -0.773523 0.888247 0.633498
vt 0.7187500 0.9687500
vn -0.1237934 0.5172358 0.8468425
f 145/145/145 146/146/146 147/147/147
v -0.807099 0.943750 0.591487
vt 0.7187500 0.9687500
vn -0.7276790 0.1691641 0.6647305
v -0.773523 0.888247 0.633498
vt 0.7187500 0.9687500
vn -0.1237838 0.5172440 0.8468388
v -0.790760 0.951762 0.591881
vt 0.7187500 0.9687500
vn -0.2255669 0.4904113 0.8417934
f 148/148/148 149/149/149 150/150/150
v -0.790760 0.951762 0.591881
vt 0.5937500 0.9687500
vn -0.2255577 0.4904155 0.8417934
v -0.773523 0.888247 0.633498
vt 0.5937500 0.9687500
vn -0.1238046 0.5172402 0.8468382
v -0.770249 0.890458 0.633842
vt 0.5937500 0.9687500
vn -0.1097059 0.5255630 0.8436516
f 151/151/151 152/152/152 153/153/153
v -0.790760 0.951762 0.591881
vt 0.5937500 0.9687500
vn -0.2255554 0.4904128 0.8417957
v -0.770249 0.890458 0.633842
vt 0.5937500 0.9687500
vn -0.1096939 0.5255612 0.8436543
v -0.787413 0.953403 0.591962
vt 0.5937500 0.9687500
vn -0.1121247 0.5331895 0.8385326
f 154/154/154 155/155/155 156/156/156
v -0.789506 0.877448 0.631816
vt 0.7187500 0.9687500
vn -0.1922083 0.4745947 0.8589621
v -0.785431 0.862500 0.641749
vt 0.7187500 0.9687500
vn -0.6978443 0.1222293 0.7057433
v -0.769531 0.873557 0.643164
vt 0.7187500 0.9687500
vn -0.2174566 0.4734757 0.8535417
f 157/157/157 158/158/158 159/159/159
v -0.789506 0.877448 0.631816
vt 0.7187500 0.9687500
vn -0.1921933 0.4745896 0.8589683
v -0.769531 0.873557 0.643164
vt 0.7187500 0.9687500
vn -0.2174337 0.4734870 0.8535412
v -0.773523 0.888247 0.633498
vt 0.7187500 0.9687500
vn -0.1237914 0.5172368 0.8468422
f 160/160/160 161/161/161 162/162/162
v -0.773523 0.888247 0.633498
vt 0.5937500 0.9687500
vn -0.1237856 0.5172405 0.8468408
v -0.769531 0.873557 0.643164
vt 0.5937500 0.9687500
vn -0.2174193 0.4734705 0.8535540
v -0.766274 0.875822 0.643453
vt 0.5937500 0.9687500
vn -0.1091340 0.5237812 0.8448331
f 163/163/163 164/164/164 165/165/165
v -0.773523 0.888247 0.633498
vt 0.5937500 0.9687500
vn -0.1237722 0.5172585 0.8468319
v -0.766274 0.875822 0.643453
vt 0.5937500 0.9687500
vn -0.1091209 0.5237771 0.8448375
v -0.770249 0.890458 0.633842
vt 0.5937500 0.9687500
vn -0.1096996 0.5255430 0.8436651
f 166/166/166 167/167/167 168/168/168
v -0.785431 0.862500 0.641749
vt 0.7187500 0.9687500
vn -0.6978506 0.1222542 0.7057326
v -0.782062 0.849689 0.649307
vt 0.7187500 0.9687500
vn -0.1916096 0.4653080 0.8641610
v -0.766230 0.861319 0.651025
vt 0.7187500 0.9687500
vn -0.1228171 0.5130010 0.8495563
f 169/169/169 170/170/170 171/171/171
v -0.785431 0.862500 0.641749
vt 0.7187500 0.9687500
vn -0.6978468 0.1222224 0.7057418
v -0.766230 0.861319 0.651025
vt 0.7187500 0.9687500
vn -0.1228249 0.5130278 0.8495389
v -0.769531 0.873557 0.643164
vt 0.7187500 0.9687500
vn -0.2174523 0.4734753 0.8535429
f 172/172/172 173/173/173 174/174/174
v -0.769531 0.873557 0.643164
vt 0.5937500 0.9687500
vn -0.2174408 0.4734679 0.8535500
v -0.766230 0.861319 0.651025
vt 0.5937500 0.9687500
vn -0.1228440 0.5130150 0.8495440
v -0.762987 0.863701 0.651377
vt 0.5937500 0.9687500
vn -0.1086554 0.5223330 0.8457909
f 175/175/175 176/176/176 177/177/177
v -0.769531 0.873557 0.643164
vt 0.5937500 0.9687500
vn -0.2174196 0.4734828 0.8535471
v -0.762987 0.863701 0.651377
vt 0.5937500 0.9687500
vn -0.1086552 0.5223196 0.8457992
v -0.766274 0.875822 0.643453
vt 0.5937500 0.9687500
vn -0.1090979 0.5237769 0.8448403
f 178/178/178 179/179/179 180/180/180
v -0.782062 0.849689 0.649307
vt 0.7187500 0.9687500
vn -0.1916139 0.4653098 0.8641590
v -0.751594 0.825311 0.669378
vt 0.7187500 0.9687500
vn -0.4912069 0.0667876 0.8684787
v -0.736379 0.836947 0.669980
vt 0.7187500 0.9687500
vn -0.1746029 0.4539571 0.8737487
f 181/181/181 182/182/182 183/183/183
v -0.782062 0.849689 0.649307
vt 0.7187500 0.9687500
vn -0.1915976 0.4653087 0.8641632
v -0.736379 0.836947 0.669980
vt 0.7187500 0.9687500
vn -0.1746248 0.4539587 0.8737435
v -0.766230 0.861319 0.651025
vt 0.7187500 0.9687500
vn -0.1228523 0.5130043 0.8495492
f 184/184/184 185/185/185 186/186/186
v -0.766230 0.861319 0.651025
vt 0.5937500 0.9687500
vn -0.1228160 0.5130021 0.8495559
v -0.736379 0.836947 0.669980
vt 0.5937500 0.9687500
vn -0.1746228 0.4539513 0.8737478
v -0.733262 0.839330 0.670103
vt 0.5937500 0.9687500
vn -0.1044292 0.5193913 0.8481317
f 187/187/187 188/188/188 189/189/189
v -0.766230 0.861319 0.651025
vt 0.5937500 0.9687500
vn -0.1228243 0.5130203 0.8495436
v -0.733262 0.839330 0.670103
vt 0.5937500 0.9687500
vn -0.1044237 0.5193744 0.8481426
v -0.762987 0.863701 0.651377
vt 0.5937500 0.9687500
vn -0.1086448 0.5223098 0.8458065
f 190/190/190 191/191/191 192/192/192
v -0.751594 0.825311 0.669378
vt 0.7187500 0.9687500
vn -0.4911975 0.0667965 0.8684832
v -0.750524 0.824453 0.670079
vt 0.7187500 0.9687500
vn -0.4579496 0.1213220 0.8806606
v -0.735331 0.836089 0.670642
vt 0.7187500 0.9687500
vn -0.1678304 0.4609825 0.8713943
f 193/193/193 194/194/194 195/195/195
v -0.751594 0.825311 0.669378
vt 0.7187500 0.9687500
vn -0.4912176 0.0667788 0.8684734
v -0.735331 0.836089 0.670642
vt 0.7187500 0.9687500
vn -0.1678181 0.4609838 0.8713960
v -0.736379 0.836947 0.669980
vt 0.7187500 0.9687500
vn -0.1746244 0.4539373 0.8737547
f 196/196/196 197/197/197 198/198/198
v -0.736379 0.836947 0.669980
vt 0.5937500 0.9687500
vn -0.1746023 0.4539634 0.8737454
v -0.735331 0.836089 0.670642
vt 0.5937500 0.9687500
vn -0.1678236 0.4609707 0.8714018
v -0.732219 0.838472 0.670757
vt 0.5937500 0.9687500
vn -0.1043127 0.5192799 0.8482140
f 199/199/199 200/200/200 201/201/201
v -0.736379 0.836947 0.669980
vt 0.5937500 0.9687500
vn -0.1746291 0.4539431 0.8737507
v -0.732219 0.838472 0.670757
vt 0.5937500 0.9687500
vn -0.1042996 0.5192859 0.8482121
v -0.733262 0.839330 0.670103
vt 0.5937500 0.9687500
vn -0.1044320 0.5193953 0.8481287
f 202/202/202 203/203/203 204/204/204
v -0.750524 0.824453 0.670079
vt 0.7187500 0.9687500
vn -0.4579434 0.1213077 0.8806658
v -0.711254 0.812321 0.685641
vt 0.7187500 0.9687500
vn -0.2236578 0.1608762 0.9612991
v -0.696855 0.822848 0.683918
vt 0.7187500 0.9687500
vn -0.1214430 0.4621035 0.8784714
f 205/205/205 206/206/206 207/207/207
v -0.750524 0.824453 0.670079
vt 0.7187500 0.9687500
vn -0.4579701 0.1213425 0.8806472
v -0.696855 0.822848 0.683918
vt 0.7187500 0.9687500
vn -0.1213989 0.4621145 0.8784717
v -0.735331 0.836089 0.670642
vt 0.7187500 0.9687500
vn -0.1678191 0.4609767 0.8713997
f 208/208/208 209/209/209 210/210/210
v -0.735331 0.836089 0.670642
vt 0.5937500 0.9687500
vn -0.1678176 0.4609627 0.8714072
v -0.696855 0.822848 0.683918
vt 0.5937500 0.9687500
vn -0.1214292 0.4620973 0.8784765
v -0.693906 0.825005 0.683565
vt 0.5937500 0.9687500
vn -0.0988724 0.5176708 0.8498477
f 211/211/211 212/212/212 213/213/213
v -0.735331 0.836089 0.670642
vt 0.5937500 0.9687500
vn -0.1678063 0.4609613 0.8714101
v -0.693906 0.825005 0.683565
vt 0.5937500 0.9687500
vn -0.0988936 0.5176755 0.8498424
v -0.732219 0.838472 0.670757
vt 0.5937500 0.9687500
vn -0.1042754 0.5192951 0.8482094
f 214/214/214 215/215/215 216/216/216
v -0.711254 0.812321 0.685641
vt 0.7187500 0.9687500
vn -0.2236307 0.1608731 0.9613059
v -0.699152 0.807960 0.689531
vt 0.7187500 0.9687500
vn -0.2153097 0.0587223 0.9747787
v -0.684998 0.818638 0.687821
vt 0.7187500 0.9687500
vn -0.1193287 0.4468424 0.8866186
f 217/217/217 218/218/218 219/219/219
v -0.711254 0.812321 0.685641
vt 0.7187500 0.9687500
vn -0.2236454 0.1608482 0.9613066
v -0.684998 0.818638 0.687821
vt 0.7187500 0.9687500
vn -0.1193162 0.4468628 0.8866100
v -0.696855 0.822848 0.683918
vt 0.7187500 0.9687500
vn -0.1214264 0.4620978 0.8784767
f 220/220/220 221/221/221 222/222/222
v -0.696855 0.822848 0.683918
vt 0.5937500 0.9687500
vn -0.1214192 0.4621229 0.8784645
v -0.684998 0.818638 0.687821
vt 0.5937500 0.9687500
vn -0.1193145 0.4468593 0.8866119
v -0.682099 0.820826 0.687470
vt 0.5937500 0.9687500
vn -0.0972143 0.5171548 0.8503530
f 223/223/223 224/224/224 225/225/225
v -0.696855 0.822848 0.683918
vt 0.5937500 0.9687500
vn -0.1214292 0.4621013 0.8784745
v -0.682099 0.820826 0.687470
vt 0.5937500 0.9687500
vn -0.0972024 0.5171492 0.8503578
v -0.693906 0.825005 0.683565
vt 0.5937500 0.9687500
vn -0.0988769 0.5176513 0.8498591
f 226/226/226 227/227/227 228/228/228
v -0.699152 0.807960 0.689531
vt 0.7187500 0.9687500
vn -0.2152967 0.0587252 0.9747814
v -0.680270 0.809172 0.691294
vt 0.7187500 0.9687500
vn -0.1060521 0.3495539 0.9308949
v -0.666499 0.819680 0.689336
vt 0.7187500 0.9687500
vn -0.0967809 0.4899840 0.8663425
f 229/229/229 230/230/230 231/231/231
v -0.699152 0.807960 0.689531
vt 0.7187500 0.9687500
vn -0.2153135 0.0587287 0.9747774
v -0.666499 0.819680 0.689336
vt 0.7187500 0.9687500
vn -0.0967984 0.4899752 0.8663453
v -0.684998 0.818638 0.687821
vt 0.7187500 0.9687500
vn -0.1193259 0.4468547 0.8866127
f 232/232/232 233/233/233 234/234/234
v -0.684998 0.818638 0.687821
vt 0.5937500 0.9687500
vn -0.1193071 0.4468341 0.8866256
v -0.666499 0.819680 0.689336
vt 0.5937500 0.9687500
vn -0.0967905 0.4899925 0.8663365
v -0.663678 0.821832 0.688935
vt 0.5937500 0.9687500
vn -0.0946122 0.5172946 0.8505616
f 235/235/235 236/236/236 237/237/237
v -0.684998 0.818638 0.687821
vt 0.5937500 0.9687500
vn -0.1193237 0.4468651 0.8866077
v -0.663678 0.821832 0.688935
vt 0.5937500 0.9687500
vn -0.0945893 0.5172893 0.8505672
v -0.682099 0.820826 0.687470
vt 0.5937500 0.9687500
vn -0.0971991 0.5171883 0.8503343
f 238/238/238 239/239/239 240/240/240
v -0.680270 0.809172 0.691294
vt 0.7187500 0.9687500
vn -0.1060460 0.3495709 0.9308891
v -0.622747 0.812465 0.696088
vt 0.7187500 0.9687500
vn -0.0353899 -0.2636279 0.9639751
v -0.610140 0.822644 0.693651
vt 0.7187500 0.9687500
vn -0.0816393 0.4030489 0.9115298
f 241/241/241 242/242/242 243/243/243
v -0.680270 0.809172 0.691294
vt 0.7187500 0.9687500
vn -0.1060514 0.3495722 0.9308879
v -0.610140 0.822644 0.693651
vt 0.7187500 0.9687500
vn -0.0816513 0.4030485 0.9115289
v -0.666499 0.819680 0.689336
vt 0.7187500 0.9687500
vn -0.0967920 0.4899940 0.8663355
f 244/244/244 245/245/245 246/246/246
v -0.666499 0.819680 0.689336
vt 0.5937500 0.9687500
vn -0.0967955 0.4899761 0.8663452
v -0.610140 0.822644 0.693651
vt 0.5937500 0.9687500
vn -0.0816414 0.4030545 0.9115270
v -0.607558 0.824729 0.693152
vt 0.5937500 0.9687500
vn -0.0866504 0.5176577 0.8511886
f 247/247/247 248/248/248 249/249/249
v -0.666499 0.819680 0.689336
vt 0.5937500 0.9687500
vn -0.0968007 0.4899800 0.8663425
v -0.607558 0.824729 0.693152
vt 0.5937500 0.9687500
vn -0.0866639 0.5176854 0.8511705
v -0.663678 0.821832 0.688935
vt 0.5937500 0.9687500
vn -0.0946016 0.5173166 0.8505493
f 250/250/250 251/251/251 252/252/252
v -0.622747 0.812465 0.696088
vt 0.7187500 0.9687500
vn -0.0353922 -0.2636058 0.9639810
v -0.586667 0.814188 0.698596
vt 0.7187500 0.9687500
vn -0.0822087 0.4188637 0.9043201
v -0.574791 0.824336 0.696115
vt 0.7187500 0.9687500
vn -0.0818503 0.5014865 0.8612849
f 253/253/253 254/254/254 255/255/255
v -0.622747 0.812465 0.696088
vt 0.7187500 0.9687500
vn -0.0354108 -0.2636220 0.9639759
v -0.574791 0.824336 0.696115
vt 0.7187500 0.9687500
vn -0.0818362 0.5015083 0.8612736
v -0.610140 0.822644 0.693651
vt 0.7187500 0.9687500
vn -0.0816419 0.4030547 0.9115269
f 256/256/256 257/257/257 258/258/258
v -0.610140 0.822644 0.693651
vt 0.5937500 0.9687500
vn -0.0816351 0.4030621 0.9115243
v -0.574791 0.824336 0.696115
vt 0.5937500 0.9687500
vn -0.0818444 0.5015150 0.8612689
v -0.572359 0.826415 0.695606
vt 0.5937500 0.9687500
vn -0.0816636 0.5178763 0.8515487
f 259/259/259 260/260/260 261/261/261
v -0.610140 0.822644 0.693651
vt 0.5937500 0.9687500
vn -0.0816416 0.4030622 0.9115238
v -0.572359 0.826415 0.695606
vt 0.5937500 0.9687500
vn -0.0816779 0.5178766 0.8515471
v -0.607558 0.824729 0.693152
vt 0.5937500 0.9687500
vn -0.0866607 0.5176780 0.8511753
f 262/262/262 263/263/263 264/264/264
v -0.586667 0.814188 0.698596
vt 0.7187500 0.9687500
vn -0.0822060 0.4188744 0.9043154
v -0.534279 0.816334 0.701720
vt 0.7187500 0.9687500
vn -0.0744278 0.4191459 0.9048631
v -0.523463 0.826585 0.699387
vt 0.7187500 0.9687500
vn -0.0745061 0.5017760 0.8617828
f 265/265/265 266/266/266 267/267/267
v -0.586667 0.814188 0.698596
vt 0.7187500 0.9687500
vn -0.0822079 0.4188802 0.9043127
v -0.523463 0.826585 0.699387
vt 0.7187500 0.9687500
vn -0.0744981 0.5018070 0.8617656
v -0.574791 0.824336 0.696115
vt 0.7187500 0.9687500
vn -0.0818406 0.5015239 0.8612642
f 268/268/268 269/269/269 270/270/270
v -0.574791 0.824336 0.696115
vt 0.5937500 0.9687500
vn -0.0818608 0.5014913 0.8612812
v -0.523463 0.826585 0.699387
vt 0.5937500 0.9687500
vn -0.0745008 0.5018106 0.8617632
v -0.521248 0.828684 0.698910
vt 0.5937500 0.9687500
vn -0.0744322 0.5181680 0.8520340
f 271/271/271 272/272/272 273/273/273
v -0.574791 0.824336 0.696115
vt 0.5937500 0.9687500
vn -0.0818272 0.5014921 0.8612841
v -0.521248 0.828684 0.698910
vt 0.5937500 0.9687500
vn -0.0744215 0.5181822 0.8520263
v -0.572359 0.826415 0.695606
vt 0.5937500 0.9687500
vn -0.0816737 0.5179006 0.8515331
f 274/274/274 275/275/275 276/276/276
v -0.534279 0.816334 0.701720
vt 0.7187500 0.9687500
vn -0.0744252 0.4191467 0.9048629
v -0.493998 0.817908 0.704012
vt 0.7187500 0.9687500
vn -0.0665842 0.4034262 0.9125864
v -0.483998 0.828181 0.701711
vt 0.7187500 0.9687500
vn -0.0685382 0.4994636 0.8636196
f 277/277/277 278/278/278 279/279/279
v -0.534279 0.816334 0.701720
vt 0.7187500 0.9687500
vn -0.0744352 0.4191583 0.9048567
v -0.483998 0.828181 0.701711
vt 0.7187500 0.9687500
vn -0.0685355 0.4994390 0.8636339
v -0.523463 0.826585 0.699387
vt 0.7187500 0.9687500
vn -0.0744826 0.5017998 0.8617710
f 280/280/280 281/281/281 282/282/282
v -0.523463 0.826585 0.699387
vt 0.5937500 0.9687500
vn -0.0744757 0.5018035 0.8617695
v -0.483998 0.828181 0.701711
vt 0.5937500 0.9687500
vn -0.0685483 0.4994417 0.8636314
v -0.481949 0.830285 0.701240
vt 0.5937500 0.9687500
vn -0.0688389 0.5183990 0.8523636
f 283/283/283 284/284/284 285/285/285
v -0.523463 0.826585 0.699387
vt 0.5937500 0.9687500
vn -0.0745046 0.5018000 0.8617690
v -0.481949 0.830285 0.701240
vt 0.5937500 0.9687500
vn -0.0688454 0.5183862 0.8523709
v -0.521248 0.828684 0.698910
vt 0.5937500 0.9687500
vn -0.0744356 0.5181978 0.8520155
f 286/286/286 287/287/287 288/288/288
v -0.493998 0.817908 0.704012
vt 0.7187500 0.9687500
vn -0.0665760 0.4034268 0.9125867
v -0.445539 0.819564 0.706422
vt 0.7187500 0.9687500
vn -0.0511196 0.3971987 0.9163077
v -0.436520 0.829923 0.704246
vt 0.7187500 0.9687500
vn -0.0603176 0.4986576 0.8646978
f 289/289/289 290/290/290 291/291/291
v -0.493998 0.817908 0.704012
vt 0.7187500 0.9687500
vn -0.0665730 0.4034395 0.9125812
v -0.436520 0.829923 0.704246
vt 0.7187500 0.9687500
vn -0.0603328 0.4986514 0.8647003
v -0.483998 0.828181 0.701711
vt 0.7187500 0.9687500
vn -0.0685337 0.4994306 0.8636389
f 292/292/292 293/293/293 294/294/294
v -0.483998 0.828181 0.701711
vt 0.5937500 0.9687500
vn -0.0685488 0.4994401 0.8636322
v -0.436520 0.829923 0.704246
vt 0.5937500 0.9687500
vn -0.0603256 0.4986620 0.8646948
v -0.434672 0.832045 0.703801
vt 0.5937500 0.9687500
vn -0.0621107 0.5186218 0.8527449
f 295/295/295 296/296/296 297/297/297
v -0.483998 0.828181 0.701711
vt 0.5937500 0.9687500
vn -0.0685434 0.4994623 0.8636199
v -0.434672 0.832045 0.703801
vt 0.5937500 0.9687500
vn -0.0621151 0.5186244 0.8527430
v -0.481949 0.830285 0.701240
vt 0.5937500 0.9687500
vn -0.0688311 0.5184150 0.8523546
f 298/298/298 299/299/299 300/300/300
v -0.445539 0.819564 0.706422
vt 0.7187500 0.9687500
vn -0.0511182 0.3972059 0.9163048
v -0.401515 0.821295 0.708941
vt 0.7187500 0.9687500
vn -0.0429705 0.3944866 0.9178964
v -0.393387 0.831413 0.706416
vt 0.7187500 0.9687500
vn -0.0538745 0.4983816 0.8652823
f 301/301/301 302/302/302 303/303/303
v -0.445539 0.819564 0.706422
vt 0.7187500 0.9687500
vn -0.0511327 0.3972085 0.9163028
v -0.393387 0.831413 0.706416
vt 0.7187500 0.9687500
vn -0.0538660 0.4983777 0.8652850
v -0.436520 0.829923 0.704246
vt 0.7187500 0.9687500
vn -0.0603250 0.4986560 0.8646982
f 304/304/304 305/305/305 306/306/306
v -0.436520 0.829923 0.704246
vt 0.5937500 0.9687500
vn -0.0603516 0.4986364 0.8647077
v -0.393387 0.831413 0.706416
vt 0.5937500 0.9687500
vn -0.0538549 0.4983876 0.8652800
v -0.391722 0.833486 0.705898
vt 0.5937500 0.9687500
vn -0.0559860 0.5188290 0.8530428
f 307/307/307 308/308/308 309/309/309
v -0.436520 0.829923 0.704246
vt 0.5937500 0.9687500
vn -0.0603128 0.4986600 0.8646967
v -0.391722 0.833486 0.705898
vt 0.5937500 0.9687500
vn -0.0559996 0.5187957 0.8530622
v -0.434672 0.832045 0.703801
vt 0.5937500 0.9687500
vn -0.0621189 0.5186309 0.8527387
f 310/310/310 311/311/311 312/312/312
v -0.401515 0.821295 0.708941
vt 0.7187500 0.9687500
vn -0.0429601 0.3944961 0.9178929
v -0.356716 0.822834 0.711181
vt 0.7187500 0.9687500
vn -0.0351633 0.3946211 0.9181710
v -0.349495 0.832764 0.708382
vt 0.7187500 0.9687500
vn -0.0473504 0.4985378 0.8655739
f 313/313/313 314/314/314 315/315/315
v -0.401515 0.821295 0.708941
vt 0.7187500 0.9687500
vn -0.0429705 0.3945111 0.9178859
v -0.349495 0.832764 0.708382
vt 0.7187500 0.9687500
vn -0.0473508 0.4985411 0.8655719
v -0.393387 0.831413 0.706416
vt 0.7187500 0.9687500
vn -0.0538483 0.4983930 0.8652773
f 316/316/316 317/317/317 318/318/318
v -0.393387 0.831413 0.706416
vt 0.5937500 0.9687500
vn -0.0538426 0.4983609 0.8652961
v -0.349495 0.832764 0.708382
vt 0.5937500 0.9687500
vn -0.0473537 0.4985382 0.8655734
v -0.348016 0.834798 0.707809
vt 0.5937500 0.9687500
vn -0.0497554 0.5189905 0.8533307
f 319/319/319 320/320/320 321/321/321
v -0.393387 0.831413 0.706416
vt 0.5937500 0.9687500
vn -0.0538625 0.4983907 0.8652777
v -0.348016 0.834798 0.707809
vt 0.5937500 0.9687500
vn -0.0497543 0.5190016 0.8533239
v -0.391722 0.833486 0.705898
vt 0.5937500 0.9687500
vn -0.0560053 0.5188134 0.8530509
f 322/322/322 323/323/323 324/324/324
v -0.356716 0.822834 0.711181
vt 0.7187500 0.9687500
vn -0.0351672 0.3946239 0.9181694
v -0.309235 0.824360 0.713403
vt 0.7187500 0.9687500
vn -0.0201916 0.3951713 0.9183854
v -0.302975 0.834038 0.710237
vt 0.7187500 0.9687500
vn -0.0391975 0.4987031 0.8658860
f 325/325/325 326/326/326 327/327/327
v -0.356716 0.822834 0.711181
vt 0.7187500 0.9687500
vn -0.0351660 0.3946335 0.9181653
v -0.302975 0.834038 0.710237
vt 0.7187500 0.9687500
vn -0.0392162 0.4987203 0.8658754
v -0.349495 0.832764 0.708382
vt 0.7187500 0.9687500
vn -0.0473543 0.4985499 0.8655666
f 328/328/328 329/329/329 330/330/330
v -0.349495 0.832764 0.708382
vt 0.5937500 0.9687500
vn -0.0473519 0.4985271 0.8655798
v -0.302975 0.834038 0.710237
vt 0.5937500 0.9687500
vn -0.0392024 0.4987042 0.8658852
v -0.301692 0.836020 0.709588
vt 0.5937500 0.9687500
vn -0.0431481 0.5191265 0.8536075
f 331/331/331 332/332/332 333/333/333
v -0.349495 0.832764 0.708382
vt 0.5937500 0.9687500
vn -0.0473651 0.4985357 0.8655742
v -0.301692 0.836020 0.709588
vt 0.5937500 0.9687500
vn -0.0431683 0.5191283 0.8536055
v -0.348016 0.834798 0.707809
vt 0.5937500 0.9687500
vn -0.0497837 0.5189964 0.8533254
f 334/334/334 335/335/335 336/336/336
v -0.309235 0.824360 0.713403
vt 0.7187500 0.9687500
vn -0.0195656 0.3947956 0.9185606
v -0.267749 0.825783 0.715473
vt 0.7187500 0.9687500
vn -0.0195671 0.3947913 0.9185624
v -0.262329 0.835048 0.711706
vt 0.7187500 0.9687500
vn -0.0343933 0.4988002 0.8660343
f 337/337/337 338/338/338 339/339/339
v -0.309235 0.824360 0.713403
vt 0.7187500 0.9687500
vn -0.0195516 0.3947810 0.9185673
v -0.262329 0.835048 0.711706
vt 0.7187500 0.9687500
vn -0.0343977 0.4988030 0.8660326
v -0.302975 0.834038 0.710237
vt 0.7187500 0.9687500
vn -0.0391881 0.4987332 0.8658693
f 340/340/340 341/341/341 342/342/342
v -0.302975 0.834038 0.710237
vt 0.5937500 0.9687500
vn -0.0391898 0.4987196 0.8658769
v -0.262329 0.835048 0.711706
vt 0.5937500 0.9687500
vn -0.0343897 0.4988189 0.8660237
v -0.261219 0.836945 0.710934
vt 0.5937500 0.9687500
vn -0.0373804 0.5192512 0.8538038
f 343/343/343 344/344/344 345/345/345
v -0.302975 0.834038 0.710237
vt 0.5937500 0.9687500
vn -0.0392141 0.4987369 0.8658659
v -0.261219 0.836945 0.710934
vt 0.5937500 0.9687500
vn -0.0373798 0.5192643 0.8537958
v -0.301692 0.836020 0.709588
vt 0.5937500 0.9687500
vn -0.0431485 0.5191317 0.8536044
f 346/346/346 347/347/347 348/348/348
v -0.267749 0.825783 0.715473
vt 0.7187500 0.9687500
vn -0.0195400 0.3947773 0.9185691
v -0.217924 0.826351 0.716301
vt 0.7187500 0.9687500
vn -0.0117278 0.3948258 0.9186811
v -0.213512 0.835921 0.712977
vt 0.7187500 0.9687500
vn -0.0272999 0.4989081 0.8662248
f 349/349/349 350/350/350 351/351/351
v -0.267749 0.825783 0.715473
vt 0.7187500 0.9687500
vn -0.0195285 0.3947911 0.9185634
v -0.213512 0.835921 0.712977
vt 0.7187500 0.9687500
vn -0.0272983 0.4989251 0.8662151
v -0.262329 0.835048 0.711706
vt 0.7187500 0.9687500
vn -0.0343924 0.4987909 0.8660397
f 352/352/352 353/353/353 354/354/354
v -0.262329 0.835048 0.711706
vt 0.5937500 0.9687500
vn -0.0344027 0.4988106 0.8660280
v -0.213512 0.835921 0.712977
vt 0.5937500 0.9687500
vn -0.0272828 0.4989135 0.8662223
v -0.212609 0.837881 0.712296
vt 0.5937500 0.9687500
vn -0.0304331 0.5194039 0.8539868
f 355/355/355 356/356/356 357/357/357
v -0.262329 0.835048 0.711706
vt 0.5937500 0.9687500
vn -0.0343947 0.4987950 0.8660372
v -0.212609 0.837881 0.712296
vt 0.5937500 0.9687500
vn -0.0304358 0.5193766 0.8540033
v -0.261219 0.836945 0.710934
vt 0.5937500 0.9687500
vn -0.0373699 0.5192836 0.8537846
f 358/358/358 359/359/359 360/360/360
v -0.217924 0.826351 0.716301
vt 0.7187500 0.9687500
vn -0.0117318 0.3948364 0.9186766
v -0.178581 0.827666 0.718215
vt 0.7187500 0.9687500
vn -0.0117740 0.4042830 0.9145582
v -0.174966 0.836645 0.714030
vt 0.7187500 0.9687500
vn -0.0227307 0.5004884 0.8654448
f 361/361/361 362/362/362 363/363/363
v -0.217924 0.826351 0.716301
vt 0.7187500 0.9687500
vn -0.0117169 0.3948534 0.9186695
v -0.174966 0.836645 0.714030
vt 0.7187500 0.9687500
vn -0.0227411 0.5004718 0.8654542
v -0.213512 0.835921 0.712977
vt 0.7187500 0.9687500
vn -0.0272787 0.4989208 0.8662182
f 364/364/364 365/365/365 366/366/366
v -0.213512 0.835921 0.712977
vt 0.5937500 0.9687500
vn -0.0272885 0.4989392 0.8662071
v -0.174966 0.836645 0.714030
vt 0.5937500 0.9687500
vn -0.0227268 0.5005054 0.8654349
v -0.174226 0.838483 0.713173
vt 0.5937500 0.9687500
vn -0.0249379 0.5194598 0.8541309
f 367/367/367 368/368/368 369/369/369
v -0.213512 0.835921 0.712977
vt 0.5937500 0.9687500
vn -0.0272774 0.4989334 0.8662110
v -0.174226 0.838483 0.713173
vt 0.5937500 0.9687500
vn -0.0249549 0.5194547 0.8541336
v -0.212609 0.837881 0.712296
vt 0.5937500 0.9687500
vn -0.0304152 0.5193689 0.8540088
f 370/370/370 371/371/371 372/372/372
v -0.178581 0.827666 0.718215
vt 0.7187500 0.9687500
vn -0.0117689 0.4042789 0.9145600
v -0.127190 0.827723 0.718298
vt 0.7187500 0.9687500
vn -0.0117819 0.4202578 0.9073282
v -0.124615 0.837158 0.714778
vt 0.7187500 0.9687500
vn -0.0167591 0.5031188 0.8640548
f 373/373/373 374/374/374 375/375/375
v -0.178581 0.827666 0.718215
vt 0.7187500 0.9687500
vn -0.0117742 0.4042782 0.9145603
v -0.124615 0.837158 0.714778
vt 0.7187500 0.9687500
vn -0.0167682 0.5031307 0.8640476
v -0.174966 0.836645 0.714030
vt 0.7187500 0.9687500
vn -0.0227339 0.5005051 0.8654351
f 376/376/376 377/377/377 378/378/378
v -0.174966 0.836645 0.714030
vt 0.5937500 0.9687500
vn -0.0227309 0.5004709 0.8654549
v -0.124615 0.837158 0.714778
vt 0.5937500 0.9687500
vn -0.0167613 0.5031220 0.8640530
v -0.124088 0.839091 0.714057
vt 0.5937500 0.9687500
vn -0.0177738 0.5195529 0.8542535
f 379/379/379 380/380/380 381/381/381
v -0.174966 0.836645 0.714030
vt 0.5937500 0.9687500
vn -0.0227325 0.5004976 0.8654394
v -0.124088 0.839091 0.714057
vt 0.5937500 0.9687500
vn -0.0177596 0.5195599 0.8542495
v -0.174226 0.838483 0.713173
vt 0.5937500 0.9687500
vn -0.0249332 0.5194725 0.8541233
f 382/382/382 383/383/383 384/384/384
v -0.127190 0.827723 0.718298
vt 0.7187500 0.9687500
vn -0.0117776 0.4202617 0.9073266
v -0.089319 0.828945 0.720078
vt 0.7187500 0.9687500
vn -0.0039144 0.4267294 0.9043710
v -0.087511 0.837629 0.715463
vt 0.7187500 0.9687500
vn -0.0110192 0.5042058 0.8635132
f 385/385/385 386/386/386 387/387/387
v -0.127190 0.827723 0.718298
vt 0.7187500 0.9687500
vn -0.0117837 0.4202571 0.9073285
v -0.087511 0.837629 0.715463
vt 0.7187500 0.9687500
vn -0.0110203 0.5042201 0.8635049
v -0.124615 0.837158 0.714778
vt 0.7187500 0.9687500
vn -0.0167667 0.5031374 0.8640438
f 388/388/388 389/389/389 390/390/390
v -0.124615 0.837158 0.714778
vt 0.5937500 0.9687500
vn -0.0167627 0.5031194 0.8640543
v -0.087511 0.837629 0.715463
vt 0.5937500 0.9687500
vn -0.0110289 0.5042044 0.8635139
v -0.087141 0.839408 0.714518
vt 0.5937500 0.9687500
vn -0.0124787 0.5195727 0.8543350
f 391/391/391 392/392/392 393/393/393
v -0.124615 0.837158 0.714778
vt 0.5937500 0.9687500
vn -0.0167757 0.5031412 0.8640414
v -0.087141 0.839408 0.714518
vt 0.5937500 0.9687500
vn -0.0124594 0.5196029 0.8543171
v -0.124088 0.839091 0.714057
vt 0.5937500 0.9687500
vn -0.0177746 0.5195580 0.8542503
f 394/394/394 395/395/395 396/396/396
v -0.089319 0.828945 0.720078
vt 0.7187500 0.9687500
vn -0.0039147 0.4267348 0.9043684
v -0.036558 0.828960 0.720099
vt 0.7187500 0.9687500
vn -0.0039034 0.4424862 0.8967668
v -0.035818 0.837845 0.715777
vt 0.7187500 0.9687500
vn -0.0049100 0.5067798 0.8620615
f 397/397/397 398/398/398 399/399/399
v -0.089319 0.828945 0.720078
vt 0.7187500 0.9687500
vn -0.0039152 0.4267293 0.9043709
v -0.035818 0.837845 0.715777
vt 0.7187500 0.9687500
vn -0.0049082 0.5068089 0.8620445
v -0.087511 0.837629 0.715463
vt 0.7187500 0.9687500
vn -0.0110289 0.5042101 0.8635105
f 400/400/400 401/401/401 402/402/402
v -0.087511 0.837629 0.715463
vt 0.5937500 0.9687500
vn -0.0110343 0.5042169 0.8635066
v -0.035818 0.837845 0.715777
vt 0.5937500 0.9687500
vn -0.0049062 0.5067719 0.8620663
v -0.035666 0.839664 0.714892
vt 0.5937500 0.9687500
vn -0.0051044 0.5196169 0.8543841
f 403/403/403 404/404/404 405/405/405
v -0.087511 0.837629 0.715463
vt 0.5937500 0.9687500
vn -0.0110297 0.5042129 0.8635089
v -0.035666 0.839664 0.714892
vt 0.5937500 0.9687500
vn -0.0051040 0.5196354 0.8543729
v -0.087141 0.839408 0.714518
vt 0.5937500 0.9687500
vn -0.0124801 0.5195996 0.8543189
f 406/406/406 407/407/407 408/408/408
v -0.036558 0.828960 0.720099
vt 0.7187500 0.9687500
vn -0.0039164 0.4425198 0.8967502
v -0.000000 0.829909 0.721480
vt 0.7187500 0.9687500
vn -0.0039139 0.4425202 0.8967500
v -0.000000 0.838049 0.716074
vt 0.7187500 0.9687500
vn -0.0006747 0.5068055 0.8620602
f 409/409/409 410/410/410 411/411/411
v -0.036558 0.828960 0.720099
vt 0.7187500 0.9687500
vn -0.0039327 0.4424923 0.8967636
v -0.000000 0.838049 0.716074
vt 0.7187500 0.9687500
vn -0.0006615 0.5067803 0.8620749
v -0.035818 0.837845 0.715777
vt 0.7187500 0.9687500
vn -0.0049060 0.5067793 0.8620618
f 412/412/412 413/413/413 414/414/414
v -0.035818 0.837845 0.715777
vt 0.5937500 0.9687500
vn -0.0049065 0.5067995 0.8620501
v -0.000000 0.838049 0.716074
vt 0.5937500 0.9687500
vn -0.0006623 0.5067915 0.8620685
v -0.000000 0.839716 0.714967
vt 0.5937500 0.9687500
vn -0.0000053 0.5196456 0.8543820
f 415/415/415 416/416/416 417/417/417
v -0.035818 0.837845 0.715777
vt 0.5937500 0.9687500
vn -0.0049071 0.5067689 0.8620680
v -0.000000 0.839716 0.714967
vt 0.5937500 0.9687500
vn -0.0000057 0.5196125 0.8544021
v -0.035666 0.839664 0.714892
vt 0.5937500 0.9687500
vn -0.0051047 0.5196059 0.8543908
f 418/418/418 419/419/419 420/420/420
v -0.000000 0.829909 0.721480
vt 0.7187500 0.9687500
vn -0.0039141 0.4425076 0.8967563
v 0.036558 0.828960 0.720099
vt 0.7187500 0.9687500
vn 0.0039289 0.4361741 0.8998538
v 0.035818 0.837845 0.715777
vt 0.7187500 0.9687500
vn 0.0049071 0.5057561 0.8626626
f 421/421/421 422/422/422 423/423/423
v -0.000000 0.829909 0.721480
vt 0.7187500 0.9687500
vn -0.0039179 0.4424971 0.8967613
v 0.035818 0.837845 0.715777
vt 0.7187500 0.9687500
vn 0.0049100 0.5057400 0.8626719
v -0.000000 0.838049 0.716074
vt 0.7187500 0.9687500
vn -0.0006646 0.5068128 0.8620558
f 424/424/424 425/425/425 426/426/426
v -0.000000 0.838049 0.716074
vt 0.5937500 0.9687500
vn -0.0006675 0.5067907 0.8620690
v 0.035818 0.837845 0.715777
vt 0.5937500 0.9687500
vn 0.0041809 0.5057328 0.8626801
v 0.035666 0.839664 0.714892
vt 0.5937500 0.9687500
vn 0.0051057 0.5196378 0.8543714
f 427/427/427 428/428/428 429/429/429
v -0.000000 0.838049 0.716074
vt 0.5937500 0.9687500
vn -0.0006680 0.5067965 0.8620654
v 0.035666 0.839664 0.714892
vt 0.5937500 0.9687500
vn 0.0051090 0.5196146 0.8543855
v -0.000000 0.839716 0.714967
vt 0.5937500 0.9687500
vn -0.0000008 0.5196217 0.8543965
f 430/430/430 431/431/431 432/432/432
v 0.036558 0.828960 0.720099
vt 0.7187500 0.9687500
vn 0.0039334 0.4361541 0.8998634
v 0.089319 0.828946 0.720078
vt 0.7187500 0.9687500
vn 0.0039175 0.4267371 0.9043672
v 0.087511 0.837629 0.715463
vt 0.7187500 0.9687500
vn 0.0110319 0.5042187 0.8635055
f 433/433/433 434/434/434 435/435/435
v 0.036558 0.828960 0.720099
vt 0.7187500 0.9687500
vn 0.0039104 0.4361641 0.8998587
v 0.087511 0.837629 0.715463
vt 0.7187500 0.9687500
vn 0.0110281 0.5041953 0.8635192
v 0.035818 0.837845 0.715777
vt 0.7187500 0.9687500
vn 0.0049058 0.5057568 0.8626621
f 436/436/436 437/437/437 438/438/438
v 0.035818 0.837845 0.715777
vt 0.5937500 0.9687500
vn 0.0049122 0.5057780 0.8626496
v 0.087511 0.837629 0.715463
vt 0.5937500 0.9687500
vn 0.0110286 0.5042137 0.8635085
v 0.087141 0.839408 0.714518
vt 0.5937500 0.9687500
vn 0.0124797 0.5195984 0.8543196
f 439/439/439 440/440/440 441/441/441
v 0.035818 0.837845 0.715777
vt 0.5937500 0.9687500
vn 0.0049085 0.5057521 0.8626650
v 0.087141 0.839408 0.714518
vt 0.5937500 0.9687500
vn 0.0124709 0.5196062 0.8543149
v 0.035666 0.839664 0.714892
vt 0.5937500 0.9687500
vn 0.0051105 0.5196015 0.8543935
f 442/442/442 443/443/443 444/444/444
v 0.089319 0.828946 0.720078
vt 0.7187500 0.9687500
vn 0.0039110 0.4267388 0.9043665
v 0.127190 0.827723 0.718298
vt 0.7187500 0.9687500
vn 0.0117750 0.4202861 0.9073154
v 0.124615 0.837158 0.714778
vt 0.7187500 0.9687500
vn 0.0167703 0.5031372 0.8640439
f 445/445/445 446/446/446 447/447/447
v 0.089319 0.828946 0.720078
vt 0.7187500 0.9687500
vn 0.0039119 0.4267349 0.9043683
v 0.124615 0.837158 0.714778
vt 0.7187500 0.9687500
vn 0.0167673 0.5031106 0.8640594
v 0.087511 0.837629 0.715463
vt 0.7187500 0.9687500
vn 0.0110298 0.5041951 0.8635195
f 448/448/448 449/449/449 450/450/450
v 0.087511 0.837629 0.715463
vt 0.5937500 0.9687500
vn 0.0110289 0.5041847 0.8635255
v 0.124615 0.837158 0.714778
vt 0.5937500 0.9687500
vn 0.0167646 0.5031021 0.8640644
v 0.124088 0.839091 0.714057
vt 0.5937500 0.9687500
vn 0.0177763 0.5195588 0.8542498
f 451/451/451 452/452/452 453/453/453
v 0.087511 0.837629 0.715463
vt 0.5937500 0.9687500
vn 0.0110307 0.5041928 0.8635207
v 0.124088 0.839091 0.714057
vt 0.5937500 0.9687500
vn 0.0177639 0.5195510 0.8542548
v 0.087141 0.839408 0.714518
vt 0.5937500 0.9687500
vn 0.0124786 0.5195965 0.8543206
f 454/454/454 455/455/455 456/456/456
v 0.127190 0.827723 0.718298
vt 0.7187500 0.9687500
vn 0.0117801 0.4202748 0.9073204
v 0.178582 0.827667 0.718216
vt 0.7187500 0.9687500
vn 0.0117719 0.4042971 0.9145520
v 0.174966 0.836645 0.714030
vt 0.7187500 0.9687500
vn 0.0227376 0.5004997 0.8654380
f 457/457/457 458/458/458 459/459/459
v 0.127190 0.827723 0.718298
vt 0.7187500 0.9687500
vn 0.0117819 0.4202738 0.9073209
v 0.174966 0.836645 0.714030
vt 0.7187500 0.9687500
vn 0.0227423 0.5004859 0.8654459
v 0.124615 0.837158 0.714778
vt 0.7187500 0.9687500
vn 0.0167716 0.5031383 0.8640432
f 460/460/460 461/461/461 462/462/462
v 0.124615 0.837158 0.714778
vt 0.5937500 0.9687500
vn 0.0167574 0.5031264 0.8640504
v 0.174966 0.836645 0.714030
vt 0.5937500 0.9687500
vn 0.0227325 0.5005010 0.8654375
v 0.174226 0.838484 0.713173
vt 0.5937500 0.9687500
vn 0.0249339 0.5194811 0.8541181
f 463/463/463 464/464/464 465/465/465
v 0.124615 0.837158 0.714778
vt 0.5937500 0.9687500
vn 0.0167653 0.5031129 0.8640581
v 0.174226 0.838484 0.713173
vt 0.5937500 0.9687500
vn 0.0249317 0.5194754 0.8541217
v 0.124088 0.839091 0.714057
vt 0.5937500 0.9687500
vn 0.0177634 0.5195622 0.8542480
f 466/466/466 467/467/467 468/468/468
v 0.178582 0.827667 0.718216
vt 0.7187500 0.9687500
vn 0.0117634 0.4042959 0.9145526
v 0.217924 0.826351 0.716301
vt 0.7187500 0.9687500
vn 0.0117341 0.3948298 0.9186794
v 0.213512 0.835921 0.712977
vt 0.7187500 0.9687500
vn 0.0272820 0.4989312 0.8662121
f 469/469/469 470/470/470 471/471/471
v 0.178582 0.827667 0.718216
vt 0.7187500 0.9687500
vn 0.0117643 0.4042717 0.9145632
v 0.213512 0.835921 0.712977
vt 0.7187500 0.9687500
vn 0.0272931 0.4989238 0.8662159
v 0.174966 0.836645 0.714030
vt 0.7187500 0.9687500
vn 0.0227338 0.5004904 0.8654435
f 472/472/472 473/473/473 474/474/474
v 0.174966 0.836645 0.714030
vt 0.5937500 0.9687500
vn 0.0227412 0.5004988 0.8654385
v 0.213512 0.835921 0.712977
vt 0.5937500 0.9687500
vn 0.0272924 0.4989065 0.8662260
v 0.212609 0.837881 0.712296
vt 0.5937500 0.9687500
vn 0.0304339 0.5193797 0.8540015
f 475/475/475 476/476/476 477/477/477
v 0.174966 0.836645 0.714030
vt 0.5937500 0.9687500
vn 0.0227278 0.5005093 0.8654329
v 0.212609 0.837881 0.712296
vt 0.5937500 0.9687500
vn 0.0304332 0.5193772 0.8540030
v 0.174226 0.838484 0.713173
vt 0.5937500 0.9687500
vn 0.0249432 0.5194638 0.8541284
f 478/478/478 479/479/479 480/480/480
v 0.217924 0.826351 0.716301
vt 0.7187500 0.9687500
vn 0.0117223 0.3948406 0.9186748
v 0.267749 0.825782 0.715473
vt 0.7187500 0.9687500
vn 0.0195452 0.3947613 0.9185758
v 0.262329 0.835048 0.711706
vt 0.7187500 0.9687500
vn 0.0343887 0.4988263 0.8660195
f 481/481/481 482/482/482 483/483/483
v 0.217924 0.826351 0.716301
vt 0.7187500 0.9687500
vn 0.0117357 0.3948180 0.9186844
v 0.262329 0.835048 0.711706
vt 0.7187500 0.9687500
vn 0.0343803 0.4988092 0.8660296
v 0.213512 0.835921 0.712977
vt 0.7187500 0.9687500
vn 0.0272932 0.4989117 0.8662229
f 484/484/484 485/485/485 486/486/486
v 0.213512 0.835921 0.712977
vt 0.5937500 0.9687500
vn 0.0272933 0.4989258 0.8662149
v 0.262329 0.835048 0.711706
vt 0.5937500 0.9687500
vn 0.0343894 0.4987911 0.8660398
v 0.261219 0.836945 0.710934
vt 0.5937500 0.9687500
vn 0.0373708 0.5192858 0.8537832
f 487/487/487 488/488/488 489/489/489
v 0.213512 0.835921 0.712977
vt 0.5937500 0.9687500
vn 0.0272900 0.4989311 0.8662119
v 0.261219 0.836945 0.710934
vt 0.5937500 0.9687500
vn 0.0373946 0.5192832 0.8537836
v 0.212609 0.837881 0.712296
vt 0.5937500 0.9687500
vn 0.0304172 0.5193762 0.8540042
f 490/490/490 491/491/491 492/492/492
v 0.267749 0.825782 0.715473
vt 0.7187500 0.9687500
vn 0.0195388 0.3948028 0.9185580
v 0.309235 0.824361 0.713404
vt 0.7187500 0.9687500
vn 0.0195343 0.3947998 0.9185594
v 0.302975 0.834038 0.710237
vt 0.7187500 0.9687500
vn 0.0392004 0.4987085 0.8658828
f 493/493/493 494/494/494 495/495/495
v 0.267749 0.825782 0.715473
vt 0.7187500 0.9687500
vn 0.0195518 0.3947871 0.9185646
v 0.302975 0.834038 0.710237
vt 0.7187500 0.9687500
vn 0.0391958 0.4987229 0.8658747
v 0.262329 0.835048 0.711706
vt 0.7187500 0.9687500
vn 0.0344005 0.4988231 0.8660209
f 496/496/496 497/497/497 498/498/498
v 0.262329 0.835048 0.711706
vt 0.5937500 0.9687500
vn 0.0343991 0.4988105 0.8660281
v 0.302975 0.834038 0.710237
vt 0.5937500 0.9687500
vn 0.0392071 0.4986990 0.8658880
v 0.301693 0.836020 0.709588
vt 0.5937500 0.9687500
vn 0.0431505 0.5191537 0.8535909
f 499/499/499 500/500/500 501/501/501
v 0.262329 0.835048 0.711706
vt 0.5937500 0.9687500
vn 0.0343902 0.4988207 0.8660227
v 0.301693 0.836020 0.709588
vt 0.5937500 0.9687500
vn 0.0431658 0.5191468 0.8535944
v 0.261219 0.836945 0.710934
vt 0.5937500 0.9687500
vn 0.0373756 0.5192793 0.8537869
f 502/502/502 503/503/503 504/504/504
v 0.309235 0.824361 0.713404
vt 0.7187500 0.9687500
vn 0.0195427 0.3948059 0.9185567
v 0.356716 0.822834 0.711182
vt 0.7187500 0.9687500
vn 0.0351637 0.3946007 0.9181796
v 0.349495 0.832765 0.708382
vt 0.7187500 0.9687500
vn 0.0473453 0.4985257 0.8655810
f 505/505/505 506/506/506 507/507/507
v 0.309235 0.824361 0.713404
vt 0.7187500 0.9687500
vn 0.0195421 0.3947870 0.9185647
v 0.349495 0.832765 0.708382
vt 0.7187500 0.9687500
vn 0.0473397 0.4985484 0.8655683
v 0.302975 0.834038 0.710237
vt 0.7187500 0.9687500
vn 0.0391900 0.4987249 0.8658738
f 508/508/508 509/509/509 510/510/510
v 0.302975 0.834038 0.710237
vt 0.5937500 0.9687500
vn 0.0392130 0.4986976 0.8658886
v 0.349495 0.832765 0.708382
vt 0.5937500 0.9687500
vn 0.0473689 0.4985268 0.8655792
v 0.348016 0.834798 0.707809
vt 0.5937500 0.9687500
vn 0.0497720 0.5190005 0.8533236
f 511/511/511 512/512/512 513/513/513
v 0.302975 0.834038 0.710237
vt 0.5937500 0.9687500
vn 0.0391953 0.4987303 0.8658705
v 0.348016 0.834798 0.707809
vt 0.5937500 0.9687500
vn 0.0497505 0.5189847 0.8533345
v 0.301693 0.836020 0.709588
vt 0.5937500 0.9687500
vn 0.0431514 0.5191590 0.8535877
f 514/514/514 515/515/515 516/516/516
v 0.356716 0.822834 0.711182
vt 0.7187500 0.9687500
vn 0.0351660 0.3945998 0.9181799
v 0.401515 0.821295 0.708941
vt 0.7187500 0.9687500
vn 0.0429573 0.3944858 0.9178975
v 0.393387 0.831413 0.706416
vt 0.7187500 0.9687500
vn 0.0538595 0.4983656 0.8652924
f 517/517/517 518/518/518 519/519/519
v 0.356716 0.822834 0.711182
vt 0.7187500 0.9687500
vn 0.0351649 0.3946211 0.9181708
v 0.393387 0.831413 0.706416
vt 0.7187500 0.9687500
vn 0.0538718 0.4983813 0.8652826
v 0.349495 0.832765 0.708382
vt 0.7187500 0.9687500
vn 0.0473424 0.4985606 0.8655611
f 520/520/520 521/521/521 522/522/522
v 0.349495 0.832765 0.708382
vt 0.5937500 0.9687500
vn 0.0473479 0.4985442 0.8655702
v 0.393387 0.831413 0.706416
vt 0.5937500 0.9687500
vn 0.0538441 0.4983956 0.8652760
v 0.391722 0.833486 0.705898
vt 0.5937500 0.9687500
vn 0.0559963 0.5188289 0.8530422
f 523/523/523 524/524/524 525/525/525
v 0.349495 0.832765 0.708382
vt 0.5937500 0.9687500
vn 0.0473478 0.4985299 0.8655784
v 0.391722 0.833486 0.705898
vt 0.5937500 0.9687500
vn 0.0560079 0.5188186 0.8530477
v 0.348016 0.834798 0.707809
vt 0.5937500 0.9687500
vn 0.0497717 0.5189649 0.8533452
f 526/526/526 527/527/527 528/528/528
v 0.401515 0.821295 0.708941
vt 0.7187500 0.9687500
vn 0.0429709 0.3944921 0.9178939
v 0.445539 0.819564 0.706422
vt 0.7187500 0.9687500
vn 0.0511374 0.3971863 0.9163122
v 0.436519 0.829923 0.704246
vt 0.7187500 0.9687500
vn 0.0603236 0.4986666 0.8646922
f 529/529/529 530/530/530 531/531/531
v 0.401515 0.821295 0.708941
vt 0.7187500 0.9687500
vn 0.0429629 0.3945091 0.9178872
v 0.436519 0.829923 0.704246
vt 0.7187500 0.9687500
vn 0.0603098 0.4986282 0.8647154
v 0.393387 0.831413 0.706416
vt 0.7187500 0.9687500
vn 0.0538787 0.4983797 0.8652831
f 532/532/532 533/533/533 534/534/534
v 0.393387 0.831413 0.706416
vt 0.5937500 0.9687500
vn 0.0538722 0.4983974 0.8652734
v 0.436519 0.829923 0.704246
vt 0.5937500 0.9687500
vn 0.0603508 0.4986336 0.8647095
v 0.434672 0.832045 0.703801
vt 0.5937500 0.9687500
vn 0.0621109 0.5186154 0.8527488
f 535/535/535 536/536/536 537/537/537
v 0.393387 0.831413 0.706416
vt 0.5937500 0.9687500
vn 0.0538607 0.4983752 0.8652868
v 0.434672 0.832045 0.703801
vt 0.5937500 0.9687500
vn 0.0621290 0.5186365 0.8527346
v 0.391722 0.833486 0.705898
vt 0.5937500 0.9687500
vn 0.0560215 0.5188002 0.8530580
f 538/538/538 539/539/539 540/540/540
v 0.445539 0.819564 0.706422
vt 0.7187500 0.9687500
vn 0.0511240 0.3971877 0.9163123
v 0.493998 0.817908 0.704011
vt 0.7187500 0.9687500
vn 0.0665940 0.4034208 0.9125879
v 0.483998 0.828181 0.701711
vt 0.7187500 0.9687500
vn 0.0685554 0.4994541 0.8636236
f 541/541/541 542/542/542 543/543/543
v 0.445539 0.819564 0.706422
vt 0.7187500 0.9687500
vn 0.0511235 0.3971871 0.9163126
v 0.483998 0.828181 0.701711
vt 0.7187500 0.9687500
vn 0.0685633 0.4994417 0.8636302
v 0.436519 0.829923 0.704246
vt 0.7187500 0.9687500
vn 0.0603110 0.4986637 0.8646948
f 544/544/544 545/545/545 546/546/546
v 0.436519 0.829923 0.704246
vt 0.5937500 0.9687500
vn 0.0603298 0.4986495 0.8647017
v 0.483998 0.828181 0.701711
vt 0.5937500 0.9687500
vn 0.0685237 0.4994296 0.8636403
v 0.481949 0.830285 0.701240
vt 0.5937500 0.9687500
vn 0.0688403 0.5183817 0.8523740
f 547/547/547 548/548/548 549/549/549
v 0.436519 0.829923 0.704246
vt 0.5937500 0.9687500
vn 0.0603316 0.4986408 0.8647065
v 0.481949 0.830285 0.701240
vt 0.5937500 0.9687500
vn 0.0688560 0.5183967 0.8523635
v 0.434672 0.832045 0.703801
vt 0.5937500 0.9687500
vn 0.0621353 0.5186062 0.8527524
f 550/550/550 551/551/551 552/552/552
v 0.493998 0.817908 0.704011
vt 0.7187500 0.9687500
vn 0.0665809 0.4034324 0.9125838
v 0.534279 0.816333 0.701719
vt 0.7187500 0.9687500
vn 0.0744220 0.4191470 0.9048631
v 0.523463 0.826585 0.699387
vt 0.7187500 0.9687500
vn 0.0744983 0.5017797 0.8617814
f 553/553/553 554/554/554 555/555/555
v 0.493998 0.817908 0.704011
vt 0.7187500 0.9687500
vn 0.0665809 0.4034344 0.9125830
v 0.523463 0.826585 0.699387
vt 0.7187500 0.9687500
vn 0.0745027 0.5018131 0.8617616
v 0.483998 0.828181 0.701711
vt 0.7187500 0.9687500
vn 0.0685485 0.4994530 0.8636248
f 556/556/556 557/557/557 558/558/558
v 0.483998 0.828181 0.701711
vt 0.5937500 0.9687500
vn 0.0685213 0.4994310 0.8636397
v 0.523463 0.826585 0.699387
vt 0.5937500 0.9687500
vn 0.0744877 0.5017906 0.8617760
v 0.521248 0.828684 0.698910
vt 0.5937500 0.9687500
vn 0.0744390 0.5181903 0.8520197
f 559/559/559 560/560/560 561/561/561
v 0.483998 0.828181 0.701711
vt 0.5937500 0.9687500
vn 0.0685434 0.4994628 0.8636196
v 0.521248 0.828684 0.698910
vt 0.5937500 0.9687500
vn 0.0744236 0.5181928 0.8520197
v 0.481949 0.830285 0.701240
vt 0.5937500 0.9687500
vn 0.0688300 0.5183799 0.8523759
f 562/562/562 563/563/563 564/564/564
v 0.534279 0.816333 0.701719
vt 0.7187500 0.9687500
vn 0.0744270 0.4191236 0.9048735
v 0.586667 0.814188 0.698596
vt 0.7187500 0.9687500
vn 0.0899723 0.4185806 0.9037120
v 0.574791 0.824336 0.696115
vt 0.7187500 0.9687500
vn 0.0831634 0.5014605 0.8611744
f 565/565/565 566/566/566 567/567/567
v 0.534279 0.816333 0.701719
vt 0.7187500 0.9687500
vn 0.0744304 0.4191181 0.9048757
v 0.574791 0.824336 0.696115
vt 0.7187500 0.9687500
vn 0.0831739 0.5014403 0.8611851
v 0.523463 0.826585 0.699387
vt 0.7187500 0.9687500
vn 0.0745001 0.5018094 0.8617640
f 568/568/568 569/569/569 570/570/570
v 0.523463 0.826585 0.699387
vt 0.5937500 0.9687500
vn 0.0744942 0.5018052 0.8617668
v 0.574791 0.824336 0.696115
vt 0.5937500 0.9687500
vn 0.0831780 0.5014694 0.8611677
v 0.572358 0.826415 0.695606
vt 0.5937500 0.9687500
vn 0.0816821 0.5178924 0.8515372
f 571/571/571 572/572/572 573/573/573
v 0.523463 0.826585 0.699387
vt 0.5937500 0.9687500
vn 0.0744891 0.5017822 0.8617808
v 0.572358 0.826415 0.695606
vt 0.5937500 0.9687500
vn 0.0816999 0.5178979 0.8515321
v 0.521248 0.828684 0.698910
vt 0.5937500 0.9687500
vn 0.0744149 0.5181810 0.8520275
f 574/574/574 575/575/575 576/576/576
v 0.586667 0.814188 0.698596
vt 0.7187500 0.9687500
vn 0.0899714 0.4185794 0.9037125
v 0.622747 0.812465 0.696088
vt 0.7187500 0.9687500
vn 0.0353803 -0.2636314 0.9639744
v 0.610140 0.822644 0.693651
vt 0.7187500 0.9687500
vn 0.0816366 0.4030513 0.9115289
f 577/577/577 578/578/578 579/579/579
v 0.586667 0.814188 0.698596
vt 0.7187500 0.9687500
vn 0.0899838 0.4186183 0.9036933
v 0.610140 0.822644 0.693651
vt 0.7187500 0.9687500
vn 0.0816467 0.4030755 0.9115173
v 0.574791 0.824336 0.696115
vt 0.7187500 0.9687500
vn 0.0831781 0.5014742 0.8611649
f 580/580/580 581/581/581 582/582/582
v 0.574791 0.824336 0.696115
vt 0.5937500 0.9687500
vn 0.0831677 0.5014457 0.8611826
v 0.610140 0.822644 0.693651
vt 0.5937500 0.9687500
vn 0.0816435 0.4030446 0.9115314
v 0.607558 0.824729 0.693152
vt 0.5937500 0.9687500
vn 0.0866664 0.5176595 0.8511860
f 583/583/583 584/584/584 585/585/585
v 0.574791 0.824336 0.696115
vt 0.5937500 0.9687500
vn 0.0831680 0.5014396 0.8611861
v 0.607558 0.824729 0.693152
vt 0.5937500 0.9687500
vn 0.0866601 0.5176564 0.8511886
v 0.572358 0.826415 0.695606
vt 0.5937500 0.9687500
vn 0.0816976 0.5178941 0.8515348
f 586/586/586 587/587/587 588/588/588
v 0.622747 0.812465 0.696088
vt 0.7187500 0.9687500
vn 0.0354338 -0.2636298 0.9639729
v 0.680270 0.809172 0.691294
vt 0.7187500 0.9687500
vn 0.1060482 0.3495553 0.9308946
v 0.666499 0.819680 0.689336
vt 0.7187500 0.9687500
vn 0.0967895 0.4900054 0.8663293
f 589/589/589 590/590/590 591/591/591
v 0.622747 0.812465 0.696088
vt 0.7187500 0.9687500
vn 0.0354226 -0.2636215 0.9639756
v 0.666499 0.819680 0.689336
vt 0.7187500 0.9687500
vn 0.0967873 0.4899697 0.8663498
v 0.610140 0.822644 0.693651
vt 0.7187500 0.9687500
vn 0.0816368 0.4030470 0.9115309
f 592/592/592 593/593/593 594/594/594
v 0.610140 0.822644 0.693651
vt 0.5937500 0.9687500
vn 0.0816498 0.4030557 0.9115260
v 0.666499 0.819680 0.689336
vt 0.5937500 0.9687500
vn 0.0968039 0.4900014 0.8663299
v 0.663678 0.821832 0.688935
vt 0.5937500 0.9687500
vn 0.0945991 0.5172789 0.8505725
f 595/595/595 596/596/596 597/597/597
v 0.610140 0.822644 0.693651
vt 0.5937500 0.9687500
vn 0.0816375 0.4030659 0.9115225
v 0.663678 0.821832 0.688935
vt 0.5937500 0.9687500
vn 0.0945852 0.5172830 0.8505715
v 0.607558 0.824729 0.693152
vt 0.5937500 0.9687500
vn 0.0866828 0.5176926 0.8511642
f 598/598/598 599/599/599 600/600/600
v 0.680270 0.809172 0.691294
vt 0.7187500 0.9687500
vn 0.1060492 0.3495601 0.9308928
v 0.699152 0.807960 0.689531
vt 0.7187500 0.9687500
vn 0.2154037 0.0509143 0.9751968
v 0.684998 0.818638 0.687820
vt 0.7187500 0.9687500
vn 0.1193925 0.4457332 0.8871682
f 601/601/601 602/602/602 603/603/603
v 0.680270 0.809172 0.691294
vt 0.7187500 0.9687500
vn 0.1060535 0.3495907 0.9308808
v 0.684998 0.818638 0.687820
vt 0.7187500 0.9687500
vn 0.1194001 0.4457237 0.8871719
v 0.666499 0.819680 0.689336
vt 0.7187500 0.9687500
vn 0.0967733 0.4899808 0.8663450
f 604/604/604 605/605/605 606/606/606
v 0.666499 0.819680 0.689336
vt 0.5937500 0.9687500
vn 0.0967895 0.4899866 0.8663400
v 0.684998 0.818638 0.687820
vt 0.5937500 0.9687500
vn 0.1193965 0.4457316 0.8871686
v 0.682099 0.820826 0.687470
vt 0.5937500 0.9687500
vn 0.0971956 0.5171717 0.8503450
f 607/607/607 608/608/608 609/609/609
v 0.666499 0.819680 0.689336
vt 0.5937500 0.9687500
vn 0.0967814 0.4899818 0.8663437
v 0.682099 0.820826 0.687470
vt 0.5937500 0.9687500
vn 0.0971869 0.5171646 0.8503502
v 0.663678 0.821832 0.688935
vt 0.5937500 0.9687500
vn 0.0946090 0.5173062 0.8505548
f 610/610/610 611/611/611 612/612/612
v 0.699152 0.807960 0.689531
vt 0.7187500 0.9687500
vn 0.2154097 0.0509355 0.9751945
v 0.711254 0.812321 0.685640
vt 0.7187500 0.9687500
vn 0.2236582 0.1608924 0.9612963
v 0.696855 0.822848 0.683918
vt 0.7187500 0.9687500
vn 0.1214311 0.4621053 0.8784720
f 613/613/613 614/614/614 615/615/615
v 0.699152 0.807960 0.689531
vt 0.7187500 0.9687500
vn 0.2154010 0.0509253 0.9751968
v 0.696855 0.822848 0.683918
vt 0.7187500 0.9687500
vn 0.1214253 0.4620907 0.8784806
v 0.684998 0.818638 0.687820
vt 0.7187500 0.9687500
vn 0.1193976 0.4457467 0.8871607
f 616/616/616 617/617/617 618/618/618
v 0.684998 0.818638 0.687820
vt 0.5937500 0.9687500
vn 0.1193985 0.4457394 0.8871642
v 0.696855 0.822848 0.683918
vt 0.5937500 0.9687500
vn 0.1214192 0.4621034 0.8784747
v 0.693906 0.825005 0.683565
vt 0.5937500 0.9687500
vn 0.0988724 0.5176616 0.8498534
f 619/619/619 620/620/620 621/621/621
v 0.684998 0.818638 0.687820
vt 0.5937500 0.9687500
vn 0.1193972 0.4457428 0.8871626
v 0.693906 0.825005 0.683565
vt 0.5937500 0.9687500
vn 0.0988784 0.5176786 0.8498422
v 0.682099 0.820826 0.687470
vt 0.5937500 0.9687500
vn 0.0972031 0.5171777 0.8503403
f 622/622/622 623/623/623 624/624/624
v 0.711254 0.812321 0.685640
vt 0.7187500 0.9687500
vn 0.2236545 0.1608788 0.9612995
v 0.750524 0.824453 0.670079
vt 0.7187500 0.9687500
vn 0.4684837 0.0984254 0.8779724
v 0.735330 0.836089 0.670642
vt 0.7187500 0.9687500
vn 0.1699671 0.4578836 0.8726132
f 625/625/625 626/626/626 627/627/627
v 0.711254 0.812321 0.685640
vt 0.7187500 0.9687500
vn 0.2236353 0.1608724 0.9613050
v 0.735330 0.836089 0.670642
vt 0.7187500 0.9687500
vn 0.1699676 0.4578823 0.8726137
v 0.696855 0.822848 0.683918
vt 0.7187500 0.9687500
vn 0.1214163 0.4621233 0.8784646
f 628/628/628 629/629/629 630/630/630
v 0.696855 0.822848 0.683918
vt 0.5937500 0.9687500
vn 0.1214396 0.4621017 0.8784729
v 0.735330 0.836089 0.670642
vt 0.5937500 0.9687500
vn 0.1699793 0.4578970 0.8726038
v 0.732218 0.838472 0.670757
vt 0.5937500 0.9687500
vn 0.1042990 0.5192914 0.8482088
f 631/631/631 632/632/632 633/633/633
v 0.696855 0.822848 0.683918
vt 0.5937500 0.9687500
vn 0.1214245 0.4621046 0.8784734
v 0.732218 0.838472 0.670757
vt 0.5937500 0.9687500
vn 0.1042774 0.5192859 0.8482148
v 0.693906 0.825005 0.683565
vt 0.5937500 0.9687500
vn 0.0988849 0.5176601 0.8498528
f 634/634/634 635/635/635 636/636/636
v 0.750524 0.824453 0.670079
vt 0.7187500 0.9687500
vn 0.4684910 0.0984347 0.8779675
v 0.751594 0.825312 0.669378
vt 0.7187500 0.9687500
vn 0.4978119 0.0431105 0.8662130
v 0.736378 0.836947 0.669980
vt 0.7187500 0.9687500
vn 0.1760985 0.4507362 0.8751150
f 637/637/637 638/638/638 639/639/639
v 0.750524 0.824453 0.670079
vt 0.7187500 0.9687500
vn 0.4685143 0.0984256 0.8779560
v 0.736378 0.836947 0.669980
vt 0.7187500 0.9687500
vn 0.1761262 0.4507147 0.8751206
v 0.735330 0.836089 0.670642
vt 0.7187500 0.9687500
vn 0.1699958 0.4578758 0.8726117
f 640/640/640 641/641/641 642/642/642
v 0.735330 0.836089 0.670642
vt 0.5937500 0.9687500
vn 0.1699648 0.4578941 0.8726082
v 0.736378 0.836947 0.669980
vt 0.5937500 0.9687500
vn 0.1760987 0.4507351 0.8751155
v 0.733262 0.839330 0.670103
vt 0.5937500 0.9687500
vn 0.1044483 0.5193992 0.8481245
f 643/643/643 644/644/644 645/645/645
v 0.735330 0.836089 0.670642
vt 0.5937500 0.9687500
vn 0.1699618 0.4578965 0.8726075
v 0.733262 0.839330 0.670103
vt 0.5937500 0.9687500
vn 0.1044452 0.5193677 0.8481441
v 0.732218 0.838472 0.670757
vt 0.5937500 0.9687500
vn 0.1042918 0.5192980 0.8482057
f 646/646/646 647/647/647 648/648/648
v 0.751594 0.825312 0.669378
vt 0.7187500 0.9687500
vn 0.4977689 0.0431112 0.8662375
v 0.782062 0.849690 0.649307
vt 0.7187500 0.9687500
vn 0.1840476 0.4659892 0.8654366
v 0.766230 0.861319 0.651025
vt 0.7187500 0.9687500
vn 0.1215279 0.5131019 0.8496807
f 649/649/649 650/650/650 651/651/651
v 0.751594 0.825312 0.669378
vt 0.7187500 0.9687500
vn 0.4977890 0.0431411 0.8662245
v 0.766230 0.861319 0.651025
vt 0.7187500 0.9687500
vn 0.1215521 0.5130821 0.8496892
v 0.736378 0.836947 0.669980
vt 0.7187500 0.9687500
vn 0.1760974 0.4507379 0.8751143
f 652/652/652 653/653/653 654/654/654
v 0.736378 0.836947 0.669980
vt 0.5937500 0.9687500
vn 0.1761044 0.4507483 0.8751076
v 0.766230 0.861319 0.651025
vt 0.5937500 0.9687500
vn 0.1215272 0.5130782 0.8496953
v 0.762987 0.863701 0.651377
vt 0.5937500 0.9687500
vn 0.1086644 0.5223270 0.8457935
f 655/655/655 656/656/656 657/657/657
v 0.736378 0.836947 0.669980
vt 0.5937500 0.9687500
vn 0.1761182 0.4507343 0.8751119
v 0.762987 0.863701 0.651377
vt 0.5937500 0.9687500
vn 0.1086576 0.5223379 0.8457876
v 0.733262 0.839330 0.670103
vt 0.5937500 0.9687500
vn 0.1044154 0.5193856 0.8481368
f 658/658/658 659/659/659 660/660/660
v 0.782062 0.849690 0.649307
vt 0.7187500 0.9687500
vn 0.1840606 0.4659885 0.8654343
v 0.785431 0.862500 0.641749
vt 0.7187500 0.9687500
vn 0.1758326 0.4727522 0.8634745
v 0.769531 0.873557 0.643164
vt 0.7187500 0.9687500
vn 0.1205395 0.5153927 0.8484343
f 661/661/661 662/662/662 663/663/663
v 0.782062 0.849690 0.649307
vt 0.7187500 0.9687500
vn 0.1840605 0.4660153 0.8654199
v 0.769531 0.873557 0.643164
vt 0.7187500 0.9687500
vn 0.1205218 0.5153968 0.8484342
v 0.766230 0.861319 0.651025
vt 0.7187500 0.9687500
vn 0.1215312 0.5131027 0.8496798
f 664/664/664 665/665/665 666/666/666
v 0.766230 0.861319 0.651025
vt 0.5937500 0.9687500
vn 0.1215450 0.5130916 0.8496846
v 0.769531 0.873557 0.643164
vt 0.5937500 0.9687500
vn 0.1205328 0.5153744 0.8484462
v 0.766274 0.875821 0.643454
vt 0.5937500 0.9687500
vn 0.1091238 0.5237766 0.8448373
f 667/667/667 668/668/668 669/669/669
v 0.766230 0.861319 0.651025
vt 0.5937500 0.9687500
vn 0.1215636 0.5130977 0.8496782
v 0.766274 0.875821 0.643454
vt 0.5937500 0.9687500
vn 0.1091282 0.5238059 0.8448186
v 0.762987 0.863701 0.651377
vt 0.5937500 0.9687500
vn 0.1086277 0.5223356 0.8457928
f 670/670/670 671/671/671 672/672/672
v 0.785431 0.862500 0.641749
vt 0.7187500 0.9687500
vn 0.1758387 0.4727436 0.8634779
v 0.789505 0.877447 0.631816
vt 0.7187500 0.9687500
vn 0.1845970 0.4752957 0.8602429
v 0.773523 0.888247 0.633497
vt 0.7187500 0.9687500
vn 0.1224894 0.5173382 0.8469696
f 673/673/673 674/674/674 675/675/675
v 0.785431 0.862500 0.641749
vt 0.7187500 0.9687500
vn 0.1758088 0.4727580 0.8634762
v 0.773523 0.888247 0.633497
vt 0.7187500 0.9687500
vn 0.1225060 0.5173059 0.8469869
v 0.769531 0.873557 0.643164
vt 0.7187500 0.9687500
vn 0.1205144 0.5153764 0.8484476
f 676/676/676 677/677/677 678/678/678
v 0.769531 0.873557 0.643164
vt 0.5937500 0.9687500
vn 0.1205295 0.5153759 0.8484460
v 0.773523 0.888247 0.633497
vt 0.5937500 0.9687500
vn 0.1224750 0.5173262 0.8469791
v 0.770249 0.890458 0.633842
vt 0.5937500 0.9687500
vn 0.1096691 0.5255749 0.8436491
f 679/679/679 680/680/680 681/681/681
v 0.769531 0.873557 0.643164
vt 0.5937500 0.9687500
vn 0.1205109 0.5153858 0.8484425
v 0.770249 0.890458 0.633842
vt 0.5937500 0.9687500
vn 0.1096706 0.5255800 0.8436458
v 0.766274 0.875821 0.643454
vt 0.5937500 0.9687500
vn 0.1091323 0.5237808 0.8448336
f 682/682/682 683/683/683 684/684/684
v 0.789505 0.877447 0.631816
vt 0.7187500 0.9687500
vn 0.1846196 0.4752902 0.8602411
v 0.807098 0.943750 0.591487
vt 0.7187500 0.9687500
vn 0.7017365 0.1920654 0.6860589
v 0.790760 0.951761 0.591882
vt 0.7187500 0.9687500
vn 0.2200627 0.4924401 0.8420660
f 685/685/685 686/686/686 687/687/687
v 0.789505 0.877447 0.631816
vt 0.7187500 0.9687500
vn 0.1846002 0.4753011 0.8602394
v 0.790760 0.951761 0.591882
vt 0.7187500 0.9687500
vn 0.2200700 0.4924162 0.8420781
v 0.773523 0.888247 0.633497
vt 0.7187500 0.9687500
vn 0.1224954 0.5173320 0.8469726
f 688/688/688 689/689/689 690/690/690
v 0.773523 0.888247 0.633497
vt 0.5937500 0.9687500
vn 0.1224944 0.5173221 0.8469787
v 0.790760 0.951761 0.591882
vt 0.5937500 0.9687500
vn 0.2200525 0.4924359 0.8420711
v 0.787413 0.953402 0.591962
vt 0.5937500 0.9687500
vn 0.1121582 0.5331825 0.8385326
f 691/691/691 692/692/692 693/693/693
v 0.773523 0.888247 0.633497
vt 0.5937500 0.9687500
vn 0.1225020 0.5173396 0.8469669
v 0.787413 0.953402 0.591962
vt 0.5937500 0.9687500
vn 0.1121628 0.5331967 0.8385229
v 0.770249 0.890458 0.633842
vt 0.5937500 0.9687500
vn 0.1096783 0.5255645 0.8436543
f 694/694/694 695/695/695 696/696/696
v 0.807098 0.943750 0.591487
vt 0.7187500 0.9687500
vn 0.7017342 0.1920606 0.6860624
v 0.809307 0.951879 0.586139
vt 0.7187500 0.9687500
vn 0.7191383 0.1768402 0.6719878
v 0.792924 0.959678 0.586572
vt 0.7187500 0.9687500
vn 0.2240149 0.4919054 0.8413361
f 697/697/697 698/698/698 699/699/699
v 0.807098 0.943750 0.591487
vt 0.7187500 0.9687500
vn 0.7017553 0.1921196 0.6860245
v 0.792924 0.959678 0.586572
vt 0.7187500 0.9687500
vn 0.2240160 0.4919074 0.8413346
v 0.790760 0.951761 0.591882
vt 0.7187500 0.9687500
vn 0.2200882 0.4924304 0.8420649
f 700/700/700 701/701/701 702/702/702
v 0.790760 0.951761 0.591882
vt 0.5937500 0.9687500
vn 0.2200856 0.4924317 0.8420650
v 0.792924 0.959678 0.586572
vt 0.5937500 0.9687500
vn 0.2240205 0.4919085 0.8413328
v 0.789568 0.961276 0.586661
vt 0.5937500 0.9687500
vn 0.1124631 0.5341431 0.8378802
f 703/703/703 704/704/704 705/705/705
v 0.790760 0.951761 0.591882
vt 0.5937500 0.9687500
vn 0.2200497 0.4924319 0.8420742
v 0.789568 0.961276 0.586661
vt 0.5937500 0.9687500
vn 0.1124581 0.5341431 0.8378808
v 0.787413 0.953402 0.591962
vt 0.5937500 0.9687500
vn 0.1121449 0.5331861 0.8385321
f 706/706/706 707/707/707 708/708/708
v 0.809307 0.951879 0.586139
vt 0.7187500 0.9687500
vn 0.7191194 0.1767946 0.6720201
v 0.828849 1.025000 0.540579
vt 0.7187500 0.9687500
vn 0.7516648 0.2086029 0.6256875
v 0.812070 1.029682 0.539551
vt 0.7187500 0.9687500
vn 0.2327361 0.5061492 0.8304499
f 709/709/709 710/710/710 711/711/711
v 0.809307 0.951879 0.586139
vt 0.7187500 0.9687500
vn 0.7191403 0.1767987 0.6719967
v 0.812070 1.029682 0.539551
vt 0.7187500 0.9687500
vn 0.2327464 0.5061430 0.8304507
v 0.792924 0.959678 0.586572
vt 0.7187500 0.9687500
vn 0.2240283 0.4919080 0.8413309
f 712/712/712 713/713/713 714/714/714
v 0.792924 0.959678 0.586572
vt 0.5937500 0.9687500
vn 0.2240271 0.4919132 0.8413282
v 0.812070 1.029682 0.539551
vt 0.5937500 0.9687500
vn 0.2327307 0.5061553 0.8304476
v 0.808633 1.030641 0.539340
vt 0.5937500 0.9687500
vn 0.1151701 0.5425546 0.8320879
f 715/715/715 716/716/716 717/717/717
v 0.792924 0.959678 0.586572
vt 0.5937500 0.9687500
vn 0.2240273 0.4919117 0.8413290
v 0.808633 1.030641 0.539340
vt 0.5937500 0.9687500
vn 0.1151730 0.5425565 0.8320862
v 0.789568 0.961276 0.586661
vt 0.5937500 0.9687500
vn 0.1124607 0.5341332 0.8378868
f 718/718/718 719/719/719 720/720/720
v 0.828849 1.025000 0.540579
vt 0.7187500 0.9687500
vn 0.7516239 0.2085536 0.6257529
v 0.829626 1.027795 0.538608
vt 0.7187500 0.9687500
vn 0.7550311 0.2073370 0.6220446
v 0.812831 1.032436 0.537642
vt 0.7187500 0.9687500
vn 0.2335529 0.5064800 0.8300187
f 721/721/721 722/722/722 723/723/723
v 0.828849 1.025000 0.540579
vt 0.7187500 0.9687500
vn 0.7516316 0.2085481 0.6257457
v 0.812831 1.032436 0.537642
vt 0.7187500 0.9687500
vn 0.2335681 0.5064750 0.8300177
v 0.812070 1.029682 0.539551
vt 0.7187500 0.9687500
vn 0.2325504 0.5056359 0.8308145
f 724/724/724 725/725/725 726/726/726
v 0.812070 1.029682 0.539551
vt 0.5937500 0.9687500
vn 0.2327362 0.5061569 0.8304451
v 0.812831 1.032436 0.537642
vt 0.5937500 0.9687500
vn 0.2335429 0.5064861 0.8300179
v 0.809391 1.033386 0.537445
vt 0.5937500 0.9687500
vn 0.1152739 0.5428789 0.8318620
f 727/727/727 728/728/728 729/729/729
v 0.812070 1.029682 0.539551
vt 0.5937500 0.9687500
vn 0.2327446 0.5061408 0.8304524
v 0.809391 1.033386 0.537445
vt 0.5937500 0.9687500
vn 0.1152774 0.5428793 0.8318611
v 0.808633 1.030641 0.539340
vt 0.5937500 0.9687500
vn 0.1151839 0.5425423 0.8320940
f 730/730/730 731/731/731 732/732/732
v 0.829626 1.027795 0.538608
vt 0.7187500 0.9687500
vn 0.7550277 0.2073202 0.6220542
v 0.844775 1.083359 0.501657
vt 0.7187500 0.9687500
vn 0.7644269 0.2156423 0.6075770
v 0.827673 1.086204 0.500463
vt 0.7187500 0.9687500
vn 0.2372243 0.5140454 0.8243069
f 733/733/733 734/734/734 735/735/735
v 0.829626 1.027795 0.538608
vt 0.7187500 0.9687500
vn 0.7550446 0.2073649 0.6220188
v 0.827673 1.086204 0.500463
vt 0.7187500 0.9687500
vn 0.2372608 0.5140417 0.8242988
v 0.812831 1.032436 0.537642
vt 0.7187500 0.9687500
vn 0.2330981 0.5050400 0.8310235
f 736/736/736 737/737/737 738/738/738
v 0.812831 1.032436 0.537642
vt 0.5937500 0.9687500
vn 0.2335410 0.5065017 0.8300089
v 0.827673 1.086204 0.500463
vt 0.5937500 0.9687500
vn 0.2372295 0.5140554 0.8242992
v 0.824171 1.086787 0.500218
vt 0.5937500 0.9687500
vn 0.1173357 0.5493543 0.8273103
f 739/739/739 740/740/740 741/741/741
v 0.812831 1.032436 0.537642
vt 0.5937500 0.9687500
vn 0.2335466 0.5064844 0.8300179
v 0.824171 1.086787 0.500218
vt 0.5937500 0.9687500
vn 0.1173426 0.5493543 0.8273093
v 0.809391 1.033386 0.537445
vt 0.5937500 0.9687500
vn 0.1152732 0.5428782 0.8318626
f 742/742/742 743/743/743 744/744/744
v 0.844775 1.083359 0.501657
vt 0.7187500 0.9687500
vn 0.7644209 0.2155949 0.6076016
v 0.850980 1.105278 0.485298
vt 0.7187500 0.9687500
vn 0.7630815 0.2230398 0.6065969
v 0.833753 1.108011 0.484917
vt 0.7187500 0.9687500
vn 0.2376375 0.5173925 0.8220908
f 745/745/745 746/746/746 747/747/747
v 0.844775 1.083359 0.501657
vt 0.7187500 0.9687500
vn 0.7644089 0.2156303 0.6076040
v 0.833753 1.108011 0.484917
vt 0.7187500 0.9687500
vn 0.2376599 0.5173958 0.8220823
v 0.827673 1.086204 0.500463
vt 0.7187500 0.9687500
vn 0.2372364 0.5140280 0.8243144
f 748/748/748 749/749/749 750/750/750
v 0.827673 1.086204 0.500463
vt 0.5937500 0.9687500
vn 0.2372455 0.5140328 0.8243089
v 0.833753 1.108011 0.484917
vt 0.5937500 0.9687500
vn 0.2376304 0.5173864 0.8220969
v 0.830224 1.108570 0.484840
vt 0.5937500 0.9687500
vn 0.1181993 0.5519996 0.8254244
f 751/751/751 752/752/752 753/753/753
v 0.827673 1.086204 0.500463
vt 0.5937500 0.9687500
vn 0.2372377 0.5140291 0.8243133
v 0.830224 1.108570 0.484840
vt 0.5937500 0.9687500
vn 0.1182024 0.5519925 0.8254286
v 0.824171 1.086787 0.500218
vt 0.5937500 0.9687500
vn 0.1173697 0.5493507 0.8273078
f 754/754/754 755/755/755 756/756/756
v 0.850980 1.105278 0.485298
vt 0.7187500 0.9687500
vn 0.7630906 0.2230422 0.6065848
v 0.851242 1.106250 0.484674
vt 0.7187500 0.9687500
vn 0.7630939 0.2231009 0.6065590
v 0.834010 1.108939 0.484271
vt 0.7187500 0.9687500
vn 0.2376677 0.5174909 0.8220202
f 757/757/757 758/758/758 759/759/759
v 0.850980 1.105278 0.485298
vt 0.7187500 0.9687500
vn 0.7630851 0.2230554 0.6065867
v 0.834010 1.108939 0.484271
vt 0.7187500 0.9687500
vn 0.2376862 0.5174773 0.8220234
v 0.833753 1.108011 0.484917
vt 0.7187500 0.9687500
vn 0.2376581 0.5173898 0.8220867
f 760/760/760 761/761/761 762/762/762
v 0.833753 1.108011 0.484917
vt 0.5937500 0.9687500
vn 0.2376235 0.5174077 0.8220854
v 0.834010 1.108939 0.484271
vt 0.5937500 0.9687500
vn 0.2376525 0.5174919 0.8220240
v 0.830480 1.109489 0.484188
vt 0.5937500 0.9687500
vn 0.1182323 0.5521063 0.8253483
f 763/763/763 764/764/764 765/765/765
v 0.833753 1.108011 0.484917
vt 0.5937500 0.9687500
vn 0.2376365 0.5173878 0.8220941
v 0.830480 1.109489 0.484188
vt 0.5937500 0.9687500
vn 0.1182571 0.5521020 0.8253475
v 0.830224 1.108570 0.484840
vt 0.5937500 0.9687500
vn 0.1182229 0.5519917 0.8254262
f 766/766/766 767/767/767 768/768/768
v 0.851242 1.106250 0.484674
vt 0.7187500 0.9687500
vn 0.7630891 0.2230750 0.6065744
v 0.873464 1.185933 0.427822
vt 0.7187500 0.9687500
vn 0.7624976 0.2463631 0.5982497
v 0.855781 1.186869 0.428368
vt 0.7187500 0.9687500
vn 0.2399682 0.5292255 0.8138400
f 769/769/769 770/770/770 771/771/771
v 0.851242 1.106250 0.484674
vt 0.7187500 0.9687500
vn 0.7630994 0.2230226 0.6065807
v 0.855781 1.186869 0.428368
vt 0.7187500 0.9687500
vn 0.2399730 0.5292150 0.8138455
v 0.834010 1.108939 0.484271
vt 0.7187500 0.9687500
vn 0.2376705 0.5174971 0.8220155
f 772/772/772 773/773/773 774/774/774
v 0.834010 1.108939 0.484271
vt 0.5937500 0.9687500
vn 0.2376766 0.5174962 0.8220144
v 0.855781 1.186869 0.428368
vt 0.5937500 0.9687500
vn 0.2399464 0.5292226 0.8138484
v 0.852160 1.187061 0.428479
vt 0.5937500 0.9687500
vn 0.1213105 0.5615038 0.8185337
f 775/775/775 776/776/776 777/777/777
v 0.834010 1.108939 0.484271
vt 0.5937500 0.9687500
vn 0.2376566 0.5174996 0.8220179
v 0.852160 1.187061 0.428479
vt 0.5937500 0.9687500
vn 0.1212897 0.5615101 0.8185323
v 0.830480 1.109489 0.484188
vt 0.5937500 0.9687500
vn 0.1182560 0.5521019 0.8253477
f 778/778/778 779/779/779 780/780/780
v 0.873464 1.185933 0.427822
vt 0.7187500 0.9687500
vn 0.7624886 0.2463280 0.5982756
v 0.873883 1.187500 0.426840
vt 0.7187500 0.9687500
vn 0.7624872 0.2463962 0.5982492
v 0.856193 1.188346 0.427320
vt 0.7187500 0.9687500
vn 0.2400269 0.5293752 0.8137253
f 781/781/781 782/782/782 783/783/783
v 0.873464 1.185933 0.427822
vt 0.7187500 0.9687500
vn 0.7624885 0.2463874 0.5982512
v 0.856193 1.188346 0.427320
vt 0.7187500 0.9687500
vn 0.2400245 0.5293731 0.8137275
v 0.855781 1.186869 0.428368
vt 0.7187500 0.9687500
vn 0.2399586 0.5292382 0.8138348
f 784/784/784 785/785/785 786/786/786
v 0.855781 1.186869 0.428368
vt 0.5937500 0.9687500
vn 0.2399416 0.5292363 0.8138408
v 0.856193 1.188346 0.427320
vt 0.5937500 0.9687500
vn 0.2400292 0.5293709 0.8137274
v 0.852569 1.188520 0.427418
vt 0.5937500 0.9687500
vn 0.1213755 0.5616814 0.8184020
f 787/787/787 788/788/788 789/789/789
v 0.855781 1.186869 0.428368
vt 0.5937500 0.9687500
vn 0.2399596 0.5292311 0.8138390
v 0.852569 1.188520 0.427418
vt 0.5937500 0.9687500
vn 0.1213623 0.5616806 0.8184047
v 0.852160 1.187061 0.428479
vt 0.5937500 0.9687500
vn 0.1213099 0.5615005 0.8185359
f 790/790/790 791/791/791 792/792/792
v 0.873883 1.187500 0.426840
vt 0.7187500 0.9687500
vn 0.7624924 0.2463959 0.5982428
v 0.893127 1.255845 0.376648
vt 0.7187500 0.9687500
vn 0.2311573 0.5602906 0.7953872
v 0.875046 1.255262 0.378078
vt 0.7187500 0.9687500
vn 0.1423049 0.5686226 0.8101960
f 793/793/793 794/794/794 795/795/795
v 0.873883 1.187500 0.426840
vt 0.7187500 0.9687500
vn 0.7624989 0.2463495 0.5982536
v 0.875046 1.255262 0.378078
vt 0.7187500 0.9687500
vn 0.1423316 0.5686135 0.8101977
v 0.856193 1.188346 0.427320
vt 0.7187500 0.9687500
vn 0.2400137 0.5293683 0.8137337
f 796/796/796 797/797/797 798/798/798
v 0.856193 1.188346 0.427320
vt 0.5937500 0.9687500
vn 0.2400048 0.5293716 0.8137344
v 0.875046 1.255262 0.378078
vt 0.5937500 0.9687500
vn 0.1423083 0.5686217 0.8101962
v 0.871343 1.255143 0.378371
vt 0.5937500 0.9687500
vn 0.1239791 0.5697510 0.8124120
f 799/799/799 800/800/800 801/801/801
v 0.856193 1.188346 0.427320
vt 0.5937500 0.9687500
vn 0.2400104 0.5293723 0.8137321
v 0.871343 1.255143 0.378371
vt 0.5937500 0.9687500
vn 0.1239777 0.5697512 0.8124118
v 0.852569 1.188520 0.427418
vt 0.5937500 0.9687500
vn 0.1213590 0.5616865 0.8184010
f 802/802/802 803/803/803 804/804/804
v 0.893127 1.255845 0.376648
vt 0.7187500 0.9687500
vn 0.2311684 0.5602912 0.7953836
v 0.895762 1.267301 0.368939
vt 0.7187500 0.9687500
vn 0.7650682 0.2863729 0.5767679
v 0.877628 1.266208 0.370120
vt 0.7187500 0.9687500
vn 0.2428322 0.5440754 0.8031280
f 805/805/805 806/806/806 807/807/807
v 0.893127 1.255845 0.376648
vt 0.7187500 0.9687500
vn 0.2311797 0.5602869 0.7953833
v 0.877628 1.266208 0.370120
vt 0.7187500 0.9687500
vn 0.2428020 0.5440738 0.8031382
v 0.875046 1.255262 0.378078
vt 0.7187500 0.9687500
vn 0.1423138 0.5686260 0.8101920
f 808/808/808 809/809/809 810/810/810
v 0.875046 1.255262 0.378078
vt 0.5937500 0.9687500
vn 0.1423419 0.5686226 0.8101896
v 0.877628 1.266208 0.370120
vt 0.5937500 0.9687500
vn 0.2428088 0.5440742 0.8031359
v 0.873914 1.265984 0.370362
vt 0.5937500 0.9687500
vn 0.1243661 0.5710619 0.8114316
f 811/811/811 812/812/812 813/813/813
v 0.875046 1.255262 0.378078
vt 0.5937500 0.9687500
vn 0.1423324 0.5686188 0.8101940
v 0.873914 1.265984 0.370362
vt 0.5937500 0.9687500
vn 0.1243339 0.5710723 0.8114293
v 0.871343 1.255143 0.378371
vt 0.5937500 0.9687500
vn 0.1239705 0.5697558 0.8124098
f 814/814/814 815/815/815 816/816/816
v 0.895762 1.267301 0.368939
vt 0.7187500 0.9687500
vn 0.7650895 0.2864372 0.5767077
v 0.896090 1.268750 0.368008
vt 0.7187500 0.9687500
vn 0.7633305 0.2935836 0.5754436
v 0.877950 1.267576 0.369132
vt 0.7187500 0.9687500
vn 0.2424434 0.5452355 0.8024583
f 817/817/817 818/818/818 819/819/819
v 0.895762 1.267301 0.368939
vt 0.7187500 0.9687500
vn 0.7650900 0.2864494 0.5767009
v 0.877950 1.267576 0.369132
vt 0.7187500 0.9687500
vn 0.2424416 0.5452532 0.8024469
v 0.877628 1.266208 0.370120
vt 0.7187500 0.9687500
vn 0.2428368 0.5440773 0.8031252
f 820/820/820 821/821/821 822/822/822
v 0.877628 1.266208 0.370120
vt 0.5937500 0.9687500
vn 0.2428222 0.5440882 0.8031222
v 0.877950 1.267576 0.369132
vt 0.5937500 0.9687500
vn 0.2424638 0.5452508 0.8024418
v 0.874234 1.267335 0.369362
vt 0.5937500 0.9687500
vn 0.1243891 0.5712270 0.8113119
f 823/823/823 824/824/824 825/825/825
v 0.877628 1.266208 0.370120
vt 0.5937500 0.9687500
vn 0.2428188 0.5440669 0.8031378
v 0.874234 1.267335 0.369362
vt 0.5937500 0.9687500
vn 0.1243768 0.5712361 0.8113074
v 0.873914 1.265984 0.370362
vt 0.5937500 0.9687500
vn 0.1243338 0.5710728 0.8114289
f 826/826/826 827/827/827 828/828/828
v 0.896090 1.268750 0.368008
vt 0.7187500 0.9687500
vn 0.7633237 0.2935913 0.5754486
v 0.909681 1.323300 0.321632
vt 0.7187500 0.9687500
vn 0.2233313 0.6151165 0.7561448
v 0.891266 1.323083 0.326695
vt 0.7187500 0.9687500
vn 0.1428543 0.5848315 0.7984765
f 829/829/829 830/830/830 831/831/831
v 0.896090 1.268750 0.368008
vt 0.7187500 0.9687500
vn 0.7633270 0.2936145 0.5754324
v 0.891266 1.323083 0.326695
vt 0.7187500 0.9687500
vn 0.1428875 0.5848332 0.7984694
v 0.877950 1.267576 0.369132
vt 0.7187500 0.9687500
vn 0.2424605 0.5452556 0.8024396
f 832/832/832 833/833/833 834/834/834
v 0.877950 1.267576 0.369132
vt 0.5937500 0.9687500
vn 0.2424371 0.5452570 0.8024457
v 0.891266 1.323083 0.326695
vt 0.5937500 0.9687500
vn 0.1428744 0.5848342 0.7984710
v 0.887494 1.323038 0.327732
vt 0.5937500 0.9687500
vn 0.1262128 0.5779778 0.8062332
f 835/835/835 836/836/836 837/837/837
v 0.877950 1.267576 0.369132
vt 0.5937500 0.9687500
vn 0.2424383 0.5452589 0.8024440
v 0.887494 1.323038 0.327732
vt 0.5937500 0.9687500
vn 0.1262061 0.5779723 0.8062382
v 0.874234 1.267335 0.369362
vt 0.5937500 0.9687500
vn 0.1244049 0.5712240 0.8113116
f 838/838/838 839/839/839 840/840/840
v 0.909681 1.323300 0.321632
vt 0.7187500 0.9687500
vn 0.2233075 0.6151184 0.7561503
v 0.909604 1.323585 0.321565
vt 0.7187500 0.9687500
vn 0.2233239 0.6150988 0.7561613
v 0.891190 1.323315 0.326562
vt 0.7187500 0.9687500
vn 0.1428374 0.5848507 0.7984655
f 841/841/841 842/842/842 843/843/843
v 0.909681 1.323300 0.321632
vt 0.7187500 0.9687500
vn 0.2233247 0.6151241 0.7561404
v 0.891190 1.323315 0.326562
vt 0.7187500 0.9687500
vn 0.1428652 0.5848553 0.7984573
v 0.891266 1.323083 0.326695
vt 0.7187500 0.9687500
vn 0.1428723 0.5848286 0.7984754
f 844/844/844 845/845/845 846/846/846
v 0.891266 1.323083 0.326695
vt 0.5937500 0.9687500
vn 0.1428767 0.5848284 0.7984747
v 0.891190 1.323315 0.326562
vt 0.5937500 0.9687500
vn 0.1428529 0.5848660 0.7984514
v 0.887418 1.323260 0.327585
vt 0.5937500 0.9687500
vn 0.1262395 0.5779888 0.8062210
f 847/847/847 848/848/848 849/849/849
v 0.891266 1.323083 0.326695
vt 0.5937500 0.9687500
vn 0.1428701 0.5848323 0.7984731
v 0.887418 1.323260 0.327585
vt 0.5937500 0.9687500
vn 0.1262265 0.5779998 0.8062153
v 0.887494 1.323038 0.327732
vt 0.5937500 0.9687500
vn 0.1262376 0.5779719 0.8062335
f 850/850/850 851/851/851 852/852/852
v 0.909604 1.323585 0.321565
vt 0.7187500 0.9687500
vn 0.2233063 0.6150971 0.7561678
v 0.900200 1.350000 0.301682
vt 0.7187500 0.9687500
vn 0.5531254 0.6158949 0.5610041
v 0.881977 1.350064 0.308345
vt 0.7187500 0.9687500
vn 0.2012147 0.5975129 0.7762027
f 853/853/853 854/854/854 855/855/855
v 0.909604 1.323585 0.321565
vt 0.7187500 0.9687500
vn 0.2233221 0.6151085 0.7561539
v 0.881977 1.350064 0.308345
vt 0.7187500 0.9687500
vn 0.2012066 0.5975158 0.7762028
v 0.891190 1.323315 0.326562
vt 0.7187500 0.9687500
vn 0.1428407 0.5848482 0.7984668
f 856/856/856 857/857/857 858/858/858
v 0.891190 1.323315 0.326562
vt 0.5937500 0.9687500
vn 0.1428483 0.5848535 0.7984614
v 0.881977 1.350064 0.308345
vt 0.5937500 0.9687500
vn 0.2011878 0.5975130 0.7762098
v 0.878244 1.350077 0.309710
vt 0.5937500 0.9687500
vn 0.1249184 0.5812623 0.8040706
f 859/859/859 860/860/860 861/861/861
v 0.891190 1.323315 0.326562
vt 0.5937500 0.9687500
vn 0.1428412 0.5848526 0.7984635
v 0.878244 1.350077 0.309710
vt 0.5937500 0.9687500
vn 0.1249353 0.5812678 0.8040641
v 0.887418 1.323260 0.327585
vt 0.5937500 0.9687500
vn 0.1262007 0.5779934 0.8062239
f 862/862/862 863/863/863 864/864/864
v 0.900200 1.350000 0.301682
vt 0.7187500 0.9687500
vn 0.5531201 0.6159219 0.5609798
v 0.898127 1.356193 0.297836
vt 0.7187500 0.9687500
vn 0.5124971 0.6376774 0.5750778
v 0.879946 1.356016 0.304407
vt 0.7187500 0.9687500
vn 0.1934156 0.6002301 0.7760891
f 865/865/865 866/866/866 867/867/867
v 0.900200 1.350000 0.301682
vt 0.7187500 0.9687500
vn 0.5531564 0.6158808 0.5609891
v 0.879946 1.356016 0.304407
vt 0.7187500 0.9687500
vn 0.1933933 0.6002269 0.7760971
v 0.881977 1.350064 0.308345
vt 0.7187500 0.9687500
vn 0.2012113 0.5975133 0.7762036
f 868/868/868 869/869/869 870/870/870
v 0.881977 1.350064 0.308345
vt 0.5937500 0.9687500
vn 0.2011949 0.5975196 0.7762029
v 0.879946 1.356016 0.304407
vt 0.5937500 0.9687500
vn 0.1934021 0.6002352 0.7760885
v 0.876222 1.355979 0.305753
vt 0.5937500 0.9687500
vn 0.1246272 0.5819893 0.8035898
f 871/871/871 872/872/872 873/873/873
v 0.881977 1.350064 0.308345
vt 0.5937500 0.9687500
vn 0.2012008 0.5975163 0.7762039
v 0.876222 1.355979 0.305753
vt 0.5937500 0.9687500
vn 0.1246414 0.5819805 0.8035940
v 0.878244 1.350077 0.309710
vt 0.5937500 0.9687500
vn 0.1249356 0.5812604 0.8040693
f 874/874/874 875/875/875 876/876/876
v 0.898127 1.356193 0.297836
vt 0.7187500 0.9687500
vn 0.5125058 0.6376749 0.5750726
v 0.894279 1.367100 0.289839
vt 0.7187500 0.9687500
vn 0.4670229 0.6632678 0.5847780
v 0.876175 1.366954 0.296940
vt 0.7187500 0.9687500
vn 0.1846521 0.6042607 0.7750951
f 877/877/877 878/878/878 879/879/879
v 0.898127 1.356193 0.297836
vt 0.7187500 0.9687500
vn 0.5124987 0.6376714 0.5750829
v 0.876175 1.366954 0.296940
vt 0.7187500 0.9687500
vn 0.1846623 0.6042722 0.7750839
v 0.879946 1.356016 0.304407
vt 0.7187500 0.9687500
vn 0.1933983 0.6002302 0.7760933
f 880/880/880 881/881/881 882/882/882
v 0.879946 1.356016 0.304407
vt 0.5937500 0.9687500
vn 0.1933873 0.6002327 0.7760941
v 0.876175 1.366954 0.296940
vt 0.5937500 0.9687500
vn 0.1846594 0.6042719 0.7750847
v 0.872467 1.366924 0.298394
vt 0.5937500 0.9687500
vn 0.1241257 0.5833325 0.8026929
f 883/883/883 884/884/884 885/885/885
v 0.879946 1.356016 0.304407
vt 0.5937500 0.9687500
vn 0.1934099 0.6002315 0.7760894
v 0.872467 1.366924 0.298394
vt 0.5937500 0.9687500
vn 0.1241222 0.5833329 0.8026931
v 0.876222 1.355979 0.305753
vt 0.5937500 0.9687500
vn 0.1246388 0.5819787 0.8035955
f 886/886/886 887/887/887 888/888/888
v 0.894279 1.367100 0.289839
vt 0.7187500 0.9687500
vn 0.4670466 0.6632604 0.5847675
v 0.879519 1.380000 0.282966
vt 0.7187500 0.9687500
vn 0.3329283 0.7010867 0.6305840
v 0.861714 1.379498 0.290069
vt 0.7187500 0.9687500
vn 0.1589225 0.6083799 0.7775716
f 889/889/889 890/890/890 891/891/891
v 0.894279 1.367100 0.289839
vt 0.7187500 0.9687500
vn 0.4670377 0.6632543 0.5847816
v 0.861714 1.379498 0.290069
vt 0.7187500 0.9687500
vn 0.1589050 0.6083626 0.7775886
v 0.876175 1.366954 0.296940
vt 0.7187500 0.9687500
vn 0.1846420 0.6042638 0.7750952
f 892/892/892 893/893/893 894/894/894
v 0.876175 1.366954 0.296940
vt 0.5937500 0.9687500
vn 0.1846473 0.6042588 0.7750978
v 0.861714 1.379498 0.290069
vt 0.5937500 0.9687500
vn 0.1589148 0.6083812 0.7775722
v 0.858067 1.379396 0.291524
vt 0.5937500 0.9687500
vn 0.1220909 0.5848764 0.8018811
f 895/895/895 896/896/896 897/897/897
v 0.876175 1.366954 0.296940
vt 0.5937500 0.9687500
vn 0.1846411 0.6042590 0.7750993
v 0.858067 1.379396 0.291524
vt 0.5937500 0.9687500
vn 0.1221030 0.5848693 0.8018846
v 0.872467 1.366924 0.298394
vt 0.5937500 0.9687500
vn 0.1241220 0.5833347 0.8026920
f 898/898/898 899/899/899 900/900/900
v 0.879519 1.380000 0.282966
vt 0.7187500 0.9687500
vn 0.3329067 0.7010821 0.6306006
v 0.852034 1.405036 0.271646
vt 0.7187500 0.9687500
vn 0.3325246 0.8489444 0.4107561
v 0.834786 1.402962 0.277428
vt 0.7187500 0.9687500
vn 0.1577114 0.6443319 0.7483071
f 901/901/901 902/902/902 903/903/903
v 0.879519 1.380000 0.282966
vt 0.7187500 0.9687500
vn 0.3329257 0.7010943 0.6305770
v 0.834786 1.402962 0.277428
vt 0.7187500 0.9687500
vn 0.1577025 0.6443281 0.7483122
v 0.861714 1.379498 0.290069
vt 0.7187500 0.9687500
vn 0.1589110 0.6083775 0.7775759
f 904/904/904 905/905/905 906/906/906
v 0.861714 1.379498 0.290069
vt 0.5937500 0.9687500
vn 0.1588998 0.6083746 0.7775804
v 0.834786 1.402962 0.277428
vt 0.5937500 0.9687500
vn 0.1577218 0.6443170 0.7483177
v 0.831253 1.402537 0.278612
vt 0.5937500 0.9687500
vn 0.1183296 0.5877219 0.8003631
f 907/907/907 908/908/908 909/909/909
v 0.861714 1.379498 0.290069
vt 0.5937500 0.9687500
vn 0.1589060 0.6083838 0.7775719
v 0.831253 1.402537 0.278612
vt 0.5937500 0.9687500
vn 0.1183116 0.5877287 0.8003607
v 0.858067 1.379396 0.291524
vt 0.5937500 0.9687500
vn 0.1220728 0.5848553 0.8018992
f 910/910/910 911/911/911 912/912/912
v 0.852034 1.405036 0.271646
vt 0.7187500 0.9687500
vn 0.3325087 0.8489401 0.4107780
v 0.832931 1.409310 0.273364
vt 0.7187500 0.9687500
vn 0.1452280 0.6633755 0.7340584
v 0.816069 1.406386 0.278000
vt 0.7187500 0.9687500
vn 0.1208234 0.6013865 0.7897695
f 913/913/913 914/914/914 915/915/915
v 0.852034 1.405036 0.271646
vt 0.7187500 0.9687500
vn 0.3325488 0.8489144 0.4107985
v 0.816069 1.406386 0.278000
vt 0.7187500 0.9687500
vn 0.1208161 0.6014063 0.7897557
v 0.834786 1.402962 0.277428
vt 0.7187500 0.9687500
vn 0.1577142 0.6443415 0.7482982
f 916/916/916 917/917/917 918/918/918
v 0.834786 1.402962 0.277428
vt 0.5937500 0.9687500
vn 0.1577085 0.6443255 0.7483132
v 0.816069 1.406386 0.278000
vt 0.5937500 0.9687500
vn 0.1208141 0.6013784 0.7897772
v 0.812616 1.405787 0.278949
vt 0.5937500 0.9687500
vn 0.1156978 0.5881368 0.8004431
f 919/919/919 920/920/920 921/921/921
v 0.834786 1.402962 0.277428
vt 0.5937500 0.9687500
vn 0.1577106 0.6443154 0.7483215
v 0.812616 1.405787 0.278949
vt 0.5937500 0.9687500
vn 0.1156795 0.5881310 0.8004500
v 0.831253 1.402537 0.278612
vt 0.5937500 0.9687500
vn 0.1183201 0.5877111 0.8003724
f 922/922/922 923/923/923 924/924/924
v 0.832931 1.409310 0.273364
vt 0.7187500 0.9687500
vn 0.1452264 0.6634039 0.7340330
v 0.745018 1.425418 0.276089
vt 0.7187500 0.9687500
vn 0.0668256 0.6092979 0.7901205
v 0.729936 1.421231 0.279305
vt 0.7187500 0.9687500
vn 0.0973536 0.5933928 0.7990039
f 925/925/925 926/926/926 927/927/927
v 0.832931 1.409310 0.273364
vt 0.7187500 0.9687500
vn 0.1452268 0.6633757 0.7340586
v 0.729936 1.421231 0.279305
vt 0.7187500 0.9687500
vn 0.0973660 0.5933984 0.7989983
v 0.816069 1.406386 0.278000
vt 0.7187500 0.9687500
vn 0.1208089 0.6013972 0.7897636
f 928/928/928 929/929/929 930/930/930
v 0.816069 1.406386 0.278000
vt 0.5937500 0.9687500
vn 0.1208138 0.6013994 0.7897612
v 0.729936 1.421231 0.279305
vt 0.5937500 0.9687500
vn 0.0973775 0.5933915 0.7990019
v 0.726847 1.420374 0.279964
vt 0.5937500 0.9687500
vn 0.1036118 0.5900414 0.8006970
f 931/931/931 932/932/932 933/933/933
v 0.816069 1.406386 0.278000
vt 0.5937500 0.9687500
vn 0.1208171 0.6013956 0.7897635
v 0.726847 1.420374 0.279964
vt 0.5937500 0.9687500
vn 0.1036254 0.5900633 0.8006790
v 0.812616 1.405787 0.278949
vt 0.5937500 0.9687500
vn 0.1156965 0.5881299 0.8004482
f 934/934/934 935/935/935 936/936/936
v 0.745018 1.425418 0.276089
vt 0.7187500 0.9687500
vn 0.0668214 0.6092869 0.7901292
v 0.733779 1.427345 0.276245
vt 0.7187500 0.9687500
vn 0.0743931 0.6224884 0.7790852
v 0.718925 1.423070 0.279387
vt 0.7187500 0.9687500
vn 0.0973890 0.5958401 0.7971762
f 937/937/937 938/938/938 939/939/939
v 0.745018 1.425418 0.276089
vt 0.7187500 0.9687500
vn 0.0668137 0.6092840 0.7901322
v 0.718925 1.423070 0.279387
vt 0.7187500 0.9687500
vn 0.0973741 0.5958679 0.7971574
v 0.729936 1.421231 0.279305
vt 0.7187500 0.9687500
vn 0.0973731 0.5933974 0.7989982
f 940/940/940 941/941/941 942/942/942
v 0.729936 1.421231 0.279305
vt 0.5937500 0.9687500
vn 0.0973814 0.5934130 0.7989856
v 0.718925 1.423070 0.279387
vt 0.5937500 0.9687500
vn 0.0973785 0.5958464 0.7971728
v 0.715882 1.422195 0.280030
vt 0.5937500 0.9687500
vn 0.1020818 0.5902863 0.8007131
f 943/943/943 944/944/944 945/945/945
v 0.729936 1.421231 0.279305
vt 0.5937500 0.9687500
vn 0.0973700 0.5934059 0.7989923
v 0.715882 1.422195 0.280030
vt 0.5937500 0.9687500
vn 0.1020628 0.5902963 0.8007082
v 0.726847 1.420374 0.279964
vt 0.5937500 0.9687500
vn 0.1036197 0.5900381 0.8006985
f 946/946/946 947/947/947 948/948/948
v 0.733779 1.427345 0.276245
vt 0.7187500 0.9687500
vn 0.0744035 0.6225026 0.7790729
v 0.720260 1.429518 0.276221
vt 0.7187500 0.9687500
vn 0.0900407 0.6302239 0.7711747
v 0.705679 1.425247 0.279433
vt 0.7187500 0.9687500
vn 0.0985124 0.5974399 0.7958397
f 949/949/949 950/950/950 951/951/951
v 0.733779 1.427345 0.276245
vt 0.7187500 0.9687500
vn 0.0743817 0.6224788 0.7790939
v 0.705679 1.425247 0.279433
vt 0.7187500 0.9687500
vn 0.0985109 0.5974287 0.7958483
v 0.718925 1.423070 0.279387
vt 0.7187500 0.9687500
vn 0.0973860 0.5958618 0.7971603
f 952/952/952 953/953/953 954/954/954
v 0.718925 1.423070 0.279387
vt 0.5937500 0.9687500
vn 0.0973769 0.5958531 0.7971680
v 0.705679 1.425247 0.279433
vt 0.5937500 0.9687500
vn 0.0984977 0.5974233 0.7958541
v 0.702693 1.424372 0.280090
vt 0.5937500 0.9687500
vn 0.1002005 0.5905577 0.8007506
f 955/955/955 956/956/956 957/957/957
v 0.718925 1.423070 0.279387
vt 0.5937500 0.9687500
vn 0.0973614 0.5958536 0.7971696
v 0.702693 1.424372 0.280090
vt 0.5937500 0.9687500
vn 0.1002219 0.5905756 0.8007348
v 0.715882 1.422195 0.280030
vt 0.5937500 0.9687500
vn 0.1020805 0.5903078 0.8006973
f 958/958/958 959/959/959 960/960/960
v 0.720260 1.429518 0.276221
vt 0.7187500 0.9687500
vn 0.0900355 0.6302366 0.7711650
v 0.704044 1.431250 0.276796
vt 0.7187500 0.9687500
vn 0.0902298 0.5295994 0.8434352
v 0.689791 1.427001 0.280079
vt 0.7187500 0.9687500
vn 0.0966940 0.5806531 0.8083887
f 961/961/961 962/962/962 963/963/963
v 0.720260 1.429518 0.276221
vt 0.7187500 0.9687500
vn 0.0900267 0.6302267 0.7711741
v 0.689791 1.427001 0.280079
vt 0.7187500 0.9687500
vn 0.0966811 0.5806352 0.8084030
v 0.705679 1.425247 0.279433
vt 0.7187500 0.9687500
vn 0.0984966 0.5974327 0.7958471
f 964/964/964 965/965/965 966/966/966
v 0.705679 1.425247 0.279433
vt 0.5937500 0.9687500
vn 0.0985032 0.5974120 0.7958618
v 0.689791 1.427001 0.280079
vt 0.5937500 0.9687500
vn 0.0966896 0.5806541 0.8083884
v 0.686872 1.426130 0.280751
vt 0.5937500 0.9687500
vn 0.0979660 0.5908021 0.8008468
f 967/967/967 968/968/968 969/969/969
v 0.705679 1.425247 0.279433
vt 0.5937500 0.9687500
vn 0.0984879 0.5974455 0.7958386
v 0.686872 1.426130 0.280751
vt 0.5937500 0.9687500
vn 0.0979756 0.5908027 0.8008452
v 0.702693 1.424372 0.280090
vt 0.5937500 0.9687500
vn 0.1002080 0.5905557 0.8007511
f 970/970/970 971/971/971 972/972/972
v 0.704044 1.431250 0.276796
vt 0.7187500 0.9687500
vn 0.0902252 0.5296069 0.8434309
v 0.631537 1.438364 0.278450
vt 0.7187500 0.9687500
vn 0.0743946 0.4816324 0.8732098
v 0.618752 1.434528 0.282510
vt 0.7187500 0.9687500
vn 0.0857691 0.5737969 0.8144941
f 973/973/973 974/974/974 975/975/975
v 0.704044 1.431250 0.276796
vt 0.7187500 0.9687500
vn 0.0902231 0.5295819 0.8434469
v 0.618752 1.434528 0.282510
vt 0.7187500 0.9687500
vn 0.0857705 0.5738159 0.8144805
v 0.689791 1.427001 0.280079
vt 0.7187500 0.9687500
vn 0.0966961 0.5806369 0.8084000
f 976/976/976 977/977/977 978/978/978
v 0.689791 1.427001 0.280079
vt 0.5937500 0.9687500
vn 0.0966949 0.5806388 0.8083988
v 0.618752 1.434528 0.282510
vt 0.5937500 0.9687500
vn 0.0857537 0.5738273 0.8144745
v 0.616134 1.433742 0.283342
vt 0.5937500 0.9687500
vn 0.0879646 0.5918236 0.8012534
f 979/979/979 980/980/980 981/981/981
v 0.689791 1.427001 0.280079
vt 0.5937500 0.9687500
vn 0.0966848 0.5806545 0.8083887
v 0.616134 1.433742 0.283342
vt 0.5937500 0.9687500
vn 0.0879553 0.5918352 0.8012459
v 0.686872 1.426130 0.280751
vt 0.5937500 0.9687500
vn 0.0979651 0.5907964 0.8008511
f 982/982/982 983/983/983 984/984/984
v 0.631537 1.438364 0.278450
vt 0.7187500 0.9687500
vn 0.0744011 0.4816425 0.8732039
v 0.539592 1.447995 0.281435
vt 0.7187500 0.9687500
vn 0.0587754 0.4036018 0.9130450
v 0.528669 1.443690 0.285036
vt 0.7187500 0.9687500
vn 0.0726822 0.5627778 0.8234067
f 985/985/985 986/986/986 987/987/987
v 0.631537 1.438364 0.278450
vt 0.7187500 0.9687500
vn 0.0743913 0.4816565 0.8731971
v 0.528669 1.443690 0.285036
vt 0.7187500 0.9687500
vn 0.0726884 0.5627932 0.8233957
v 0.618752 1.434528 0.282510
vt 0.7187500 0.9687500
vn 0.0857642 0.5738117 0.8144845
f 988/988/988 989/989/989 990/990/990
v 0.618752 1.434528 0.282510
vt 0.5937500 0.9687500
vn 0.0857680 0.5738022 0.8144906
v 0.528669 1.443690 0.285036
vt 0.5937500 0.9687500
vn 0.0726851 0.5627980 0.8233926
v 0.526431 1.442808 0.285774
vt 0.5937500 0.9687500
vn 0.0752400 0.5930406 0.8016495
f 991/991/991 992/992/992 993/993/993
v 0.618752 1.434528 0.282510
vt 0.5937500 0.9687500
vn 0.0857665 0.5738056 0.8144884
v 0.526431 1.442808 0.285774
vt 0.5937500 0.9687500
vn 0.0752412 0.5930434 0.8016472
v 0.616134 1.433742 0.283342
vt 0.5937500 0.9687500
vn 0.0879751 0.5918499 0.8012329
f 994/994/994 995/995/995 996/996/996
v 0.539592 1.447995 0.281435
vt 0.7187500 0.9687500
vn 0.0587902 0.4035973 0.9130461
v 0.528575 1.449049 0.281647
vt 0.7187500 0.9687500
vn 0.0509637 0.4037869 0.9134325
v 0.517875 1.444734 0.285261
vt 0.7187500 0.9687500
vn 0.0700780 0.5629221 0.8235338
f 997/997/997 998/998/998 999/999/999
v 0.539592 1.447995 0.281435
vt 0.7187500 0.9687500
vn 0.0587903 0.4036257 0.9130334
v 0.517875 1.444734 0.285261
vt 0.7187500 0.9687500
vn 0.0700808 0.5629418 0.8235200
v 0.528669 1.443690 0.285036
vt 0.7187500 0.9687500
vn 0.0726855 0.5627814 0.8234038
f 1000/1000/1000 1001/1001/1001 1002/1002/1002
v 0.528669 1.443690 0.285036
vt 0.5937500 0.9687500
vn 0.0726856 0.5627795 0.8234052
v 0.517875 1.444734 0.285261
vt 0.5937500 0.9687500
vn 0.0700810 0.5629384 0.8235224
v 0.515683 1.443851 0.286001
vt 0.5937500 0.9687500
vn 0.0737048 0.5931902 0.8016815
f 1003/1003/1003 1004/1004/1004 1005/1005/1005
v 0.528669 1.443690 0.285036
vt 0.5937500 0.9687500
vn 0.0726876 0.5627685 0.8234125
v 0.515683 1.443851 0.286001
vt 0.5937500 0.9687500
vn 0.0737127 0.5932065 0.8016685
v 0.526431 1.442808 0.285774
vt 0.5937500 0.9687500
vn 0.0752366 0.5930585 0.8016365
f 1006/1006/1006 1007/1007/1007 1008/1008/1008
v 0.528575 1.449049 0.281647
vt 0.7187500 0.9687500
vn 0.0509767 0.4038045 0.9134239
v 0.518682 1.450000 0.281844
vt 0.7187500 0.9687500
vn 0.0511256 0.3971990 0.9163073
v 0.508182 1.445666 0.285454
vt 0.7187500 0.9687500
vn 0.0689824 0.5620453 0.8242248
f 1009/1009/1009 1010/1010/1010 1011/1011/1011
v 0.528575 1.449049 0.281647
vt 0.7187500 0.9687500
vn 0.0509647 0.4037989 0.9134272
v 0.508182 1.445666 0.285454
vt 0.7187500 0.9687500
vn 0.0689818 0.5620343 0.8242323
v 0.517875 1.444734 0.285261
vt 0.7187500 0.9687500
vn 0.0700810 0.5629466 0.8235168
f 1012/1012/1012 1013/1013/1013 1014/1014/1014
v 0.517875 1.444734 0.285261
vt 0.5937500 0.9687500
vn 0.0700810 0.5629244 0.8235318
v 0.508182 1.445666 0.285454
vt 0.5937500 0.9687500
vn 0.0689835 0.5620516 0.8242204
v 0.506031 1.444778 0.286193
vt 0.5937500 0.9687500
vn 0.0723379 0.5933203 0.8017097
f 1015/1015/1015 1016/1016/1016 1017/1017/1017
v 0.517875 1.444734 0.285261
vt 0.5937500 0.9687500
vn 0.0700812 0.5629192 0.8235356
v 0.506031 1.444778 0.286193
vt 0.5937500 0.9687500
vn 0.0723330 0.5933159 0.8017133
v 0.515683 1.443851 0.286001
vt 0.5937500 0.9687500
vn 0.0737028 0.5931842 0.8016860
f 1018/1018/1018 1019/1019/1019 1020/1020/1020
v 0.518682 1.450000 0.281844
vt 0.7187500 0.9687500
vn 0.0511162 0.3972112 0.9163027
v 0.424142 1.458298 0.282577
vt 0.7187500 0.9687500
vn 0.0511351 0.3972110 0.9163016
v 0.415556 1.454119 0.286642
vt 0.7187500 0.9687500
vn 0.0580335 0.5629779 0.8244320
f 1021/1021/1021 1022/1022/1022 1023/1023/1023
v 0.518682 1.450000 0.281844
vt 0.7187500 0.9687500
vn 0.0511303 0.3972033 0.9163052
v 0.415556 1.454119 0.286642
vt 0.7187500 0.9687500
vn 0.0580395 0.5629814 0.8244292
v 0.508182 1.445666 0.285454
vt 0.7187500 0.9687500
vn 0.0689743 0.5620342 0.8242331
f 1024/1024/1024 1025/1025/1025 1026/1026/1026
v 0.508182 1.445666 0.285454
vt 0.5937500 0.9687500
vn 0.0689817 0.5620498 0.8242217
v 0.415556 1.454119 0.286642
vt 0.5937500 0.9687500
vn 0.0580362 0.5629818 0.8244290
v 0.413797 1.453263 0.287475
vt 0.5937500 0.9687500
vn 0.0591977 0.5944336 0.8019627
f 1027/1027/1027 1028/1028/1028 1029/1029/1029
v 0.508182 1.445666 0.285454
vt 0.5937500 0.9687500
vn 0.0689880 0.5620602 0.8242141
v 0.413797 1.453263 0.287475
vt 0.5937500 0.9687500
vn 0.0591942 0.5944537 0.8019481
v 0.506031 1.444778 0.286193
vt 0.5937500 0.9687500
vn 0.0723331 0.5933254 0.8017063
f 1030/1030/1030 1031/1031/1031 1032/1032/1032
v 0.424142 1.458298 0.282577
vt 0.7187500 0.9687500
vn 0.0511397 0.3971915 0.9163098
v 0.407957 1.459481 0.282358
vt 0.7187500 0.9687500
vn 0.3254426 0.9449037 0.0352750
v 0.399698 1.455468 0.286703
vt 0.7187500 0.9687500
vn 0.1087698 0.6935891 0.7121119
f 1033/1033/1033 1034/1034/1034 1035/1035/1035
v 0.424142 1.458298 0.282577
vt 0.7187500 0.9687500
vn 0.0511297 0.3972115 0.9163017
v 0.399698 1.455468 0.286703
vt 0.7187500 0.9687500
vn 0.1087680 0.6935940 0.7121074
v 0.415556 1.454119 0.286642
vt 0.7187500 0.9687500
vn 0.0580447 0.5629801 0.8244297
f 1036/1036/1036 1037/1037/1037 1038/1038/1038
v 0.415556 1.454119 0.286642
vt 0.5937500 0.9687500
vn 0.0580475 0.5629992 0.8244163
v 0.399698 1.455468 0.286703
vt 0.5937500 0.9687500
vn 0.1087770 0.6935952 0.7121047
v 0.398007 1.454646 0.287593
vt 0.5937500 0.9687500
vn 0.0569492 0.5946268 0.8019823
f 1039/1039/1039 1040/1040/1040 1041/1041/1041
v 0.415556 1.454119 0.286642
vt 0.5937500 0.9687500
vn 0.0580348 0.5629678 0.8244388
v 0.398007 1.454646 0.287593
vt 0.5937500 0.9687500
vn 0.0569499 0.5946292 0.8019806
v 0.413797 1.453263 0.287475
vt 0.5937500 0.9687500
vn 0.0591981 0.5944323 0.8019637
f 1042/1042/1042 1043/1043/1043 1044/1044/1044
v 0.407957 1.459481 0.282358
vt 0.7187500 0.9687500
vn 0.3253688 0.9449290 0.0352752
v 0.349138 1.464077 0.281988
vt 0.7187500 0.9687500
vn -0.0039147 0.4889783 0.8722872
v 0.342070 1.460279 0.286790
vt 0.7187500 0.9687500
vn 0.0398596 0.5779786 0.8150779
f 1045/1045/1045 1046/1046/1046 1047/1047/1047
v 0.407957 1.459481 0.282358
vt 0.7187500 0.9687500
vn 0.3254140 0.9449123 0.0353059
v 0.342070 1.460279 0.286790
vt 0.7187500 0.9687500
vn 0.0398527 0.5779817 0.8150761
v 0.399698 1.455468 0.286703
vt 0.7187500 0.9687500
vn 0.1087536 0.6935901 0.7121134
f 1048/1048/1048 1049/1049/1049 1050/1050/1050
v 0.399698 1.455468 0.286703
vt 0.5937500 0.9687500
vn 0.1087828 0.6935797 0.7121189
v 0.342070 1.460279 0.286790
vt 0.5937500 0.9687500
vn 0.0398554 0.5779672 0.8150861
v 0.340622 1.459501 0.287773
vt 0.5937500 0.9687500
vn 0.0487440 0.5952817 0.8020372
f 1051/1051/1051 1052/1052/1052 1053/1053/1053
v 0.399698 1.455468 0.286703
vt 0.5937500 0.9687500
vn 0.1087671 0.6935891 0.7121124
v 0.340622 1.459501 0.287773
vt 0.5937500 0.9687500
vn 0.0487658 0.5952839 0.8020343
v 0.398007 1.454646 0.287593
vt 0.5937500 0.9687500
vn 0.0569447 0.5946300 0.8019803
f 1054/1054/1054 1055/1055/1055 1056/1056/1056
v 0.349138 1.464077 0.281988
vt 0.7187500 0.9687500
vn -0.0038962 0.4889587 0.8722983
v 0.318776 1.465404 0.282699
vt 0.7187500 0.9687500
vn 0.0431411 0.4039278 0.9137731
v 0.312323 1.461604 0.287524
vt 0.7187500 0.9687500
vn 0.0444587 0.5648453 0.8239983
f 1057/1057/1057 1058/1058/1058 1059/1059/1059
v 0.349138 1.464077 0.281988
vt 0.7187500 0.9687500
vn -0.0039271 0.4889501 0.8723028
v 0.312323 1.461604 0.287524
vt 0.7187500 0.9687500
vn 0.0444227 0.5648773 0.8239783
v 0.342070 1.460279 0.286790
vt 0.7187500 0.9687500
vn 0.0398613 0.5779560 0.8150938
f 1060/1060/1060 1061/1061/1061 1062/1062/1062
v 0.342070 1.460279 0.286790
vt 0.5937500 0.9687500
vn 0.0398357 0.5779879 0.8150724
v 0.312323 1.461604 0.287524
vt 0.5937500 0.9687500
vn 0.0444361 0.5648706 0.8239821
v 0.311001 1.460826 0.288512
vt 0.5937500 0.9687500
vn 0.0445085 0.5954698 0.8021437
f 1063/1063/1063 1064/1064/1064 1065/1065/1065
v 0.342070 1.460279 0.286790
vt 0.5937500 0.9687500
vn 0.0398488 0.5779725 0.8150827
v 0.311001 1.460826 0.288512
vt 0.5937500 0.9687500
vn 0.0445175 0.5954498 0.8021581
v 0.340622 1.459501 0.287773
vt 0.5937500 0.9687500
vn 0.0487576 0.5952602 0.8020524
f 1066/1066/1066 1067/1067/1067 1068/1068/1068
v 0.318776 1.465404 0.282699
vt 0.7187500 0.9687500
vn 0.0431536 0.4039382 0.9137678
v 0.290504 1.466478 0.283126
vt 0.7187500 0.9687500
vn 0.0353170 0.4200233 0.9068259
v 0.284624 1.462758 0.288090
vt 0.7187500 0.9687500
vn 0.0398029 0.5674370 0.8224544
f 1069/1069/1069 1070/1070/1070 1071/1071/1071
v 0.318776 1.465404 0.282699
vt 0.7187500 0.9687500
vn 0.0431320 0.4039222 0.9137759
v 0.284624 1.462758 0.288090
vt 0.7187500 0.9687500
vn 0.0398153 0.5674467 0.8224469
v 0.312323 1.461604 0.287524
vt 0.7187500 0.9687500
vn 0.0444571 0.5648639 0.8239857
f 1072/1072/1072 1073/1073/1073 1074/1074/1074
v 0.312323 1.461604 0.287524
vt 0.5937500 0.9687500
vn 0.0444583 0.5648439 0.8239993
v 0.284624 1.462758 0.288090
vt 0.5937500 0.9687500
vn 0.0398065 0.5674312 0.8224580
v 0.283419 1.461996 0.289106
vt 0.5937500 0.9687500
vn 0.0405843 0.5956213 0.8022394
f 1075/1075/1075 1076/1076/1076 1077/1077/1077
v 0.312323 1.461604 0.287524
vt 0.5937500 0.9687500
vn 0.0444641 0.5648723 0.8239795
v 0.283419 1.461996 0.289106
vt 0.5937500 0.9687500
vn 0.0405663 0.5956315 0.8022328
v 0.311001 1.460826 0.288512
vt 0.5937500 0.9687500
vn 0.0445242 0.5954638 0.8021474
f 1078/1078/1078 1079/1079/1079 1080/1080/1080
v 0.290504 1.466478 0.283126
vt 0.7187500 0.9687500
vn 0.0353147 0.4200459 0.9068155
v 0.212730 1.469214 0.283983
vt 0.7187500 0.9687500
vn 0.0274838 0.4201275 0.9070488
v 0.208424 1.465631 0.289207
vt 0.7187500 0.9687500
vn 0.0294612 0.5677814 0.8226521
f 1081/1081/1081 1082/1082/1082 1083/1083/1083
v 0.290504 1.466478 0.283126
vt 0.7187500 0.9687500
vn 0.0353413 0.4200597 0.9068081
v 0.208424 1.465631 0.289207
vt 0.7187500 0.9687500
vn 0.0294110 0.5677903 0.8226476
v 0.284624 1.462758 0.288090
vt 0.7187500 0.9687500
vn 0.0398071 0.5674633 0.8224359
f 1084/1084/1084 1085/1085/1085 1086/1086/1086
v 0.284624 1.462758 0.288090
vt 0.5937500 0.9687500
vn 0.0397970 0.5674642 0.8224357
v 0.208424 1.465631 0.289207
vt 0.5937500 0.9687500
vn 0.0294325 0.5677834 0.8226516
v 0.207541 1.464896 0.290277
vt 0.5937500 0.9687500
vn 0.0297413 0.5960255 0.8024145
f 1087/1087/1087 1088/1088/1088 1089/1089/1089
v 0.284624 1.462758 0.288090
vt 0.5937500 0.9687500
vn 0.0397957 0.5674390 0.8224533
v 0.207541 1.464896 0.290277
vt 0.5937500 0.9687500
vn 0.0297143 0.5960153 0.8024231
v 0.283419 1.461996 0.289106
vt 0.5937500 0.9687500
vn 0.0405867 0.5955990 0.8022559
f 1090/1090/1090 1091/1091/1091 1092/1092/1092
v 0.212730 1.469214 0.283983
vt 0.7187500 0.9687500
vn 0.0275113 0.4201506 0.9070373
v 0.177412 1.470563 0.284527
vt 0.7187500 0.9687500
vn 0.0195751 0.4266526 0.9042037
v 0.173821 1.466825 0.289555
vt 0.7187500 0.9687500
vn 0.0239651 0.5689186 0.8220445
f 1093/1093/1093 1094/1094/1094 1095/1095/1095
v 0.212730 1.469214 0.283983
vt 0.7187500 0.9687500
vn 0.0274958 0.4201412 0.9070421
v 0.173821 1.466825 0.289555
vt 0.7187500 0.9687500
vn 0.0239950 0.5689343 0.8220329
v 0.208424 1.465631 0.289207
vt 0.7187500 0.9687500
vn 0.0294417 0.5677887 0.8226477
f 1096/1096/1096 1097/1097/1097 1098/1098/1098
v 0.208424 1.465631 0.289207
vt 0.5937500 0.9687500
vn 0.0294201 0.5677826 0.8226528
v 0.173821 1.466825 0.289555
vt 0.5937500 0.9687500
vn 0.0239810 0.5689296 0.8220366
v 0.173085 1.466059 0.290585
vt 0.5937500 0.9687500
vn 0.0247980 0.5961797 0.8024681
f 1099/1099/1099 1100/1100/1100 1101/1101/1101
v 0.208424 1.465631 0.289207
vt 0.5937500 0.9687500
vn 0.0294611 0.5678015 0.8226382
v 0.173085 1.466059 0.290585
vt 0.5937500 0.9687500
vn 0.0247925 0.5961740 0.8024724
v 0.207541 1.464896 0.290277
vt 0.5937500 0.9687500
vn 0.0297443 0.5960032 0.8024309
f 1102/1102/1102 1103/1103/1103 1104/1104/1104
v 0.177412 1.470563 0.284527
vt 0.7187500 0.9687500
vn 0.0195856 0.4266617 0.9041994
v 0.106473 1.473073 0.285327
vt 0.7187500 0.9687500
vn 0.0117728 0.3881892 0.9215046
v 0.104317 1.468948 0.289851
vt 0.7187500 0.9687500
vn 0.0143996 0.5633280 0.8261080
f 1105/1105/1105 1106/1106/1106 1107/1107/1107
v 0.177412 1.470563 0.284527
vt 0.7187500 0.9687500
vn 0.0195762 0.4266789 0.9041913
v 0.104317 1.468948 0.289851
vt 0.7187500 0.9687500
vn 0.0143876 0.5633441 0.8260970
v 0.173821 1.466825 0.289555
vt 0.7187500 0.9687500
vn 0.0239894 0.5689136 0.8220472
f 1108/1108/1108 1109/1109/1109 1110/1110/1110
v 0.173821 1.466825 0.289555
vt 0.5937500 0.9687500
vn 0.0239634 0.5689436 0.8220274
v 0.104317 1.468948 0.289851
vt 0.5937500 0.9687500
vn 0.0144168 0.5633162 0.8261156
v 0.103876 1.468103 0.290777
vt 0.5937500 0.9687500
vn 0.0148827 0.5964451 0.8025159
f 1111/1111/1111 1112/1112/1112 1113/1113/1113
v 0.173821 1.466825 0.289555
vt 0.5937500 0.9687500
vn 0.0239940 0.5689358 0.8220318
v 0.103876 1.468103 0.290777
vt 0.5937500 0.9687500
vn 0.0149091 0.5964382 0.8025205
v 0.173085 1.466059 0.290585
vt 0.5937500 0.9687500
vn 0.0248049 0.5961825 0.8024657
f 1114/1114/1114 1115/1115/1115 1116/1116/1116
v 0.106473 1.473073 0.285327
vt 0.7187500 0.9687500
vn 0.0117838 0.3882091 0.9214960
v 0.064000 1.474703 0.285993
vt 0.7187500 0.9687500
vn 0.0039244 0.4361553 0.8998629
v 0.062705 1.470086 0.289834
vt 0.7187500 0.9687500
vn 0.0081159 0.5707291 0.8210984
f 1117/1117/1117 1118/1118/1118 1119/1119/1119
v 0.106473 1.473073 0.285327
vt 0.7187500 0.9687500
vn 0.0117864 0.3882181 0.9214921
v 0.062705 1.470086 0.289834
vt 0.7187500 0.9687500
vn 0.0081226 0.5707463 0.8210862
v 0.104317 1.468948 0.289851
vt 0.7187500 0.9687500
vn 0.0144161 0.5633457 0.8260954
f 1120/1120/1120 1121/1121/1121 1122/1122/1122
v 0.104317 1.468948 0.289851
vt 0.5937500 0.9687500
vn 0.0144110 0.5633315 0.8261052
v 0.062705 1.470086 0.289834
vt 0.5937500 0.9687500
vn 0.0081139 0.5707341 0.8210948
v 0.062439 1.469140 0.290621
vt 0.5937500 0.9687500
vn 0.0089473 0.5965882 0.8024976
f 1123/1123/1123 1124/1124/1124 1125/1125/1125
v 0.104317 1.468948 0.289851
vt 0.5937500 0.9687500
vn 0.0144046 0.5633400 0.8260995
v 0.062439 1.469140 0.290621
vt 0.5937500 0.9687500
vn 0.0089482 0.5965617 0.8025173
v 0.103876 1.468103 0.290777
vt 0.5937500 0.9687500
vn 0.0148801 0.5964562 0.8025076
f 1126/1126/1126 1127/1127/1127 1128/1128/1128
v 0.064000 1.474703 0.285993
vt 0.7187500 0.9687500
vn 0.0039374 0.4361762 0.8998528
v -0.000000 1.476978 0.286732
vt 0.7187500 0.9687500
vn -0.0039139 0.4043278 0.9146059
v -0.000000 1.471551 0.289447
vt 0.7187500 0.9687500
vn -0.0006653 0.5660124 0.8243966
f 1129/1129/1129 1130/1130/1130 1131/1131/1131
v 0.064000 1.474703 0.285993
vt 0.7187500 0.9687500
vn 0.0039310 0.4361871 0.8998474
v -0.000000 1.471551 0.289447
vt 0.7187500 0.9687500
vn -0.0006678 0.5659988 0.8244058
v 0.062705 1.470086 0.289834
vt 0.7187500 0.9687500
vn 0.0081188 0.5707124 0.8211100
f 1132/1132/1132 1133/1133/1133 1134/1134/1134
v 0.062705 1.470086 0.289834
vt 0.5937500 0.9687500
vn 0.0081122 0.5707429 0.8210888
v -0.000000 1.471551 0.289447
vt 0.5937500 0.9687500
vn -0.0006713 0.5660002 0.8244049
v -0.000000 1.470440 0.290003
vt 0.5937500 0.9687500
vn 0.0000076 0.5967310 0.8024413
f 1135/1135/1135 1136/1136/1136 1137/1137/1137
v 0.062705 1.470086 0.289834
vt 0.5937500 0.9687500
vn 0.0081186 0.5707197 0.8211048
v -0.000000 1.470440 0.290003
vt 0.5937500 0.9687500
vn 0.0000046 0.5967582 0.8024211
v 0.062439 1.469140 0.290621
vt 0.5937500 0.9687500
vn 0.0089473 0.5965720 0.8025097
f 1138/1138/1138 1139/1139/1139 1140/1140/1140
v -0.000000 1.476978 0.286732
vt 0.7187500 0.9687500
vn -0.0039424 0.4042625 0.9146345
v -0.000000 1.476978 0.286732
vt 0.7187500 0.9687500
vn -0.0039198 0.4043069 0.9146150
v -0.000000 1.471551 0.289447
vt 0.7187500 0.9687500
vn -0.0006745 0.5660574 0.8243655
f 1141/1141/1141 1142/1142/1142 1143/1143/1143
v -0.000000 1.476978 0.286732
vt 0.7187500 0.9687500
vn -0.0039497 0.4043005 0.9146177
v -0.000000 1.471551 0.289447
vt 0.7187500 0.9687500
vn -0.0006510 0.5659943 0.8244089
v -0.000000 1.471551 0.289447
vt 0.7187500 0.9687500
vn -0.0006781 0.5660223 0.8243897
f 1144/1144/1144 1145/1145/1145 1146/1146/1146
v -0.000000 1.471551 0.289447
vt 0.5937500 0.9687500
vn -0.0006975 0.5660308 0.8243839
v -0.000000 1.471551 0.289447
vt 0.5937500 0.9687500
vn -0.0006780 0.5660197 0.8243916
v -0.000000 1.470440 0.290003
vt 0.5937500 0.9687500
vn -0.0000070 0.5967277 0.8024439
f 1147/1147/1147 1148/1148/1148 1149/1149/1149
v -0.000000 1.471551 0.289447
vt 0.5937500 0.9687500
vn -0.0006602 0.5660204 0.8243910
v -0.000000 1.470440 0.290003
vt 0.5937500 0.9687500
vn -0.0000107 0.5967440 0.8024317
v -0.000000 1.470440 0.290003
vt 0.5937500 0.9687500
vn 0.0000001 0.5967441 0.8024317
f 1150/1150/1150 1151/1151/1151 1152/1152/1152
v -0.000000 1.476978 0.286732
vt 0.7187500 0.9687500
vn -0.0039120 0.4043131 0.9146122
v -0.063957 1.474704 0.285993
vt 0.7187500 0.9687500
vn -0.0039158 0.4425036 0.8967581
v -0.062662 1.470087 0.289834
vt 0.7187500 0.9687500
vn -0.0080994 0.5716913 0.8204288
f 1153/1153/1153 1154/1154/1154 1155/1155/1155
v -0.000000 1.476978 0.286732
vt 0.7187500 0.9687500
vn -0.0039261 0.4042933 0.9146209
v -0.062662 1.470087 0.289834
vt 0.7187500 0.9687500
vn -0.0081165 0.5716940 0.8204267
v -0.000000 1.471551 0.289447
vt 0.7187500 0.9687500
vn -0.0006745 0.5660081 0.8243993
f 1156/1156/1156 1157/1157/1157 1158/1158/1158
v -0.000000 1.471551 0.289447
vt 0.5937500 0.9687500
vn -0.0006664 0.5660270 0.8243864
v -0.062662 1.470087 0.289834
vt 0.5937500 0.9687500
vn -0.0081088 0.5716906 0.8204291
v -0.062397 1.469141 0.290621
vt 0.5937500 0.9687500
vn -0.0089410 0.5965748 0.8025076
f 1159/1159/1159 1160/1160/1160 1161/1161/1161
v -0.000000 1.471551 0.289447
vt 0.5937500 0.9687500
vn -0.0006628 0.5660153 0.8243944
v -0.062397 1.469141 0.290621
vt 0.5937500 0.9687500
vn -0.0089553 0.5965967 0.8024912
v -0.000000 1.470440 0.290003
vt 0.5937500 0.9687500
vn -0.0004494 0.5967440 0.8024315
f 1162/1162/1162 1163/1163/1163 1164/1164/1164
v -0.063957 1.474704 0.285993
vt 0.7187500 0.9687500
vn -0.0039467 0.4424919 0.8967638
v -0.106430 1.473073 0.285327
vt 0.7187500 0.9687500
vn -0.0117408 0.3881966 0.9215018
v -0.104276 1.468949 0.289850
vt 0.7187500 0.9687500
vn -0.0144128 0.5633217 0.8261119
f 1165/1165/1165 1166/1166/1166 1167/1167/1167
v -0.063957 1.474704 0.285993
vt 0.7187500 0.9687500
vn -0.0039192 0.4425234 0.8967484
v -0.104276 1.468949 0.289850
vt 0.7187500 0.9687500
vn -0.0144115 0.5633408 0.8260989
v -0.062662 1.470087 0.289834
vt 0.7187500 0.9687500
vn -0.0081084 0.5716928 0.8204277
f 1168/1168/1168 1169/1169/1169 1170/1170/1170
v -0.062662 1.470087 0.289834
vt 0.5937500 0.9687500
vn -0.0080946 0.5717229 0.8204069
v -0.104276 1.468949 0.289850
vt 0.5937500 0.9687500
vn -0.0144241 0.5633417 0.8260981
v -0.103834 1.468104 0.290777
vt 0.5937500 0.9687500
vn -0.0148889 0.5964371 0.8025217
f 1171/1171/1171 1172/1172/1172 1173/1173/1173
v -0.062662 1.470087 0.289834
vt 0.5937500 0.9687500
vn -0.0081084 0.5717120 0.8204144
v -0.103834 1.468104 0.290777
vt 0.5937500 0.9687500
vn -0.0148793 0.5964358 0.8025230
v -0.062397 1.469141 0.290621
vt 0.5937500 0.9687500
vn -0.0089406 0.5965869 0.8024988
f 1174/1174/1174 1175/1175/1175 1176/1176/1176
v -0.106430 1.473073 0.285327
vt 0.7187500 0.9687500
vn -0.0118057 0.3882182 0.9214920
v -0.177316 1.470567 0.284528
vt 0.7187500 0.9687500
vn -0.0195883 0.4266738 0.9041934
v -0.173727 1.466828 0.289555
vt 0.7187500 0.9687500
vn -0.0239598 0.5689436 0.8220276
f 1177/1177/1177 1178/1178/1178 1179/1179/1179
v -0.106430 1.473073 0.285327
vt 0.7187500 0.9687500
vn -0.0117669 0.3882196 0.9214917
v -0.173727 1.466828 0.289555
vt 0.7187500 0.9687500
vn -0.0239525 0.5689151 0.8220475
v -0.104276 1.468949 0.289850
vt 0.7187500 0.9687500
vn -0.0143905 0.5633254 0.8261098
f 1180/1180/1180 1181/1181/1181 1182/1182/1182
v -0.104276 1.468949 0.289850
vt 0.5937500 0.9687500
vn -0.0144349 0.5633516 0.8260912
v -0.173727 1.466828 0.289555
vt 0.5937500 0.9687500
vn -0.0239834 0.5689235 0.8220407
v -0.172991 1.466062 0.290585
vt 0.5937500 0.9687500
vn -0.0247733 0.5961689 0.8024768
f 1183/1183/1183 1184/1184/1184 1185/1185/1185
v -0.104276 1.468949 0.289850
vt 0.5937500 0.9687500
vn -0.0144131 0.5633426 0.8260978
v -0.172991 1.466062 0.290585
vt 0.5937500 0.9687500
vn -0.0247823 0.5961835 0.8024657
v -0.103834 1.468104 0.290777
vt 0.5937500 0.9687500
vn -0.0148742 0.5964454 0.8025159
f 1186/1186/1186 1187/1187/1187 1188/1188/1188
v -0.177316 1.470567 0.284528
vt 0.7187500 0.9687500
vn -0.0195685 0.4266583 0.9042011
v -0.212637 1.469218 0.283983
vt 0.7187500 0.9687500
vn -0.0273923 0.4265985 0.9040261
v -0.208332 1.465634 0.289208
vt 0.7187500 0.9687500
vn -0.0293857 0.5687913 0.8219568
f 1189/1189/1189 1190/1190/1190 1191/1191/1191
v -0.177316 1.470567 0.284528
vt 0.7187500 0.9687500
vn -0.0195589 0.4266555 0.9042027
v -0.208332 1.465634 0.289208
vt 0.7187500 0.9687500
vn -0.0294300 0.5687597 0.8219771
v -0.173727 1.466828 0.289555
vt 0.7187500 0.9687500
vn -0.0239581 0.5689228 0.8220419
f 1192/1192/1192 1193/1193/1193 1194/1194/1194
v -0.173727 1.466828 0.289555
vt 0.5937500 0.9687500
vn -0.0239437 0.5689467 0.8220258
v -0.208332 1.465634 0.289208
vt 0.5937500 0.9687500
vn -0.0294250 0.5687598 0.8219773
v -0.207450 1.464900 0.290278
vt 0.5937500 0.9687500
vn -0.0297103 0.5959991 0.8024354
f 1195/1195/1195 1196/1196/1196 1197/1197/1197
v -0.173727 1.466828 0.289555
vt 0.5937500 0.9687500
vn -0.0239616 0.5689416 0.8220289
v -0.207450 1.464900 0.290278
vt 0.5937500 0.9687500
vn -0.0297264 0.5960181 0.8024206
v -0.172991 1.466062 0.290585
vt 0.5937500 0.9687500
vn -0.0247712 0.5961819 0.8024672
f 1198/1198/1198 1199/1199/1199 1200/1200/1200
v -0.212637 1.469218 0.283983
vt 0.7187500 0.9687500
vn -0.0274219 0.4265617 0.9040427
v -0.290346 1.466484 0.283128
vt 0.7187500 0.9687500
vn -0.0353427 0.4200595 0.9068080
v -0.284469 1.462765 0.288092
vt 0.7187500 0.9687500
vn -0.0397778 0.5674640 0.8224368
f 1201/1201/1201 1202/1202/1202 1203/1203/1203
v -0.212637 1.469218 0.283983
vt 0.7187500 0.9687500
vn -0.0273806 0.4265875 0.9040319
v -0.284469 1.462765 0.288092
vt 0.7187500 0.9687500
vn -0.0398114 0.5674556 0.8224410
v -0.208332 1.465634 0.289208
vt 0.7187500 0.9687500
vn -0.0293762 0.5687746 0.8219687
f 1204/1204/1204 1205/1205/1205 1206/1206/1206
v -0.208332 1.465634 0.289208
vt 0.5937500 0.9687500
vn -0.0294122 0.5687857 0.8219597
v -0.284469 1.462765 0.288092
vt 0.5937500 0.9687500
vn -0.0397741 0.5674291 0.8224611
v -0.283265 1.462003 0.289109
vt 0.5937500 0.9687500
vn -0.0405707 0.5956030 0.8022537
f 1207/1207/1207 1208/1208/1208 1209/1209/1209
v -0.208332 1.465634 0.289208
vt 0.5937500 0.9687500
vn -0.0293964 0.5687956 0.8219535
v -0.283265 1.462003 0.289109
vt 0.5937500 0.9687500
vn -0.0405858 0.5955997 0.8022555
v -0.207450 1.464900 0.290278
vt 0.5937500 0.9687500
vn -0.0297257 0.5960004 0.8024337
f 1210/1210/1210 1211/1211/1211 1212/1212/1212
v -0.290346 1.466484 0.283128
vt 0.7187500 0.9687500
vn -0.0353055 0.4200611 0.9068089
v -0.318624 1.465409 0.282700
vt 0.7187500 0.9687500
vn -0.0431608 0.4039391 0.9137671
v -0.312174 1.461611 0.287527
vt 0.7187500 0.9687500
vn -0.0444363 0.5648585 0.8239905
f 1213/1213/1213 1214/1214/1214 1215/1215/1215
v -0.290346 1.466484 0.283128
vt 0.7187500 0.9687500
vn -0.0353353 0.4200485 0.9068134
v -0.312174 1.461611 0.287527
vt 0.7187500 0.9687500
vn -0.0444487 0.5648453 0.8239987
v -0.284469 1.462765 0.288092
vt 0.7187500 0.9687500
vn -0.0398079 0.5674284 0.8224598
f 1216/1216/1216 1217/1217/1217 1218/1218/1218
v -0.284469 1.462765 0.288092
vt 0.5937500 0.9687500
vn -0.0397729 0.5674282 0.8224618
v -0.312174 1.461611 0.287527
vt 0.5937500 0.9687500
vn -0.0444121 0.5648744 0.8239809
v -0.310853 1.460833 0.288515
vt 0.5937500 0.9687500
vn -0.0444916 0.5954460 0.8021625
f 1219/1219/1219 1220/1220/1220 1221/1221/1221
v -0.284469 1.462765 0.288092
vt 0.5937500 0.9687500
vn -0.0397888 0.5674574 0.8224409
v -0.310853 1.460833 0.288515
vt 0.5937500 0.9687500
vn -0.0444909 0.5954733 0.8021422
v -0.283265 1.462003 0.289109
vt 0.5937500 0.9687500
vn -0.0405506 0.5956300 0.8022348
f 1222/1222/1222 1223/1223/1223 1224/1224/1224
v -0.318624 1.465409 0.282700
vt 0.7187500 0.9687500
vn -0.0431394 0.4039209 0.9137762
v -0.349138 1.464076 0.281986
vt 0.7187500 0.9687500
vn 0.0353023 0.6786876 0.7335781
v -0.342070 1.460279 0.286789
vt 0.7187500 0.9687500
vn -0.0345016 0.6102623 0.7914478
f 1225/1225/1225 1226/1226/1226 1227/1227/1227
v -0.318624 1.465409 0.282700
vt 0.7187500 0.9687500
vn -0.0431319 0.4039623 0.9137582
v -0.342070 1.460279 0.286789
vt 0.7187500 0.9687500
vn -0.0344968 0.6102586 0.7914508
v -0.312174 1.461611 0.287527
vt 0.7187500 0.9687500
vn -0.0444258 0.5648527 0.8239951
f 1228/1228/1228 1229/1229/1229 1230/1230/1230
v -0.312174 1.461611 0.287527
vt 0.5937500 0.9687500
vn -0.0444111 0.5648448 0.8240012
v -0.342070 1.460279 0.286789
vt 0.5937500 0.9687500
vn -0.0345277 0.6102648 0.7914447
v -0.340623 1.459501 0.287773
vt 0.5937500 0.9687500
vn -0.0487474 0.5952559 0.8020561
f 1231/1231/1231 1232/1232/1232 1233/1233/1233
v -0.312174 1.461611 0.287527
vt 0.5937500 0.9687500
vn -0.0444230 0.5648555 0.8239933
v -0.340623 1.459501 0.287773
vt 0.5937500 0.9687500
vn -0.0487524 0.5952716 0.8020443
v -0.310853 1.460833 0.288515
vt 0.5937500 0.9687500
vn -0.0445187 0.5954646 0.8021472
f 1234/1234/1234 1235/1235/1235 1236/1236/1236
v -0.349138 1.464076 0.281986
vt 0.7187500 0.9687500
vn 0.0352941 0.6786703 0.7335945
v -0.407695 1.459502 0.282357
vt 0.7187500 0.9687500
vn -0.0508145 0.4103194 0.9105250
v -0.399442 1.455490 0.286704
vt 0.7187500 0.9687500
vn -0.0560602 0.5651490 0.8230819
f 1237/1237/1237 1238/1238/1238 1239/1239/1239
v -0.349138 1.464076 0.281986
vt 0.7187500 0.9687500
vn 0.0352888 0.6786788 0.7335869
v -0.399442 1.455490 0.286704
vt 0.7187500 0.9687500
vn -0.0560615 0.5651271 0.8230969
v -0.342070 1.460279 0.286789
vt 0.7187500 0.9687500
vn -0.0345276 0.6102608 0.7914478
f 1240/1240/1240 1241/1241/1241 1242/1242/1242
v -0.342070 1.460279 0.286789
vt 0.5937500 0.9687500
vn -0.0345054 0.6102494 0.7914575
v -0.399442 1.455490 0.286704
vt 0.5937500 0.9687500
vn -0.0560493 0.5651264 0.8230982
v -0.397751 1.454668 0.287594
vt 0.5937500 0.9687500
vn -0.0569135 0.5946195 0.8019903
f 1243/1243/1243 1244/1244/1244 1245/1245/1245
v -0.342070 1.460279 0.286789
vt 0.5937500 0.9687500
vn -0.0345119 0.6102523 0.7914550
v -0.397751 1.454668 0.287594
vt 0.5937500 0.9687500
vn -0.0569245 0.5946366 0.8019769
v -0.340623 1.459501 0.287773
vt 0.5937500 0.9687500
vn -0.0487436 0.5952543 0.8020576
f 1246/1246/1246 1247/1247/1247 1248/1248/1248
v -0.407695 1.459502 0.282357
vt 0.7187500 0.9687500
vn -0.0507875 0.4103271 0.9105232
v -0.423911 1.458317 0.282577
vt 0.7187500 0.9687500
vn -0.0511104 0.3972130 0.9163021
v -0.415329 1.454139 0.286644
vt 0.7187500 0.9687500
vn -0.0580141 0.5630057 0.8244143
f 1249/1249/1249 1250/1250/1250 1251/1251/1251
v -0.407695 1.459502 0.282357
vt 0.7187500 0.9687500
vn -0.0507949 0.4103061 0.9105321
v -0.415329 1.454139 0.286644
vt 0.7187500 0.9687500
vn -0.0580154 0.5629838 0.8244292
v -0.399442 1.455490 0.286704
vt 0.7187500 0.9687500
vn -0.0560654 0.5651469 0.8230830
f 1252/1252/1252 1253/1253/1253 1254/1254/1254
v -0.399442 1.455490 0.286704
vt 0.5937500 0.9687500
vn -0.0560549 0.5651383 0.8230896
v -0.415329 1.454139 0.286644
vt 0.5937500 0.9687500
vn -0.0580172 0.5629766 0.8244340
v -0.413571 1.453283 0.287477
vt 0.5937500 0.9687500
vn -0.0591658 0.5944515 0.8019519
f 1255/1255/1255 1256/1256/1256 1257/1257/1257
v -0.399442 1.455490 0.286704
vt 0.5937500 0.9687500
vn -0.0560559 0.5651183 0.8231034
v -0.413571 1.453283 0.287477
vt 0.5937500 0.9687500
vn -0.0591665 0.5944493 0.8019536
v -0.397751 1.454668 0.287594
vt 0.5937500 0.9687500
vn -0.0569089 0.5946447 0.8019721
f 1258/1258/1258 1259/1259/1259 1260/1260/1260
v -0.423911 1.458317 0.282577
vt 0.7187500 0.9687500
vn -0.0511116 0.3972059 0.9163051
v -0.518711 1.450000 0.281847
vt 0.7187500 0.9687500
vn -0.0511208 0.3972055 0.9163048
v -0.508210 1.445664 0.285454
vt 0.7187500 0.9687500
vn -0.0690023 0.5620522 0.8242185
f 1261/1261/1261 1262/1262/1262 1263/1263/1263
v -0.423911 1.458317 0.282577
vt 0.7187500 0.9687500
vn -0.0511214 0.3972124 0.9163017
v -0.508210 1.445664 0.285454
vt 0.7187500 0.9687500
vn -0.0689787 0.5620642 0.8242123
v -0.415329 1.454139 0.286644
vt 0.7187500 0.9687500
vn -0.0580139 0.5629977 0.8244199
f 1264/1264/1264 1265/1265/1265 1266/1266/1266
v -0.415329 1.454139 0.286644
vt 0.5937500 0.9687500
vn -0.0580157 0.5629830 0.8244298
v -0.508210 1.445664 0.285454
vt 0.5937500 0.9687500
vn -0.0689860 0.5620500 0.8242213
v -0.506060 1.444776 0.286193
vt 0.5937500 0.9687500
vn -0.0723321 0.5933028 0.8017230
f 1267/1267/1267 1268/1268/1268 1269/1269/1269
v -0.415329 1.454139 0.286644
vt 0.5937500 0.9687500
vn -0.0580148 0.5630078 0.8244128
v -0.506060 1.444776 0.286193
vt 0.5937500 0.9687500
vn -0.0723336 0.5933362 0.8016982
v -0.413571 1.453283 0.287477
vt 0.5937500 0.9687500
vn -0.0591737 0.5944684 0.8019387
f 1270/1270/1270 1271/1271/1271 1272/1272/1272
v -0.518711 1.450000 0.281847
vt 0.7187500 0.9687500
vn -0.0511247 0.3971766 0.9163171
v -0.528262 1.449082 0.281658
vt 0.7187500 0.9687500
vn -0.0511196 0.3971771 0.9163172
v -0.517568 1.444764 0.285268
vt 0.7187500 0.9687500
vn -0.0700908 0.5619425 0.8242014
f 1273/1273/1273 1274/1274/1274 1275/1275/1275
v -0.518711 1.450000 0.281847
vt 0.7187500 0.9687500
vn -0.0511290 0.3971841 0.9163135
v -0.517568 1.444764 0.285268
vt 0.7187500 0.9687500
vn -0.0700886 0.5619488 0.8241972
v -0.508210 1.445664 0.285454
vt 0.7187500 0.9687500
vn -0.0689865 0.5620290 0.8242354
f 1276/1276/1276 1277/1277/1277 1278/1278/1278
v -0.508210 1.445664 0.285454
vt 0.5937500 0.9687500
vn -0.0689875 0.5620447 0.8242248
v -0.517568 1.444764 0.285268
vt 0.5937500 0.9687500
vn -0.0700930 0.5619648 0.8241860
v -0.515378 1.443880 0.286007
vt 0.5937500 0.9687500
vn -0.0736590 0.5931853 0.8016891
f 1279/1279/1279 1280/1280/1280 1281/1281/1281
v -0.508210 1.445664 0.285454
vt 0.5937500 0.9687500
vn -0.0689870 0.5620573 0.8242163
v -0.515378 1.443880 0.286007
vt 0.5937500 0.9687500
vn -0.0736649 0.5931980 0.8016793
v -0.506060 1.444776 0.286193
vt 0.5937500 0.9687500
vn -0.0723337 0.5933269 0.8017051
f 1282/1282/1282 1283/1283/1283 1284/1284/1284
v -0.528262 1.449082 0.281658
vt 0.7187500 0.9687500
vn -0.0511324 0.3972082 0.9163030
v -0.538934 1.448061 0.281453
vt 0.7187500 0.9687500
vn -0.0587838 0.4036234 0.9130349
v -0.528024 1.443753 0.285051
vt 0.7187500 0.9687500
vn -0.0726116 0.5627978 0.8233992
f 1285/1285/1285 1286/1286/1286 1287/1287/1287
v -0.528262 1.449082 0.281658
vt 0.7187500 0.9687500
vn -0.0511232 0.3971885 0.9163121
v -0.528024 1.443753 0.285051
vt 0.7187500 0.9687500
vn -0.0726063 0.5627742 0.8234157
v -0.517568 1.444764 0.285268
vt 0.7187500 0.9687500
vn -0.0700917 0.5619364 0.8242055
f 1288/1288/1288 1289/1289/1289 1290/1290/1290
v -0.517568 1.444764 0.285268
vt 0.5937500 0.9687500
vn -0.0700877 0.5619639 0.8241870
v -0.528024 1.443753 0.285051
vt 0.5937500 0.9687500
vn -0.0726083 0.5628001 0.8233979
v -0.525790 1.442871 0.285788
vt 0.5937500 0.9687500
vn -0.0751402 0.5930550 0.8016481
f 1291/1291/1291 1292/1292/1292 1293/1293/1293
v -0.517568 1.444764 0.285268
vt 0.5937500 0.9687500
vn -0.0700906 0.5619614 0.8241886
v -0.525790 1.442871 0.285788
vt 0.5937500 0.9687500
vn -0.0751484 0.5930728 0.8016343
v -0.515378 1.443880 0.286007
vt 0.5937500 0.9687500
vn -0.0736655 0.5932166 0.8016655
f 1294/1294/1294 1295/1295/1295 1296/1296/1296
v -0.538934 1.448061 0.281453
vt 0.7187500 0.9687500
vn -0.0587675 0.4035978 0.9130472
v -0.631388 1.438380 0.278456
vt 0.7187500 0.9687500
vn -0.0746698 0.4755732 0.8765013
v -0.618606 1.434543 0.282515
vt 0.7187500 0.9687500
vn -0.0858092 0.5728643 0.8151461
f 1297/1297/1297 1298/1298/1298 1299/1299/1299
v -0.538934 1.448061 0.281453
vt 0.7187500 0.9687500
vn -0.0587775 0.4036213 0.9130362
v -0.618606 1.434543 0.282515
vt 0.7187500 0.9687500
vn -0.0858105 0.5728635 0.8151466
v -0.528024 1.443753 0.285051
vt 0.7187500 0.9687500
vn -0.0726134 0.5627874 0.8234062
f 1300/1300/1300 1301/1301/1301 1302/1302/1302
v -0.528024 1.443753 0.285051
vt 0.5937500 0.9687500
vn -0.0726153 0.5628012 0.8233966
v -0.618606 1.434543 0.282515
vt 0.5937500 0.9687500
vn -0.0857991 0.5728769 0.8151384
v -0.615988 1.433757 0.283347
vt 0.5937500 0.9687500
vn -0.0879484 0.5918481 0.8012372
f 1303/1303/1303 1304/1304/1304 1305/1305/1305
v -0.528024 1.443753 0.285051
vt 0.5937500 0.9687500
vn -0.0726088 0.5627967 0.8234003
v -0.615988 1.433757 0.283347
vt 0.5937500 0.9687500
vn -0.0879449 0.5918572 0.8012308
v -0.525790 1.442871 0.285788
vt 0.5937500 0.9687500
vn -0.0751373 0.5930767 0.8016325
f 1306/1306/1306 1307/1307/1307 1308/1308/1308
v -0.631388 1.438380 0.278456
vt 0.7187500 0.9687500
vn -0.0746815 0.4755917 0.8764903
v -0.704042 1.431250 0.276796
vt 0.7187500 0.9687500
vn -0.0899971 0.5204393 0.8491427
v -0.689790 1.427001 0.280079
vt 0.7187500 0.9687500
vn -0.0966625 0.5791492 0.8094706
f 1309/1309/1309 1310/1310/1310 1311/1311/1311
v -0.631388 1.438380 0.278456
vt 0.7187500 0.9687500
vn -0.0746781 0.4755731 0.8765007
v -0.689790 1.427001 0.280079
vt 0.7187500 0.9687500
vn -0.0966540 0.5791347 0.8094819
v -0.618606 1.434543 0.282515
vt 0.7187500 0.9687500
vn -0.0858158 0.5728474 0.8151573
f 1312/1312/1312 1313/1313/1313 1314/1314/1314
v -0.618606 1.434543 0.282515
vt 0.5937500 0.9687500
vn -0.0858020 0.5728747 0.8151398
v -0.689790 1.427001 0.280079
vt 0.5937500 0.9687500
vn -0.0966640 0.5791589 0.8094634
v -0.686871 1.426130 0.280751
vt 0.5937500 0.9687500
vn -0.0979724 0.5908237 0.8008301
f 1315/1315/1315 1316/1316/1316 1317/1317/1317
v -0.618606 1.434543 0.282515
vt 0.5937500 0.9687500
vn -0.0858173 0.5728416 0.8151613
v -0.686871 1.426130 0.280751
vt 0.5937500 0.9687500
vn -0.0979734 0.5908089 0.8008408
v -0.615988 1.433757 0.283347
vt 0.5937500 0.9687500
vn -0.0879419 0.5918530 0.8012342
f 1318/1318/1318 1319/1319/1319 1320/1320/1320
v -0.704042 1.431250 0.276796
vt 0.7187500 0.9687500
vn -0.0899935 0.5204471 0.8491384
v -0.720260 1.429518 0.276221
vt 0.7187500 0.9687500
vn -0.0904874 0.6254879 0.7749689
v -0.705679 1.425247 0.279433
vt 0.7187500 0.9687500
vn -0.0985701 0.5965821 0.7964758
f 1321/1321/1321 1322/1322/1322 1323/1323/1323
v -0.704042 1.431250 0.276796
vt 0.7187500 0.9687500
vn -0.0899946 0.5204285 0.8491496
v -0.705679 1.425247 0.279433
vt 0.7187500 0.9687500
vn -0.0985622 0.5966002 0.7964631
v -0.689790 1.427001 0.280079
vt 0.7187500 0.9687500
vn -0.0966765 0.5791333 0.8094802
f 1324/1324/1324 1325/1325/1325 1326/1326/1326
v -0.689790 1.427001 0.280079
vt 0.5937500 0.9687500
vn -0.0966851 0.5791602 0.8094599
v -0.705679 1.425247 0.279433
vt 0.5937500 0.9687500
vn -0.0985730 0.5965911 0.7964686
v -0.702693 1.424372 0.280090
vt 0.5937500 0.9687500
vn -0.1002140 0.5905716 0.8007386
f 1327/1327/1327 1328/1328/1328 1329/1329/1329
v -0.689790 1.427001 0.280079
vt 0.5937500 0.9687500
vn -0.0966751 0.5791659 0.8094571
v -0.702693 1.424372 0.280090
vt 0.5937500 0.9687500
vn -0.1002109 0.5905892 0.8007260
v -0.686871 1.426130 0.280751
vt 0.5937500 0.9687500
vn -0.0979622 0.5908004 0.8008484
f 1330/1330/1330 1331/1331/1331 1332/1332/1332
v -0.720260 1.429518 0.276221
vt 0.7187500 0.9687500
vn -0.0904847 0.6254995 0.7749599
v -0.733780 1.427345 0.276245
vt 0.7187500 0.9687500
vn -0.0747640 0.6176438 0.7828962
v -0.718925 1.423070 0.279387
vt 0.7187500 0.9687500
vn -0.0974380 0.5950239 0.7977796
f 1333/1333/1333 1334/1334/1334 1335/1335/1335
v -0.720260 1.429518 0.276221
vt 0.7187500 0.9687500
vn -0.0904848 0.6255010 0.7749587
v -0.718925 1.423070 0.279387
vt 0.7187500 0.9687500
vn -0.0974336 0.5950092 0.7977912
v -0.705679 1.425247 0.279433
vt 0.7187500 0.9687500
vn -0.0985772 0.5965744 0.7964807
f 1336/1336/1336 1337/1337/1337 1338/1338/1338
v -0.705679 1.425247 0.279433
vt 0.5937500 0.9687500
vn -0.0985495 0.5966001 0.7964649
v -0.718925 1.423070 0.279387
vt 0.5937500 0.9687500
vn -0.0974252 0.5950332 0.7977743
v -0.715882 1.422195 0.280030
vt 0.5937500 0.9687500
vn -0.1020700 0.5902773 0.8007211
f 1339/1339/1339 1340/1340/1340 1341/1341/1341
v -0.705679 1.425247 0.279433
vt 0.5937500 0.9687500
vn -0.0985770 0.5965884 0.7964702
v -0.715882 1.422195 0.280030
vt 0.5937500 0.9687500
vn -0.1020837 0.5902908 0.8007095
v -0.702693 1.424372 0.280090
vt 0.5937500 0.9687500
vn -0.1002143 0.5905592 0.8007478
f 1342/1342/1342 1343/1343/1343 1344/1344/1344
v -0.733780 1.427345 0.276245
vt 0.7187500 0.9687500
vn -0.0747381 0.6176397 0.7829020
v -0.745019 1.425418 0.276089
vt 0.7187500 0.9687500
vn -0.0589176 0.6008517 0.7971863
v -0.729937 1.421231 0.279305
vt 0.7187500 0.9687500
vn -0.0960334 0.5919688 0.8002192
f 1345/1345/1345 1346/1346/1346 1347/1347/1347
v -0.733780 1.427345 0.276245
vt 0.7187500 0.9687500
vn -0.0747431 0.6176529 0.7828910
v -0.729937 1.421231 0.279305
vt 0.7187500 0.9687500
vn -0.0960239 0.5919628 0.8002246
v -0.718925 1.423070 0.279387
vt 0.7187500 0.9687500
vn -0.0974509 0.5950216 0.7977797
f 1348/1348/1348 1349/1349/1349 1350/1350/1350
v -0.718925 1.423070 0.279387
vt 0.5937500 0.9687500
vn -0.0974268 0.5950046 0.7977954
v -0.729937 1.421231 0.279305
vt 0.5937500 0.9687500
vn -0.0960265 0.5919793 0.8002122
v -0.726848 1.420373 0.279964
vt 0.5937500 0.9687500
vn -0.1036154 0.5900654 0.8006790
f 1351/1351/1351 1352/1352/1352 1353/1353/1353
v -0.718925 1.423070 0.279387
vt 0.5937500 0.9687500
vn -0.0974377 0.5950139 0.7977872
v -0.726848 1.420373 0.279964
vt 0.5937500 0.9687500
vn -0.1036038 0.5900682 0.8006784
v -0.715882 1.422195 0.280030
vt 0.5937500 0.9687500
vn -0.1020726 0.5902857 0.8007148
f 1354/1354/1354 1355/1355/1355 1356/1356/1356
v -0.745019 1.425418 0.276089
vt 0.7187500 0.9687500
vn -0.0588989 0.6008525 0.7971871
v -0.832931 1.409309 0.273364
vt 0.7187500 0.9687500
vn -0.1374525 0.6558639 0.7422597
v -0.816069 1.406386 0.278000
vt 0.7187500 0.9687500
vn -0.1194618 0.6000238 0.7910123
f 1357/1357/1357 1358/1358/1358 1359/1359/1359
v -0.745019 1.425418 0.276089
vt 0.7187500 0.9687500
vn -0.0588964 0.6008531 0.7971869
v -0.816069 1.406386 0.278000
vt 0.7187500 0.9687500
vn -0.1194747 0.6000114 0.7910197
v -0.729937 1.421231 0.279305
vt 0.7187500 0.9687500
vn -0.0960371 0.5919566 0.8002276
f 1360/1360/1360 1361/1361/1361 1362/1362/1362
v -0.729937 1.421231 0.279305
vt 0.5937500 0.9687500
vn -0.0960298 0.5919740 0.8002157
v -0.816069 1.406386 0.278000
vt 0.5937500 0.9687500
vn -0.1194538 0.6000036 0.7910288
v -0.812616 1.405787 0.278949
vt 0.5937500 0.9687500
vn -0.1156946 0.5881355 0.8004445
f 1363/1363/1363 1364/1364/1364 1365/1365/1365
v -0.729937 1.421231 0.279305
vt 0.5937500 0.9687500
vn -0.0960240 0.5919712 0.8002184
v -0.812616 1.405787 0.278949
vt 0.5937500 0.9687500
vn -0.1156876 0.5881492 0.8004353
v -0.726848 1.420373 0.279964
vt 0.5937500 0.9687500
vn -0.1036099 0.5900478 0.8006926
f 1366/1366/1366 1367/1367/1367 1368/1368/1368
v -0.832931 1.409309 0.273364
vt 0.7187500 0.9687500
vn -0.1374543 0.6558651 0.7422581
v -0.852035 1.405036 0.271647
vt 0.7187500 0.9687500
vn -0.3493336 0.8596074 0.3728824
v -0.834786 1.402962 0.277428
vt 0.7187500 0.9687500
vn -0.1611508 0.6482810 0.7441519
f 1369/1369/1369 1370/1370/1370 1371/1371/1371
v -0.832931 1.409309 0.273364
vt 0.7187500 0.9687500
vn -0.1374490 0.6558461 0.7422760
v -0.834786 1.402962 0.277428
vt 0.7187500 0.9687500
vn -0.1611418 0.6482724 0.7441614
v -0.816069 1.406386 0.278000
vt 0.7187500 0.9687500
vn -0.1194693 0.5999925 0.7910349
f 1372/1372/1372 1373/1373/1373 1374/1374/1374
v -0.816069 1.406386 0.278000
vt 0.5937500 0.9687500
vn -0.1194619 0.6000225 0.7910131
v -0.834786 1.402962 0.277428
vt 0.5937500 0.9687500
vn -0.1611478 0.6482652 0.7441662
v -0.831253 1.402537 0.278612
vt 0.5937500 0.9687500
vn -0.1183186 0.5877162 0.8003688
f 1375/1375/1375 1376/1376/1376 1377/1377/1377
v -0.816069 1.406386 0.278000
vt 0.5937500 0.9687500
vn -0.1194675 0.6000222 0.7910126
v -0.831253 1.402537 0.278612
vt 0.5937500 0.9687500
vn -0.1183115 0.5877158 0.8003703
v -0.812616 1.405787 0.278949
vt 0.5937500 0.9687500
vn -0.1156829 0.5881299 0.8004503
f 1378/1378/1378 1379/1379/1379 1380/1380/1380
v -0.852035 1.405036 0.271647
vt 0.7187500 0.9687500
vn -0.3493689 0.8595889 0.3728920
v -0.879519 1.380000 0.282966
vt 0.7187500 0.9687500
vn -0.3260823 0.6953927 0.6403900
v -0.861714 1.379499 0.290069
vt 0.7187500 0.9687500
vn -0.1576657 0.6070792 0.7788430
f 1381/1381/1381 1382/1382/1382 1383/1383/1383
v -0.852035 1.405036 0.271647
vt 0.7187500 0.9687500
vn -0.3493081 0.8596165 0.3728853
v -0.861714 1.379499 0.290069
vt 0.7187500 0.9687500
vn -0.1576428 0.6070783 0.7788485
v -0.834786 1.402962 0.277428
vt 0.7187500 0.9687500
vn -0.1611454 0.6482794 0.7441546
f 1384/1384/1384 1385/1385/1385 1386/1386/1386
v -0.834786 1.402962 0.277428
vt 0.5937500 0.9687500
vn -0.1611401 0.6482713 0.7441627
v -0.861714 1.379499 0.290069
vt 0.5937500 0.9687500
vn -0.1576533 0.6070811 0.7788439
v -0.858068 1.379396 0.291524
vt 0.5937500 0.9687500
vn -0.1221018 0.5848606 0.8018910
f 1387/1387/1387 1388/1388/1388 1389/1389/1389
v -0.834786 1.402962 0.277428
vt 0.5937500 0.9687500
vn -0.1611473 0.6482778 0.7441555
v -0.858068 1.379396 0.291524
vt 0.5937500 0.9687500
vn -0.1220757 0.5848536 0.8019001
v -0.831253 1.402537 0.278612
vt 0.5937500 0.9687500
vn -0.1183201 0.5877165 0.8003685
f 1390/1390/1390 1391/1391/1391 1392/1392/1392
v -0.879519 1.380000 0.282966
vt 0.7187500 0.9687500
vn -0.3260936 0.6953887 0.6403887
v -0.894279 1.367100 0.289839
vt 0.7187500 0.9687500
vn -0.4420163 0.6610723 0.6063045
v -0.876175 1.366954 0.296940
vt 0.7187500 0.9687500
vn -0.1800086 0.6027701 0.7773449
f 1393/1393/1393 1394/1394/1394 1395/1395/1395
v -0.879519 1.380000 0.282966
vt 0.7187500 0.9687500
vn -0.3260961 0.6953948 0.6403806
v -0.876175 1.366954 0.296940
vt 0.7187500 0.9687500
vn -0.1800056 0.6027721 0.7773440
v -0.861714 1.379499 0.290069
vt 0.7187500 0.9687500
vn -0.1576618 0.6070834 0.7788403
f 1396/1396/1396 1397/1397/1397 1398/1398/1398
v -0.861714 1.379499 0.290069
vt 0.5937500 0.9687500
vn -0.1576562 0.6070880 0.7788381
v -0.876175 1.366954 0.296940
vt 0.5937500 0.9687500
vn -0.1800160 0.6027744 0.7773398
v -0.872467 1.366924 0.298394
vt 0.5937500 0.9687500
vn -0.1241265 0.5833323 0.8026931
f 1399/1399/1399 1400/1400/1400 1401/1401/1401
v -0.861714 1.379499 0.290069
vt 0.5937500 0.9687500
vn -0.1576637 0.6070897 0.7788353
v -0.872467 1.366924 0.298394
vt 0.5937500 0.9687500
vn -0.1241221 0.5833241 0.8026996
v -0.858068 1.379396 0.291524
vt 0.5937500 0.9687500
vn -0.1220840 0.5848751 0.8018832
f 1402/1402/1402 1403/1403/1403 1404/1404/1404
v -0.894279 1.367100 0.289839
vt 0.7187500 0.9687500
vn -0.4420216 0.6610627 0.6063112
v -0.898127 1.356193 0.297836
vt 0.7187500 0.9687500
vn -0.5525256 0.6309064 0.5446765
v -0.879946 1.356015 0.304407
vt 0.7187500 0.9687500
vn -0.2010097 0.6011150 0.7734701
f 1405/1405/1405 1406/1406/1406 1407/1407/1407
v -0.894279 1.367100 0.289839
vt 0.7187500 0.9687500
vn -0.4420314 0.6610630 0.6063035
v -0.879946 1.356015 0.304407
vt 0.7187500 0.9687500
vn -0.2009991 0.6011133 0.7734741
v -0.876175 1.366954 0.296940
vt 0.7187500 0.9687500
vn -0.1800239 0.6027699 0.7773415
f 1408/1408/1408 1409/1409/1409 1410/1410/1410
v -0.876175 1.366954 0.296940
vt 0.5937500 0.9687500
vn -0.1800255 0.6027653 0.7773446
v -0.879946 1.356015 0.304407
vt 0.5937500 0.9687500
vn -0.2009933 0.6011083 0.7734795
v -0.876222 1.355979 0.305753
vt 0.5937500 0.9687500
vn -0.1246376 0.5819942 0.8035846
f 1411/1411/1411 1412/1412/1412 1413/1413/1413
v -0.876175 1.366954 0.296940
vt 0.5937500 0.9687500
vn -0.1800092 0.6027614 0.7773514
v -0.876222 1.355979 0.305753
vt 0.5937500 0.9687500
vn -0.1246265 0.5819790 0.8035972
v -0.872467 1.366924 0.298394
vt 0.5937500 0.9687500
vn -0.1241182 0.5833173 0.8027051
f 1414/1414/1414 1415/1415/1415 1416/1416/1416
v -0.898127 1.356193 0.297836
vt 0.7187500 0.9687500
vn -0.5525301 0.6309153 0.5446616
v -0.900201 1.350000 0.301682
vt 0.7187500 0.9687500
vn -0.5372471 0.6156872 0.5764501
v -0.881977 1.350064 0.308345
vt 0.7187500 0.9687500
vn -0.1981698 0.5965757 0.7777057
f 1417/1417/1417 1418/1418/1418 1419/1419/1419
v -0.898127 1.356193 0.297836
vt 0.7187500 0.9687500
vn -0.5525283 0.6308928 0.5446896
v -0.881977 1.350064 0.308345
vt 0.7187500 0.9687500
vn -0.1981482 0.5965770 0.7777103
v -0.879946 1.356015 0.304407
vt 0.7187500 0.9687500
vn -0.2009730 0.6011070 0.7734857
f 1420/1420/1420 1421/1421/1421 1422/1422/1422
v -0.879946 1.356015 0.304407
vt 0.5937500 0.9687500
vn -0.2010023 0.6011122 0.7734743
v -0.881977 1.350064 0.308345
vt 0.5937500 0.9687500
vn -0.1981815 0.5965778 0.7777011
v -0.878245 1.350077 0.309710
vt 0.5937500 0.9687500
vn -0.1249032 0.5812757 0.8040634
f 1423/1423/1423 1424/1424/1424 1425/1425/1425
v -0.879946 1.356015 0.304407
vt 0.5937500 0.9687500
vn -0.2009911 0.6011084 0.7734799
v -0.878245 1.350077 0.309710
vt 0.5937500 0.9687500
vn -0.1249165 0.5812681 0.8040667
v -0.876222 1.355979 0.305753
vt 0.5937500 0.9687500
vn -0.1246225 0.5819770 0.8035995
f 1426/1426/1426 1427/1427/1427 1428/1428/1428
v -0.900201 1.350000 0.301682
vt 0.7187500 0.9687500
vn -0.5372599 0.6156691 0.5764574
v -0.909604 1.323585 0.321564
vt 0.7187500 0.9687500
vn -0.7330632 0.4273036 0.5291786
v -0.891190 1.323315 0.326562
vt 0.7187500 0.9687500
vn -0.2373435 0.5715699 0.7854781
f 1429/1429/1429 1430/1430/1430 1431/1431/1431
v -0.900201 1.350000 0.301682
vt 0.7187500 0.9687500
vn -0.5372338 0.6156854 0.5764644
v -0.891190 1.323315 0.326562
vt 0.7187500 0.9687500
vn -0.2373473 0.5715530 0.7854892
v -0.881977 1.350064 0.308345
vt 0.7187500 0.9687500
vn -0.1981698 0.5965819 0.7777009
f 1432/1432/1432 1433/1433/1433 1434/1434/1434
v -0.881977 1.350064 0.308345
vt 0.5937500 0.9687500
vn -0.1981523 0.5965749 0.7777107
v -0.891190 1.323315 0.326562
vt 0.5937500 0.9687500
vn -0.2373337 0.5715637 0.7854855
v -0.887418 1.323260 0.327585
vt 0.5937500 0.9687500
vn -0.1262130 0.5779941 0.8062214
f 1435/1435/1435 1436/1436/1436 1437/1437/1437
v -0.881977 1.350064 0.308345
vt 0.5937500 0.9687500
vn -0.1981392 0.5965796 0.7777104
v -0.887418 1.323260 0.327585
vt 0.5937500 0.9687500
vn -0.1261989 0.5779975 0.8062213
v -0.878245 1.350077 0.309710
vt 0.5937500 0.9687500
vn -0.1249293 0.5812781 0.8040575
f 1438/1438/1438 1439/1439/1439 1440/1440/1440
v -0.909604 1.323585 0.321564
vt 0.7187500 0.9687500
vn -0.7330531 0.4272706 0.5292192
v -0.909681 1.323300 0.321632
vt 0.7187500 0.9687500
vn -0.7330709 0.4272710 0.5291943
v -0.891266 1.323082 0.326695
vt 0.7187500 0.9687500
vn -0.2373766 0.5715448 0.7854864
f 1441/1441/1441 1442/1442/1442 1443/1443/1443
v -0.909604 1.323585 0.321564
vt 0.7187500 0.9687500
vn -0.7330356 0.4273238 0.5292005
v -0.891266 1.323082 0.326695
vt 0.7187500 0.9687500
vn -0.2373447 0.5715210 0.7855134
v -0.891190 1.323315 0.326562
vt 0.7187500 0.9687500
vn -0.2373335 0.5715423 0.7855012
f 1444/1444/1444 1445/1445/1445 1446/1446/1446
v -0.891190 1.323315 0.326562
vt 0.5937500 0.9687500
vn -0.2373422 0.5715525 0.7854912
v -0.891266 1.323082 0.326695
vt 0.5937500 0.9687500
vn -0.2373507 0.5715218 0.7855110
v -0.887494 1.323038 0.327732
vt 0.5937500 0.9687500
vn -0.1262318 0.5779732 0.8062336
f 1447/1447/1447 1448/1448/1448 1449/1449/1449
v -0.891190 1.323315 0.326562
vt 0.5937500 0.9687500
vn -0.2373648 0.5715441 0.7854904
v -0.887494 1.323038 0.327732
vt 0.5937500 0.9687500
vn -0.1262260 0.5779675 0.8062384
v -0.887418 1.323260 0.327585
vt 0.5937500 0.9687500
vn -0.1261997 0.5779915 0.8062254
f 1450/1450/1450 1451/1451/1451 1452/1452/1452
v -0.887494 1.323038 0.327732
vt 0.5312500 0.9687500
vn -0.1262378 0.5779714 0.8062339
v -0.874235 1.267335 0.369362
vt 0.5312500 0.9687500
vn -0.1243800 0.5712315 0.8113102
v -0.655676 1.265092 0.400233
vt 0.5312500 0.9687500
vn -0.0936132 0.5712453 0.8154234
f 1453/1453/1453 1454/1454/1454 1455/1455/1455
v -0.887494 1.323038 0.327732
vt 0.5312500 0.9687500
vn -0.1262080 0.5779579 0.8062483
v -0.655676 1.265092 0.400233
vt 0.5312500 0.9687500
vn -0.0936188 0.5712435 0.8154241
v -0.665621 1.307149 0.369417
vt 0.5312500 0.9687500
vn -0.0950266 0.5763512 0.8116584
f 1456/1456/1456 1457/1457/1457 1458/1458/1458
v -0.874235 1.267335 0.369362
vt 0.5312500 0.9687500
vn -0.1243991 0.5712262 0.8113110
v -0.873914 1.265984 0.370362
vt 0.5312500 0.9687500
vn -0.1243593 0.5710611 0.8114333
v -0.655436 1.264073 0.400975
vt 0.5312500 0.9687500
vn -0.0935644 0.5711159 0.8155197
f 1459/1459/1459 1460/1460/1460 1461/1461/1461
v -0.874235 1.267335 0.369362
vt 0.5312500 0.9687500
vn -0.1244121 0.5712339 0.8113036
v -0.655436 1.264073 0.400975
vt 0.5312500 0.9687500
vn -0.0935790 0.5711183 0.8155163
v -0.655676 1.265092 0.400233
vt 0.5312500 0.9687500
vn -0.0936088 0.5712443 0.8154247
f 1462/1462/1462 1463/1463/1463 1464/1464/1464
v -0.873914 1.265984 0.370362
vt 0.5312500 0.9687500
vn -0.1243254 0.5710686 0.8114333
v -0.871343 1.255142 0.378371
vt 0.5312500 0.9687500
vn -0.1239670 0.5697573 0.8124093
v -0.653508 1.255896 0.406914
vt 0.5312500 0.9687500
vn -0.0933193 0.5701294 0.8162377
f 1465/1465/1465 1466/1466/1466 1467/1467/1467
v -0.873914 1.265984 0.370362
vt 0.5312500 0.9687500
vn -0.1243267 0.5710586 0.8114401
v -0.653508 1.255896 0.406914
vt 0.5312500 0.9687500
vn -0.0932941 0.5701267 0.8162424
v -0.655436 1.264073 0.400975
vt 0.5312500 0.9687500
vn -0.0935766 0.5711187 0.8155162
f 1468/1468/1468 1469/1469/1469 1470/1470/1470
v -0.871343 1.255142 0.378371
vt 0.5312500 0.9687500
vn -0.1239971 0.5697509 0.8124092
v -0.852569 1.188520 0.427418
vt 0.5312500 0.9687500
vn -0.1213601 0.5616843 0.8184024
v -0.639427 1.205660 0.443308
vt 0.5312500 0.9687500
vn -0.0913120 0.5640144 0.8207008
f 1471/1471/1471 1472/1472/1472 1473/1473/1473
v -0.871343 1.255142 0.378371
vt 0.5312500 0.9687500
vn -0.1239769 0.5697460 0.8124157
v -0.639427 1.205660 0.443308
vt 0.5312500 0.9687500
vn -0.0913156 0.5640173 0.8206984
v -0.653508 1.255896 0.406914
vt 0.5312500 0.9687500
vn -0.0933284 0.5701140 0.8162475
f 1474/1474/1474 1475/1475/1475 1476/1476/1476
v -0.852569 1.188520 0.427418
vt 0.5312500 0.9687500
vn -0.1213391 0.5616884 0.8184028
v -0.852160 1.187061 0.428479
vt 0.5312500 0.9687500
vn -0.1212900 0.5615093 0.8185329
v -0.639120 1.204561 0.444097
vt 0.5312500 0.9687500
vn -0.0912953 0.5638856 0.8207912
f 1477/1477/1477 1478/1478/1478 1479/1479/1479
v -0.852569 1.188520 0.427418
vt 0.5312500 0.9687500
vn -0.1213585 0.5616823 0.8184040
v -0.639120 1.204561 0.444097
vt 0.5312500 0.9687500
vn -0.0912956 0.5638776 0.8207966
v -0.639427 1.205660 0.443308
vt 0.5312500 0.9687500
vn -0.0913306 0.5640128 0.8206999
f 1480/1480/1480 1481/1481/1481 1482/1482/1482
v -0.852160 1.187061 0.428479
vt 0.5312500 0.9687500
vn -0.1213030 0.5615063 0.8185329
v -0.830481 1.109490 0.484188
vt 0.5312500 0.9687500
vn -0.1182499 0.5521073 0.8253450
v -0.622860 1.146192 0.485601
vt 0.5312500 0.9687500
vn -0.0889898 0.5567901 0.8258727
f 1483/1483/1483 1484/1484/1484 1485/1485/1485
v -0.852160 1.187061 0.428479
vt 0.5312500 0.9687500
vn -0.1213196 0.5615131 0.8185259
v -0.622860 1.146192 0.485601
vt 0.5312500 0.9687500
vn -0.0889602 0.5567843 0.8258796
v -0.639120 1.204561 0.444097
vt 0.5312500 0.9687500
vn -0.0912500 0.5638933 0.8207909
f 1486/1486/1486 1487/1487/1487 1488/1488/1488
v -0.830481 1.109490 0.484188
vt 0.5312500 0.9687500
vn -0.1182684 0.5521023 0.8253458
v -0.830225 1.108570 0.484839
vt 0.5312500 0.9687500
vn -0.1182357 0.5519893 0.8254261
v -0.622669 1.145501 0.486087
vt 0.5312500 0.9687500
vn -0.0889380 0.5567006 0.8259386
f 1489/1489/1489 1490/1490/1490 1491/1491/1491
v -0.830481 1.109490 0.484188
vt 0.5312500 0.9687500
vn -0.1182410 0.5521078 0.8253460
v -0.622669 1.145501 0.486087
vt 0.5312500 0.9687500
vn -0.0889362 0.5567001 0.8259391
v -0.622860 1.146192 0.485601
vt 0.5312500 0.9687500
vn -0.0889589 0.5567850 0.8258793
f 1492/1492/1492 1493/1493/1493 1494/1494/1494
v -0.830225 1.108570 0.484839
vt 0.5312500 0.9687500
vn -0.1182055 0.5519974 0.8254249
v -0.824169 1.086782 0.500222
vt 0.5312500 0.9687500
vn -0.1173701 0.5493514 0.8273072
v -0.618127 1.129129 0.497580
vt 0.5312500 0.9687500
vn -0.0882711 0.5547073 0.8273500
f 1495/1495/1495 1496/1496/1496 1497/1497/1497
v -0.830225 1.108570 0.484839
vt 0.5312500 0.9687500
vn -0.1181953 0.5519952 0.8254279
v -0.618127 1.129129 0.497580
vt 0.5312500 0.9687500
vn -0.0882879 0.5547093 0.8273469
v -0.622669 1.145501 0.486087
vt 0.5312500 0.9687500
vn -0.0889395 0.5566988 0.8259396
f 1498/1498/1498 1499/1499/1499 1500/1500/1500
v -0.824169 1.086782 0.500222
vt 0.5312500 0.9687500
vn -0.1173487 0.5493546 0.8273082
v -0.809391 1.033386 0.537445
vt 0.5312500 0.9687500
vn -0.1152503 0.5428907 0.8318575
v -0.607043 1.089049 0.525449
vt 0.5312500 0.9687500
vn -0.0867236 0.5498319 0.8307610
f 1501/1501/1501 1502/1502/1502 1503/1503/1503
v -0.824169 1.086782 0.500222
vt 0.5312500 0.9687500
vn -0.1173627 0.5493531 0.8273072
v -0.607043 1.089049 0.525449
vt 0.5312500 0.9687500
vn -0.0867252 0.5498304 0.8307620
v -0.618127 1.129129 0.497580
vt 0.5312500 0.9687500
vn -0.0882796 0.5547134 0.8273450
f 1504/1504/1504 1505/1505/1505 1506/1506/1506
v -0.809391 1.033386 0.537445
vt 0.5312500 0.9687500
vn -0.1152958 0.5428744 0.8318618
v -0.808634 1.030641 0.539340
vt 0.5312500 0.9687500
vn -0.1151574 0.5425496 0.8320929
v -0.606475 1.086990 0.526870
vt 0.5312500 0.9687500
vn -0.0866040 0.5495864 0.8309358
f 1507/1507/1507 1508/1508/1508 1509/1509/1509
v -0.809391 1.033386 0.537445
vt 0.5312500 0.9687500
vn -0.1152893 0.5428772 0.8318611
v -0.606475 1.086990 0.526870
vt 0.5312500 0.9687500
vn -0.0866446 0.5495787 0.8309368
v -0.607043 1.089049 0.525449
vt 0.5312500 0.9687500
vn -0.0867137 0.5498321 0.8307620
f 1510/1510/1510 1511/1511/1511 1512/1512/1512
v -0.808634 1.030641 0.539340
vt 0.5312500 0.9687500
vn -0.1151440 0.5425482 0.8320957
v -0.789568 0.961276 0.586661
vt 0.5312500 0.9687500
vn -0.1124569 0.5341356 0.8378858
v -0.592176 1.035014 0.562430
vt 0.5312500 0.9687500
vn -0.0845669 0.5432601 0.8352945
f 1513/1513/1513 1514/1514/1514 1515/1515/1515
v -0.808634 1.030641 0.539340
vt 0.5312500 0.9687500
vn -0.1151498 0.5425490 0.8320944
v -0.592176 1.035014 0.562430
vt 0.5312500 0.9687500
vn -0.0845977 0.5432573 0.8352932
v -0.606475 1.086990 0.526870
vt 0.5312500 0.9687500
vn -0.0866434 0.5495748 0.8309395
f 1516/1516/1516 1517/1517/1517 1518/1518/1518
v -0.789568 0.961276 0.586661
vt 0.5312500 0.9687500
vn -0.1124407 0.5341437 0.8378829
v -0.787413 0.953403 0.591962
vt 0.5312500 0.9687500
vn -0.1121301 0.5331902 0.8385315
v -0.590560 1.029120 0.566423
vt 0.5312500 0.9687500
vn -0.0843606 0.5425403 0.8357831
f 1519/1519/1519 1520/1520/1520 1521/1521/1521
v -0.789568 0.961276 0.586661
vt 0.5312500 0.9687500
vn -0.1124406 0.5341431 0.8378831
v -0.590560 1.029120 0.566423
vt 0.5312500 0.9687500
vn -0.0843799 0.5425369 0.8357833
v -0.592176 1.035014 0.562430
vt 0.5312500 0.9687500
vn -0.0845789 0.5432618 0.8352922
f 1522/1522/1522 1523/1523/1523 1524/1524/1524
v -0.787413 0.953403 0.591962
vt 0.5312500 0.9687500
vn -0.1121443 0.5331882 0.8385308
v -0.770249 0.890458 0.633842
vt 0.5312500 0.9687500
vn -0.1096958 0.5255564 0.8436570
v -0.577687 0.982048 0.598030
vt 0.5312500 0.9687500
vn -0.0825146 0.5368156 0.8396549
f 1525/1525/1525 1526/1526/1526 1527/1527/1527
v -0.787413 0.953403 0.591962
vt 0.5312500 0.9687500
vn -0.1121367 0.5331880 0.8385319
v -0.577687 0.982048 0.598030
vt 0.5312500 0.9687500
vn -0.0825143 0.5368162 0.8396545
v -0.590560 1.029120 0.566423
vt 0.5312500 0.9687500
vn -0.0843394 0.5425499 0.8357789
f 1528/1528/1528 1529/1529/1529 1530/1530/1530
v -0.770249 0.890458 0.633842
vt 0.5312500 0.9687500
vn -0.1096570 0.5255693 0.8436542
v -0.766274 0.875822 0.643453
vt 0.5312500 0.9687500
vn -0.1091233 0.5237880 0.8448303
v -0.574706 0.971113 0.605301
vt 0.5312500 0.9687500
vn -0.0820842 0.5354887 0.8405439
f 1531/1531/1531 1532/1532/1532 1533/1533/1533
v -0.770249 0.890458 0.633842
vt 0.5312500 0.9687500
vn -0.1096714 0.5255687 0.8436525
v -0.574706 0.971113 0.605301
vt 0.5312500 0.9687500
vn -0.0820892 0.5354868 0.8405446
v -0.577687 0.982048 0.598030
vt 0.5312500 0.9687500
vn -0.0825020 0.5368196 0.8396536
f 1534/1534/1534 1535/1535/1535 1536/1536/1536
v -0.766274 0.875822 0.643453
vt 0.5312500 0.9687500
vn -0.1091163 0.5237913 0.8448292
v -0.762987 0.863701 0.651377
vt 0.5312500 0.9687500
vn -0.1086217 0.5223298 0.8457973
v -0.572241 0.962061 0.611299
vt 0.5312500 0.9687500
vn -0.0817512 0.5343770 0.8412835
f 1537/1537/1537 1538/1538/1538 1539/1539/1539
v -0.766274 0.875822 0.643453
vt 0.5312500 0.9687500
vn -0.1091274 0.5237815 0.8448337
v -0.572241 0.962061 0.611299
vt 0.5312500 0.9687500
vn -0.0817190 0.5343892 0.8412789
v -0.574706 0.971113 0.605301
vt 0.5312500 0.9687500
vn -0.0820684 0.5354911 0.8405439
f 1540/1540/1540 1541/1541/1541 1542/1542/1542
v -0.762987 0.863701 0.651377
vt 0.5312500 0.9687500
vn -0.1086506 0.5223168 0.8458015
v -0.733262 0.839330 0.670103
vt 0.5312500 0.9687500
vn -0.1044313 0.5193916 0.8481312
v -0.549947 0.943616 0.625101
vt 0.5312500 0.9687500
vn -0.0785682 0.5321514 0.8429958
f 1543/1543/1543 1544/1544/1544 1545/1545/1545
v -0.762987 0.863701 0.651377
vt 0.5312500 0.9687500
vn -0.1086630 0.5223217 0.8457969
v -0.549947 0.943616 0.625101
vt 0.5312500 0.9687500
vn -0.0785556 0.5321560 0.8429940
v -0.572241 0.962061 0.611299
vt 0.5312500 0.9687500
vn -0.0817400 0.5343814 0.8412818
f 1546/1546/1546 1547/1547/1547 1548/1548/1548
v -0.733262 0.839330 0.670103
vt 0.5312500 0.9687500
vn -0.1044403 0.5193837 0.8481349
v -0.732219 0.838472 0.670757
vt 0.5312500 0.9687500
vn -0.1043026 0.5192708 0.8482209
v -0.549164 0.942967 0.625583
vt 0.5312500 0.9687500
vn -0.0784713 0.5320696 0.8430565
f 1549/1549/1549 1550/1550/1550 1551/1551/1551
v -0.733262 0.839330 0.670103
vt 0.5312500 0.9687500
vn -0.1044387 0.5193870 0.8481330
v -0.549164 0.942967 0.625583
vt 0.5312500 0.9687500
vn -0.0784539 0.5320725 0.8430561
v -0.549947 0.943616 0.625101
vt 0.5312500 0.9687500
vn -0.0785570 0.5321573 0.8429930
f 1552/1552/1552 1553/1553/1553 1554/1554/1554
v -0.732219 0.838472 0.670757
vt 0.5312500 0.9687500
vn -0.1042922 0.5192775 0.8482181
v -0.693906 0.825005 0.683565
vt 0.5312500 0.9687500
vn -0.0988813 0.5176502 0.8498592
v -0.520430 0.932559 0.634742
vt 0.5312500 0.9687500
vn -0.0743698 0.5308226 0.8442135
f 1555/1555/1555 1556/1556/1556 1557/1557/1557
v -0.732219 0.838472 0.670757
vt 0.5312500 0.9687500
vn -0.1042864 0.5192828 0.8482156
v -0.520430 0.932559 0.634742
vt 0.5312500 0.9687500
vn -0.0743727 0.5308116 0.8442202
v -0.549164 0.942967 0.625583
vt 0.5312500 0.9687500
vn -0.0784559 0.5320647 0.8430610
f 1558/1558/1558 1559/1559/1559 1560/1560/1560
v -0.693906 0.825005 0.683565
vt 0.5312500 0.9687500
vn -0.0988838 0.5176538 0.8498569
v -0.682099 0.820826 0.687470
vt 0.5312500 0.9687500
vn -0.0972114 0.5171523 0.8503549
v -0.511575 0.929336 0.637541
vt 0.5312500 0.9687500
vn -0.0731326 0.5304347 0.8445655
f 1561/1561/1561 1562/1562/1562 1563/1563/1563
v -0.693906 0.825005 0.683565
vt 0.5312500 0.9687500
vn -0.0988643 0.5176690 0.8498498
v -0.511575 0.929336 0.637541
vt 0.5312500 0.9687500
vn -0.0731052 0.5304338 0.8445683
v -0.520430 0.932559 0.634742
vt 0.5312500 0.9687500
vn -0.0743733 0.5308056 0.8442239
f 1564/1564/1564 1565/1565/1565 1566/1566/1566
v -0.682099 0.820826 0.687470
vt 0.5312500 0.9687500
vn -0.0972057 0.5171683 0.8503457
v -0.663678 0.821832 0.688935
vt 0.5312500 0.9687500
vn -0.0946027 0.5173100 0.8505532
v -0.497759 0.929902 0.638365
vt 0.5312500 0.9687500
vn -0.0711409 0.5305076 0.8446897
f 1567/1567/1567 1568/1568/1568 1569/1569/1569
v -0.682099 0.820826 0.687470
vt 0.5312500 0.9687500
vn -0.0971999 0.5171649 0.8503485
v -0.497759 0.929902 0.638365
vt 0.5312500 0.9687500
vn -0.0711393 0.5305120 0.8446870
v -0.511575 0.929336 0.637541
vt 0.5312500 0.9687500
vn -0.0731043 0.5304324 0.8445691
f 1570/1570/1570 1571/1571/1571 1572/1572/1572
v -0.663678 0.821832 0.688935
vt 0.5312500 0.9687500
vn -0.0946000 0.5173088 0.8505543
v -0.607558 0.824729 0.693152
vt 0.5312500 0.9687500
vn -0.0866681 0.5176760 0.8511758
v -0.455669 0.931531 0.640737
vt 0.5312500 0.9687500
vn -0.0651427 0.5307223 0.8450387
f 1573/1573/1573 1574/1574/1574 1575/1575/1575
v -0.663678 0.821832 0.688935
vt 0.5312500 0.9687500
vn -0.0945939 0.5172952 0.8505630
v -0.455669 0.931531 0.640737
vt 0.5312500 0.9687500
vn -0.0651514 0.5307349 0.8450300
v -0.497759 0.929902 0.638365
vt 0.5312500 0.9687500
vn -0.0711390 0.5305039 0.8446921
f 1576/1576/1576 1577/1577/1577 1578/1578/1578
v -0.607558 0.824729 0.693152
vt 0.5312500 0.9687500
vn -0.0866642 0.5176949 0.8511647
v -0.572359 0.826415 0.695606
vt 0.5312500 0.9687500
vn -0.0816805 0.5178930 0.8515370
v -0.429269 0.932480 0.642118
vt 0.5312500 0.9687500
vn -0.0613790 0.5308481 0.8452414
f 1579/1579/1579 1580/1580/1580 1581/1581/1581
v -0.607558 0.824729 0.693152
vt 0.5312500 0.9687500
vn -0.0866492 0.5176701 0.8511813
v -0.429269 0.932480 0.642118
vt 0.5312500 0.9687500
vn -0.0613932 0.5308331 0.8452498
v -0.455669 0.931531 0.640737
vt 0.5312500 0.9687500
vn -0.0651545 0.5307391 0.8450272
f 1582/1582/1582 1583/1583/1583 1584/1584/1584
v -0.572359 0.826415 0.695606
vt 0.5312500 0.9687500
vn -0.0816782 0.5179075 0.8515283
v -0.521248 0.828684 0.698910
vt 0.5312500 0.9687500
vn -0.0744276 0.5181881 0.8520221
v -0.390936 0.933756 0.643976
vt 0.5312500 0.9687500
vn -0.0559120 0.5310202 0.8455124
f 1585/1585/1585 1586/1586/1586 1587/1587/1587
v -0.572359 0.826415 0.695606
vt 0.5312500 0.9687500
vn -0.0816922 0.5178949 0.8515346
v -0.390936 0.933756 0.643976
vt 0.5312500 0.9687500
vn -0.0559269 0.5310168 0.8455136
v -0.429269 0.932480 0.642118
vt 0.5312500 0.9687500
vn -0.0613893 0.5308357 0.8452483
f 1588/1588/1588 1589/1589/1589 1590/1590/1590
v -0.521248 0.828684 0.698910
vt 0.5312500 0.9687500
vn -0.0744281 0.5181928 0.8520191
v -0.481949 0.830285 0.701240
vt 0.5312500 0.9687500
vn -0.0688406 0.5183800 0.8523749
v -0.361462 0.934657 0.645287
vt 0.5312500 0.9687500
vn -0.0517227 0.5311456 0.8457003
f 1591/1591/1591 1592/1592/1592 1593/1593/1593
v -0.521248 0.828684 0.698910
vt 0.5312500 0.9687500
vn -0.0744491 0.5181925 0.8520175
v -0.361462 0.934657 0.645287
vt 0.5312500 0.9687500
vn -0.0517256 0.5311278 0.8457114
v -0.390936 0.933756 0.643976
vt 0.5312500 0.9687500
vn -0.0559308 0.5310395 0.8454991
f 1594/1594/1594 1595/1595/1595 1596/1596/1596
v -0.481949 0.830285 0.701240
vt 0.5312500 0.9687500
vn -0.0688403 0.5184137 0.8523545
v -0.434672 0.832045 0.703801
vt 0.5312500 0.9687500
vn -0.0621185 0.5186233 0.8527433
v -0.326004 0.935646 0.646727
vt 0.5312500 0.9687500
vn -0.0466454 0.5312740 0.8459149
f 1597/1597/1597 1598/1598/1598 1599/1599/1599
v -0.481949 0.830285 0.701240
vt 0.5312500 0.9687500
vn -0.0688461 0.5183975 0.8523639
v -0.326004 0.935646 0.646727
vt 0.5312500 0.9687500
vn -0.0466609 0.5312775 0.8459119
v -0.361462 0.934657 0.645287
vt 0.5312500 0.9687500
vn -0.0517216 0.5311360 0.8457065
f 1600/1600/1600 1601/1601/1601 1602/1602/1602
v -0.434672 0.832045 0.703801
vt 0.5312500 0.9687500
vn -0.0621162 0.5186385 0.8527343
v -0.391722 0.833486 0.705898
vt 0.5312500 0.9687500
vn -0.0559976 0.5188020 0.8530585
v -0.293791 0.936457 0.647907
vt 0.5312500 0.9687500
vn -0.0420509 0.5313851 0.8460861
f 1603/1603/1603 1604/1604/1604 1605/1605/1605
v -0.434672 0.832045 0.703801
vt 0.5312500 0.9687500
vn -0.0621081 0.5186245 0.8527434
v -0.293791 0.936457 0.647907
vt 0.5312500 0.9687500
vn -0.0420574 0.5313905 0.8460823
v -0.326004 0.935646 0.646727
vt 0.5312500 0.9687500
vn -0.0466599 0.5312763 0.8459128
f 1606/1606/1606 1607/1607/1607 1608/1608/1608
v -0.391722 0.833486 0.705898
vt 0.5312500 0.9687500
vn -0.0560044 0.5187976 0.8530605
v -0.348016 0.834798 0.707809
vt 0.5312500 0.9687500
vn -0.0497697 0.5189848 0.8533332
v -0.261012 0.937195 0.648982
vt 0.5312500 0.9687500
vn -0.0373617 0.5314853 0.8462430
f 1609/1609/1609 1610/1610/1610 1611/1611/1611
v -0.391722 0.833486 0.705898
vt 0.5312500 0.9687500
vn -0.0560036 0.5188119 0.8530519
v -0.261012 0.937195 0.648982
vt 0.5312500 0.9687500
vn -0.0373702 0.5314969 0.8462354
v -0.293791 0.936457 0.647907
vt 0.5312500 0.9687500
vn -0.0420597 0.5313913 0.8460816
f 1612/1612/1612 1613/1613/1613 1614/1614/1614
v -0.348016 0.834798 0.707809
vt 0.5312500 0.9687500
vn -0.0497732 0.5189714 0.8533412
v -0.301692 0.836020 0.709588
vt 0.5312500 0.9687500
vn -0.0431578 0.5191449 0.8535958
v -0.226269 0.937883 0.649982
vt 0.5312500 0.9687500
vn -0.0324052 0.5315760 0.8463904
f 1615/1615/1615 1616/1616/1616 1617/1617/1617
v -0.348016 0.834798 0.707809
vt 0.5312500 0.9687500
vn -0.0497438 0.5189855 0.8533344
v -0.226269 0.937883 0.649982
vt 0.5312500 0.9687500
vn -0.0324020 0.5315887 0.8463826
v -0.261012 0.937195 0.648982
vt 0.5312500 0.9687500
vn -0.0373739 0.5314910 0.8462390
f 1618/1618/1618 1619/1619/1619 1620/1620/1620
v -0.301692 0.836020 0.709588
vt 0.5312500 0.9687500
vn -0.0431608 0.5191324 0.8536034
v -0.261219 0.836945 0.710934
vt 0.5312500 0.9687500
vn -0.0373768 0.5192658 0.8537951
v -0.195914 0.938403 0.650740
vt 0.5312500 0.9687500
vn -0.0280540 0.5316494 0.8464999
f 1621/1621/1621 1622/1622/1622 1623/1623/1623
v -0.301692 0.836020 0.709588
vt 0.5312500 0.9687500
vn -0.0431289 0.5191505 0.8535941
v -0.195914 0.938403 0.650740
vt 0.5312500 0.9687500
vn -0.0280608 0.5316475 0.8465008
v -0.226269 0.937883 0.649982
vt 0.5312500 0.9687500
vn -0.0324032 0.5315718 0.8463933
f 1624/1624/1624 1625/1625/1625 1626/1626/1626
v -0.261219 0.836945 0.710934
vt 0.5312500 0.9687500
vn -0.0373779 0.5192637 0.8537962
v -0.212609 0.837881 0.712296
vt 0.5312500 0.9687500
vn -0.0304307 0.5193951 0.8539921
v -0.159457 0.938929 0.651506
vt 0.5312500 0.9687500
vn -0.0228445 0.5317171 0.8466138
f 1627/1627/1627 1628/1628/1628 1629/1629/1629
v -0.261219 0.836945 0.710934
vt 0.5312500 0.9687500
vn -0.0373934 0.5192609 0.8537973
v -0.159457 0.938929 0.651506
vt 0.5312500 0.9687500
vn -0.0228450 0.5317043 0.8466219
v -0.195914 0.938403 0.650740
vt 0.5312500 0.9687500
vn -0.0280552 0.5316301 0.8465119
f 1630/1630/1630 1631/1631/1631 1632/1632/1632
v -0.212609 0.837881 0.712296
vt 0.5312500 0.9687500
vn -0.0304264 0.5193958 0.8539919
v -0.174226 0.838483 0.713173
vt 0.5312500 0.9687500
vn -0.0249443 0.5194812 0.8541178
v -0.130669 0.939268 0.651999
vt 0.5312500 0.9687500
vn -0.0187030 0.5317710 0.8466817
f 1633/1633/1633 1634/1634/1634 1635/1635/1635
v -0.212609 0.837881 0.712296
vt 0.5312500 0.9687500
vn -0.0304440 0.5193821 0.8539997
v -0.130669 0.939268 0.651999
vt 0.5312500 0.9687500
vn -0.0187251 0.5317408 0.8467001
v -0.159457 0.938929 0.651506
vt 0.5312500 0.9687500
vn -0.0228351 0.5316924 0.8466297
f 1636/1636/1636 1637/1637/1637 1638/1638/1638
v -0.174226 0.838483 0.713173
vt 0.5312500 0.9687500
vn -0.0249489 0.5194469 0.8541383
v -0.124088 0.839091 0.714057
vt 0.5312500 0.9687500
vn -0.0177586 0.5195333 0.8542656
v -0.093066 0.939610 0.652496
vt 0.5312500 0.9687500
vn -0.0133307 0.5318108 0.8467582
f 1639/1639/1639 1640/1640/1640 1641/1641/1641
v -0.174226 0.838483 0.713173
vt 0.5312500 0.9687500
vn -0.0249531 0.5194608 0.8541299
v -0.093066 0.939610 0.652496
vt 0.5312500 0.9687500
vn -0.0133300 0.5318219 0.8467513
v -0.130669 0.939268 0.651999
vt 0.5312500 0.9687500
vn -0.0187234 0.5317737 0.8466796
f 1642/1642/1642 1643/1643/1643 1644/1644/1644
v -0.124088 0.839091 0.714057
vt 0.5312500 0.9687500
vn -0.0177658 0.5195441 0.8542589
v -0.087141 0.839408 0.714518
vt 0.5312500 0.9687500
vn -0.0124775 0.5195898 0.8543246
v -0.065355 0.939788 0.652756
vt 0.5312500 0.9687500
vn -0.0093597 0.5318364 0.8467954
f 1645/1645/1645 1646/1646/1646 1647/1647/1647
v -0.124088 0.839091 0.714057
vt 0.5312500 0.9687500
vn -0.0177486 0.5195597 0.8542497
v -0.065355 0.939788 0.652756
vt 0.5312500 0.9687500
vn -0.0093631 0.5318365 0.8467953
v -0.093066 0.939610 0.652496
vt 0.5312500 0.9687500
vn -0.0133338 0.5318101 0.8467586
f 1648/1648/1648 1649/1649/1649 1650/1650/1650
v -0.087141 0.839408 0.714518
vt 0.5312500 0.9687500
vn -0.0124654 0.5196076 0.8543141
v -0.035666 0.839664 0.714892
vt 0.5312500 0.9687500
vn -0.0051184 0.5196429 0.8543682
v -0.026749 0.939932 0.652966
vt 0.5312500 0.9687500
vn -0.0038510 0.5318317 0.8468413
f 1651/1651/1651 1652/1652/1652 1653/1653/1653
v -0.087141 0.839408 0.714518
vt 0.5312500 0.9687500
vn -0.0124732 0.5195910 0.8543240
v -0.026749 0.939932 0.652966
vt 0.5312500 0.9687500
vn -0.0038382 0.5318390 0.8468369
v -0.065355 0.939788 0.652756
vt 0.5312500 0.9687500
vn -0.0093579 0.5318169 0.8468078
f 1654/1654/1654 1655/1655/1655 1656/1656/1656
v -0.035666 0.839664 0.714892
vt 0.5312500 0.9687500
vn -0.0051055 0.5196239 0.8543798
v -0.000000 0.839716 0.714967
vt 0.5312500 0.9687500
vn -0.0000017 0.5196322 0.8543900
v -0.000000 0.939961 0.653008
vt 0.5312500 0.9687500
vn -0.0000033 0.5318502 0.8468384
f 1657/1657/1657 1658/1658/1658 1659/1659/1659
v -0.035666 0.839664 0.714892
vt 0.5312500 0.9687500
vn -0.0051010 0.5196317 0.8543750
v -0.000000 0.939961 0.653008
vt 0.5312500 0.9687500
vn -0.0000014 0.5318502 0.8468385
v -0.026749 0.939932 0.652966
vt 0.5312500 0.9687500
vn -0.0038313 0.5318474 0.8468315
f 1660/1660/1660 1661/1661/1661 1662/1662/1662
v -0.000000 0.839716 0.714967
vt 0.5312500 0.9687500
vn 0.0000043 0.5196384 0.8543863
v 0.035666 0.839664 0.714892
vt 0.5312500 0.9687500
vn 0.0051045 0.5196283 0.8543772
v 0.026750 0.939932 0.652966
vt 0.5312500 0.9687500
vn 0.0038300 0.5318405 0.8468359
f 1663/1663/1663 1664/1664/1664 1665/1665/1665
v -0.000000 0.839716 0.714967
vt 0.5312500 0.9687500
vn 0.0000012 0.5196336 0.8543893
v 0.026750 0.939932 0.652966
vt 0.5312500 0.9687500
vn 0.0038297 0.5318441 0.8468336
v -0.000000 0.939961 0.653008
vt 0.5312500 0.9687500
vn 0.0000025 0.5318488 0.8468393
f 1666/1666/1666 1667/1667/1667 1668/1668/1668
v 0.035666 0.839664 0.714892
vt 0.5312500 0.9687500
vn 0.0051114 0.5196288 0.8543770
v 0.087141 0.839408 0.714518
vt 0.5312500 0.9687500
vn 0.0124731 0.5195938 0.8543224
v 0.065355 0.939788 0.652756
vt 0.5312500 0.9687500
vn 0.0093620 0.5318073 0.8468137
f 1669/1669/1669 1670/1670/1670 1671/1671/1671
v 0.035666 0.839664 0.714892
vt 0.5312500 0.9687500
vn 0.0051105 0.5196361 0.8543724
v 0.065355 0.939788 0.652756
vt 0.5312500 0.9687500
vn 0.0093716 0.5318485 0.8467877
v 0.026750 0.939932 0.652966
vt 0.5312500 0.9687500
vn 0.0038416 0.5318329 0.8468406
f 1672/1672/1672 1673/1673/1673 1674/1674/1674
v 0.087141 0.839408 0.714518
vt 0.5312500 0.9687500
vn 0.0124687 0.5195706 0.8543365
v 0.124088 0.839091 0.714057
vt 0.5312500 0.9687500
vn 0.0177569 0.5195650 0.8542464
v 0.093066 0.939610 0.652496
vt 0.5312500 0.9687500
vn 0.0133323 0.5318166 0.8467547
f 1675/1675/1675 1676/1676/1676 1677/1677/1677
v 0.087141 0.839408 0.714518
vt 0.5312500 0.9687500
vn 0.0124736 0.5196010 0.8543180
v 0.093066 0.939610 0.652496
vt 0.5312500 0.9687500
vn 0.0133333 0.5318086 0.8467596
v 0.065355 0.939788 0.652756
vt 0.5312500 0.9687500
vn 0.0093643 0.5318326 0.8467977
f 1678/1678/1678 1679/1679/1679 1680/1680/1680
v 0.124088 0.839091 0.714057
vt 0.5312500 0.9687500
vn 0.0177716 0.5195580 0.8542503
v 0.174226 0.838484 0.713173
vt 0.5312500 0.9687500
vn 0.0249346 0.5194737 0.8541225
v 0.130669 0.939268 0.651999
vt 0.5312500 0.9687500
vn 0.0187227 0.5317572 0.8466899
f 1681/1681/1681 1682/1682/1682 1683/1683/1683
v 0.124088 0.839091 0.714057
vt 0.5312500 0.9687500
vn 0.0177681 0.5195350 0.8542644
v 0.130669 0.939268 0.651999
vt 0.5312500 0.9687500
vn 0.0187243 0.5317724 0.8466803
v 0.093066 0.939610 0.652496
vt 0.5312500 0.9687500
vn 0.0133284 0.5318202 0.8467524
f 1684/1684/1684 1685/1685/1685 1686/1686/1686
v 0.174226 0.838484 0.713173
vt 0.5312500 0.9687500
vn 0.0249367 0.5194602 0.8541307
v 0.212609 0.837881 0.712296
vt 0.5312500 0.9687500
vn 0.0304337 0.5193746 0.8540046
v 0.159457 0.938929 0.651506
vt 0.5312500 0.9687500
vn 0.0228355 0.5317256 0.8466087
f 1687/1687/1687 1688/1688/1688 1689/1689/1689
v 0.174226 0.838484 0.713173
vt 0.5312500 0.9687500
vn 0.0249342 0.5194744 0.8541220
v 0.159457 0.938929 0.651506
vt 0.5312500 0.9687500
vn 0.0228434 0.5317235 0.8466098
v 0.130669 0.939268 0.651999
vt 0.5312500 0.9687500
vn 0.0187175 0.5317706 0.8466815
f 1690/1690/1690 1691/1691/1691 1692/1692/1692
v 0.212609 0.837881 0.712296
vt 0.5312500 0.9687500
vn 0.0304298 0.5193896 0.8539955
v 0.261219 0.836945 0.710934
vt 0.5312500 0.9687500
vn 0.0373800 0.5192594 0.8537988
v 0.195914 0.938403 0.650740
vt 0.5312500 0.9687500
vn 0.0280568 0.5316497 0.8464994
f 1693/1693/1693 1694/1694/1694 1695/1695/1695
v 0.212609 0.837881 0.712296
vt 0.5312500 0.9687500
vn 0.0304202 0.5193970 0.8539915
v 0.195914 0.938403 0.650740
vt 0.5312500 0.9687500
vn 0.0280575 0.5316406 0.8465052
v 0.159457 0.938929 0.651506
vt 0.5312500 0.9687500
vn 0.0228428 0.5317144 0.8466156
f 1696/1696/1696 1697/1697/1697 1698/1698/1698
v 0.261219 0.836945 0.710934
vt 0.5312500 0.9687500
vn 0.0373758 0.5192647 0.8537958
v 0.301693 0.836020 0.709588
vt 0.5312500 0.9687500
vn 0.0431616 0.5191343 0.8536022
v 0.226269 0.937883 0.649982
vt 0.5312500 0.9687500
vn 0.0323858 0.5315878 0.8463838
f 1699/1699/1699 1700/1700/1700 1701/1701/1701
v 0.261219 0.836945 0.710934
vt 0.5312500 0.9687500
vn 0.0373728 0.5192680 0.8537938
v 0.226269 0.937883 0.649982
vt 0.5312500 0.9687500
vn 0.0324105 0.5315967 0.8463773
v 0.195914 0.938403 0.650740
vt 0.5312500 0.9687500
vn 0.0280660 0.5316302 0.8465114
f 1702/1702/1702 1703/1703/1703 1704/1704/1704
v 0.301693 0.836020 0.709588
vt 0.5312500 0.9687500
vn 0.0431666 0.5191664 0.8535824
v 0.348016 0.834798 0.707809
vt 0.5312500 0.9687500
vn 0.0497648 0.5189936 0.8533282
v 0.261012 0.937195 0.648982
vt 0.5312500 0.9687500
vn 0.0373870 0.5314780 0.8462466
f 1705/1705/1705 1706/1706/1706 1707/1707/1707
v 0.301693 0.836020 0.709588
vt 0.5312500 0.9687500
vn 0.0431419 0.5191538 0.8535913
v 0.261012 0.937195 0.648982
vt 0.5312500 0.9687500
vn 0.0373746 0.5314911 0.8462389
v 0.226269 0.937883 0.649982
vt 0.5312500 0.9687500
vn 0.0323998 0.5315882 0.8463830
f 1708/1708/1708 1709/1709/1709 1710/1710/1710
v 0.348016 0.834798 0.707809
vt 0.5312500 0.9687500
vn 0.0497649 0.5189705 0.8533424
v 0.391722 0.833486 0.705898
vt 0.5312500 0.9687500
vn 0.0559973 0.5188262 0.8530437
v 0.293791 0.936457 0.647907
vt 0.5312500 0.9687500
vn 0.0420658 0.5313836 0.8460863
f 1711/1711/1711 1712/1712/1712 1713/1713/1713
v 0.348016 0.834798 0.707809
vt 0.5312500 0.9687500
vn 0.0497816 0.5189789 0.8533361
v 0.293791 0.936457 0.647907
vt 0.5312500 0.9687500
vn 0.0420560 0.5313749 0.8460921
v 0.261012 0.937195 0.648982
vt 0.5312500 0.9687500
vn 0.0373749 0.5314790 0.8462465
f 1714/1714/1714 1715/1715/1715 1716/1716/1716
v 0.391722 0.833486 0.705898
vt 0.5312500 0.9687500
vn 0.0559954 0.5187960 0.8530622
v 0.434672 0.832045 0.703801
vt 0.5312500 0.9687500
vn 0.0621179 0.5186303 0.8527391
v 0.326004 0.935646 0.646727
vt 0.5312500 0.9687500
vn 0.0466369 0.5312831 0.8459097
f 1717/1717/1717 1718/1718/1718 1719/1719/1719
v 0.391722 0.833486 0.705898
vt 0.5312500 0.9687500
vn 0.0560026 0.5188122 0.8530520
v 0.326004 0.935646 0.646727
vt 0.5312500 0.9687500
vn 0.0466578 0.5312631 0.8459211
v 0.293791 0.936457 0.647907
vt 0.5312500 0.9687500
vn 0.0420614 0.5313782 0.8460898
f 1720/1720/1720 1721/1721/1721 1722/1722/1722
v 0.434672 0.832045 0.703801
vt 0.5312500 0.9687500
vn 0.0621149 0.5186133 0.8527496
v 0.481949 0.830285 0.701240
vt 0.5312500 0.9687500
vn 0.0688422 0.5184032 0.8523608
v 0.361462 0.934657 0.645287
vt 0.5312500 0.9687500
vn 0.0517179 0.5311448 0.8457012
f 1723/1723/1723 1724/1724/1724 1725/1725/1725
v 0.434672 0.832045 0.703801
vt 0.5312500 0.9687500
vn 0.0621120 0.5186252 0.8527427
v 0.361462 0.934657 0.645287
vt 0.5312500 0.9687500
vn 0.0517205 0.5311375 0.8457056
v 0.326004 0.935646 0.646727
vt 0.5312500 0.9687500
vn 0.0466595 0.5312797 0.8459107
f 1726/1726/1726 1727/1727/1727 1728/1728/1728
v 0.481949 0.830285 0.701240
vt 0.5312500 0.9687500
vn 0.0688392 0.5183731 0.8523792
v 0.521248 0.828684 0.698910
vt 0.5312500 0.9687500
vn 0.0744287 0.5181856 0.8520235
v 0.390936 0.933756 0.643976
vt 0.5312500 0.9687500
vn 0.0559015 0.5310244 0.8455105
f 1729/1729/1729 1730/1730/1730 1731/1731/1731
v 0.481949 0.830285 0.701240
vt 0.5312500 0.9687500
vn 0.0688554 0.5183956 0.8523643
v 0.390936 0.933756 0.643976
vt 0.5312500 0.9687500
vn 0.0559286 0.5310276 0.8455067
v 0.361462 0.934657 0.645287
vt 0.5312500 0.9687500
vn 0.0517200 0.5311552 0.8456945
f 1732/1732/1732 1733/1733/1733 1734/1734/1734
v 0.521248 0.828684 0.698910
vt 0.5312500 0.9687500
vn 0.0744299 0.5181903 0.8520204
v 0.572358 0.826415 0.695606
vt 0.5312500 0.9687500
vn 0.0816846 0.5178707 0.8515500
v 0.429269 0.932480 0.642118
vt 0.5312500 0.9687500
vn 0.0613905 0.5308543 0.8452365
f 1735/1735/1735 1736/1736/1736 1737/1737/1737
v 0.521248 0.828684 0.698910
vt 0.5312500 0.9687500
vn 0.0744536 0.5181861 0.8520210
v 0.429269 0.932480 0.642118
vt 0.5312500 0.9687500
vn 0.0613932 0.5308573 0.8452345
v 0.390936 0.933756 0.643976
vt 0.5312500 0.9687500
vn 0.0559257 0.5310384 0.8455001
f 1738/1738/1738 1739/1739/1739 1740/1740/1740
v 0.572358 0.826415 0.695606
vt 0.5312500 0.9687500
vn 0.0816812 0.5179034 0.8515306
v 0.607558 0.824729 0.693152
vt 0.5312500 0.9687500
vn 0.0866682 0.5176645 0.8511827
v 0.455669 0.931531 0.640737
vt 0.5312500 0.9687500
vn 0.0651665 0.5307294 0.8450323
f 1741/1741/1741 1742/1742/1742 1743/1743/1743
v 0.572358 0.826415 0.695606
vt 0.5312500 0.9687500
vn 0.0816843 0.5178928 0.8515368
v 0.455669 0.931531 0.640737
vt 0.5312500 0.9687500
vn 0.0651515 0.5307267 0.8450352
v 0.429269 0.932480 0.642118
vt 0.5312500 0.9687500
vn 0.0613911 0.5308607 0.8452325
f 1744/1744/1744 1745/1745/1745 1746/1746/1746
v 0.607558 0.824729 0.693152
vt 0.5312500 0.9687500
vn 0.0866633 0.5176657 0.8511825
v 0.663678 0.821832 0.688935
vt 0.5312500 0.9687500
vn 0.0946038 0.5172978 0.8505605
v 0.497759 0.929902 0.638365
vt 0.5312500 0.9687500
vn 0.0711633 0.5305114 0.8446855
f 1747/1747/1747 1748/1748/1748 1749/1749/1749
v 0.607558 0.824729 0.693152
vt 0.5312500 0.9687500
vn 0.0866448 0.5176709 0.8511813
v 0.497759 0.929902 0.638365
vt 0.5312500 0.9687500
vn 0.0711401 0.5305074 0.8446898
v 0.455669 0.931531 0.640737
vt 0.5312500 0.9687500
vn 0.0651502 0.5307381 0.8450281
f 1750/1750/1750 1751/1751/1751 1752/1752/1752
v 0.663678 0.821832 0.688935
vt 0.5312500 0.9687500
vn 0.0946057 0.5173163 0.8505490
v 0.682099 0.820826 0.687470
vt 0.5312500 0.9687500
vn 0.0972023 0.5171749 0.8503422
v 0.511575 0.929336 0.637541
vt 0.5312500 0.9687500
vn 0.0731173 0.5304384 0.8445644
f 1753/1753/1753 1754/1754/1754 1755/1755/1755
v 0.663678 0.821832 0.688935
vt 0.5312500 0.9687500
vn 0.0946152 0.5173007 0.8505574
v 0.511575 0.929336 0.637541
vt 0.5312500 0.9687500
vn 0.0731043 0.5304311 0.8445700
v 0.497759 0.929902 0.638365
vt 0.5312500 0.9687500
vn 0.0711401 0.5305113 0.8446874
f 1756/1756/1756 1757/1757/1757 1758/1758/1758
v 0.682099 0.820826 0.687470
vt 0.5312500 0.9687500
vn 0.0971961 0.5171853 0.8503367
v 0.693906 0.825005 0.683565
vt 0.5312500 0.9687500
vn 0.0988644 0.5176853 0.8498399
v 0.520430 0.932559 0.634742
vt 0.5312500 0.9687500
vn 0.0743757 0.5308195 0.8442151
f 1759/1759/1759 1760/1760/1760 1761/1761/1761
v 0.682099 0.820826 0.687470
vt 0.5312500 0.9687500
vn 0.0971850 0.5171694 0.8503475
v 0.520430 0.932559 0.634742
vt 0.5312500 0.9687500
vn 0.0743715 0.5308069 0.8442232
v 0.511575 0.929336 0.637541
vt 0.5312500 0.9687500
vn 0.0731036 0.5304348 0.8445678
f 1762/1762/1762 1763/1763/1763 1764/1764/1764
v 0.693906 0.825005 0.683565
vt 0.5312500 0.9687500
vn 0.0988722 0.5176739 0.8498461
v 0.732218 0.838472 0.670757
vt 0.5312500 0.9687500
vn 0.1042771 0.5192975 0.8482079
v 0.549164 0.942967 0.625583
vt 0.5312500 0.9687500
vn 0.0784477 0.5320736 0.8430562
f 1765/1765/1765 1766/1766/1766 1767/1767/1767
v 0.693906 0.825005 0.683565
vt 0.5312500 0.9687500
vn 0.0988668 0.5176711 0.8498483
v 0.549164 0.942967 0.625583
vt 0.5312500 0.9687500
vn 0.0784488 0.5320807 0.8430515
v 0.520430 0.932559 0.634742
vt 0.5312500 0.9687500
vn 0.0743610 0.5308268 0.8442116
f 1768/1768/1768 1769/1769/1769 1770/1770/1770
v 0.732218 0.838472 0.670757
vt 0.5312500 0.9687500
vn 0.1042948 0.5192764 0.8482185
v 0.733262 0.839330 0.670103
vt 0.5312500 0.9687500
vn 0.1044319 0.5193896 0.8481323
v 0.549947 0.943616 0.625101
vt 0.5312500 0.9687500
vn 0.0785504 0.5321541 0.8429957
f 1771/1771/1771 1772/1772/1772 1773/1773/1773
v 0.732218 0.838472 0.670757
vt 0.5312500 0.9687500
vn 0.1043021 0.5192794 0.8482158
v 0.549947 0.943616 0.625101
vt 0.5312500 0.9687500
vn 0.0785618 0.5321541 0.8429947
v 0.549164 0.942967 0.625583
vt 0.5312500 0.9687500
vn 0.0784590 0.5320670 0.8430592
f 1774/1774/1774 1775/1775/1775 1776/1776/1776
v 0.733262 0.839330 0.670103
vt 0.5312500 0.9687500
vn 0.1044214 0.5194046 0.8481244
v 0.762987 0.863701 0.651377
vt 0.5312500 0.9687500
vn 0.1086377 0.5223268 0.8457969
v 0.572240 0.962061 0.611299
vt 0.5312500 0.9687500
vn 0.0817271 0.5343878 0.8412790
f 1777/1777/1777 1778/1778/1778 1779/1779/1779
v 0.733262 0.839330 0.670103
vt 0.5312500 0.9687500
vn 0.1044110 0.5193948 0.8481317
v 0.572240 0.962061 0.611299
vt 0.5312500 0.9687500
vn 0.0817268 0.5343960 0.8412738
v 0.549947 0.943616 0.625101
vt 0.5312500 0.9687500
vn 0.0785772 0.5321429 0.8430003
f 1780/1780/1780 1781/1781/1781 1782/1782/1782
v 0.762987 0.863701 0.651377
vt 0.5312500 0.9687500
vn 0.1086395 0.5223246 0.8457981
v 0.766274 0.875821 0.643454
vt 0.5312500 0.9687500
vn 0.1090892 0.5237965 0.8448294
v 0.574706 0.971113 0.605301
vt 0.5312500 0.9687500
vn 0.0820783 0.5354932 0.8405417
f 1783/1783/1783 1784/1784/1784 1785/1785/1785
v 0.762987 0.863701 0.651377
vt 0.5312500 0.9687500
vn 0.1086227 0.5223391 0.8457913
v 0.574706 0.971113 0.605301
vt 0.5312500 0.9687500
vn 0.0821023 0.5354828 0.8405459
v 0.572240 0.962061 0.611299
vt 0.5312500 0.9687500
vn 0.0817521 0.5343820 0.8412803
f 1786/1786/1786 1787/1787/1787 1788/1788/1788
v 0.766274 0.875821 0.643454
vt 0.5312500 0.9687500
vn 0.1091081 0.5237921 0.8448297
v 0.770249 0.890458 0.633842
vt 0.5312500 0.9687500
vn 0.1096889 0.5255626 0.8436541
v 0.577687 0.982048 0.598030
vt 0.5312500 0.9687500
vn 0.0825017 0.5368248 0.8396504
f 1789/1789/1789 1790/1790/1790 1791/1791/1791
v 0.766274 0.875821 0.643454
vt 0.5312500 0.9687500
vn 0.1090942 0.5238037 0.8448243
v 0.577687 0.982048 0.598030
vt 0.5312500 0.9687500
vn 0.0824973 0.5368208 0.8396533
v 0.574706 0.971113 0.605301
vt 0.5312500 0.9687500
vn 0.0820841 0.5354868 0.8405451
f 1792/1792/1792 1793/1793/1793 1794/1794/1794
v 0.770249 0.890458 0.633842
vt 0.5312500 0.9687500
vn 0.1096755 0.5255687 0.8436521
v 0.787413 0.953402 0.591962
vt 0.5312500 0.9687500
vn 0.1121174 0.5331886 0.8385342
v 0.590560 1.029120 0.566423
vt 0.5312500 0.9687500
vn 0.0843672 0.5425354 0.8357856
f 1795/1795/1795 1796/1796/1796 1797/1797/1797
v 0.770249 0.890458 0.633842
vt 0.5312500 0.9687500
vn 0.1096757 0.5255706 0.8436509
v 0.590560 1.029120 0.566423
vt 0.5312500 0.9687500
vn 0.0843701 0.5425362 0.8357849
v 0.577687 0.982048 0.598030
vt 0.5312500 0.9687500
vn 0.0825024 0.5368168 0.8396555
f 1798/1798/1798 1799/1799/1799 1800/1800/1800
v 0.787413 0.953402 0.591962
vt 0.5312500 0.9687500
vn 0.1121346 0.5331896 0.8385312
v 0.789568 0.961276 0.586661
vt 0.5312500 0.9687500
vn 0.1124455 0.5341414 0.8378837
v 0.592176 1.035014 0.562430
vt 0.5312500 0.9687500
vn 0.0845885 0.5432592 0.8352929
f 1801/1801/1801 1802/1802/1802 1803/1803/1803
v 0.787413 0.953402 0.591962
vt 0.5312500 0.9687500
vn 0.1121271 0.5331926 0.8385303
v 0.592176 1.035014 0.562430
vt 0.5312500 0.9687500
vn 0.0846089 0.5432533 0.8352945
v 0.590560 1.029120 0.566423
vt 0.5312500 0.9687500
vn 0.0843636 0.5425405 0.8357826
f 1804/1804/1804 1805/1805/1805 1806/1806/1806
v 0.789568 0.961276 0.586661
vt 0.5312500 0.9687500
vn 0.1124259 0.5341534 0.8378786
v 0.808633 1.030641 0.539340
vt 0.5312500 0.9687500
vn 0.1151544 0.5425487 0.8320940
v 0.606475 1.086990 0.526871
vt 0.5312500 0.9687500
vn 0.0866513 0.5495687 0.8309428
f 1807/1807/1807 1808/1808/1808 1809/1809/1809
v 0.789568 0.961276 0.586661
vt 0.5312500 0.9687500
vn 0.1124535 0.5341346 0.8378869
v 0.606475 1.086990 0.526871
vt 0.5312500 0.9687500
vn 0.0866299 0.5495821 0.8309361
v 0.592176 1.035014 0.562430
vt 0.5312500 0.9687500
vn 0.0845817 0.5432585 0.8352939
f 1810/1810/1810 1811/1811/1811 1812/1812/1812
v 0.808633 1.030641 0.539340
vt 0.5312500 0.9687500
vn 0.1151568 0.5425499 0.8320928
v 0.809391 1.033386 0.537445
vt 0.5312500 0.9687500
vn 0.1152500 0.5428865 0.8318603
v 0.607043 1.089049 0.525449
vt 0.5312500 0.9687500
vn 0.0867195 0.5498310 0.8307620
f 1813/1813/1813 1814/1814/1814 1815/1815/1815
v 0.808633 1.030641 0.539340
vt 0.5312500 0.9687500
vn 0.1151465 0.5425532 0.8320920
v 0.607043 1.089049 0.525449
vt 0.5312500 0.9687500
vn 0.0867086 0.5498328 0.8307620
v 0.606475 1.086990 0.526871
vt 0.5312500 0.9687500
vn 0.0866379 0.5495793 0.8309370
f 1816/1816/1816 1817/1817/1817 1818/1818/1818
v 0.809391 1.033386 0.537445
vt 0.5312500 0.9687500
vn 0.1152735 0.5428786 0.8318623
v 0.824171 1.086787 0.500218
vt 0.5312500 0.9687500
vn 0.1173757 0.5493550 0.8273041
v 0.618128 1.129133 0.497577
vt 0.5312500 0.9687500
vn 0.0882718 0.5547165 0.8273438
f 1819/1819/1819 1820/1820/1820 1821/1821/1821
v 0.809391 1.033386 0.537445
vt 0.5312500 0.9687500
vn 0.1152482 0.5428896 0.8318585
v 0.618128 1.129133 0.497577
vt 0.5312500 0.9687500
vn 0.0882995 0.5547041 0.8273491
v 0.607043 1.089049 0.525449
vt 0.5312500 0.9687500
vn 0.0866997 0.5498323 0.8307632
f 1822/1822/1822 1823/1823/1823 1824/1824/1824
v 0.824171 1.086787 0.500218
vt 0.5312500 0.9687500
vn 0.1173826 0.5493470 0.8273084
v 0.830224 1.108570 0.484840
vt 0.5312500 0.9687500
vn 0.1182175 0.5519944 0.8254252
v 0.622668 1.145501 0.486087
vt 0.5312500 0.9687500
vn 0.0889269 0.5567008 0.8259396
f 1825/1825/1825 1826/1826/1826 1827/1827/1827
v 0.824171 1.086787 0.500218
vt 0.5312500 0.9687500
vn 0.1173716 0.5493518 0.8273068
v 0.622668 1.145501 0.486087
vt 0.5312500 0.9687500
vn 0.0889376 0.5566988 0.8259398
v 0.618128 1.129133 0.497577
vt 0.5312500 0.9687500
vn 0.0882860 0.5547099 0.8273466
f 1828/1828/1828 1829/1829/1829 1830/1830/1830
v 0.830224 1.108570 0.484840
vt 0.5312500 0.9687500
vn 0.1182329 0.5519902 0.8254258
v 0.830480 1.109489 0.484188
vt 0.5312500 0.9687500
vn 0.1182651 0.5521023 0.8253462
v 0.622860 1.146192 0.485601
vt 0.5312500 0.9687500
vn 0.0889755 0.5567836 0.8258785
f 1831/1831/1831 1832/1832/1832 1833/1833/1833
v 0.830224 1.108570 0.484840
vt 0.5312500 0.9687500
vn 0.1182038 0.5519953 0.8254265
v 0.622860 1.146192 0.485601
vt 0.5312500 0.9687500
vn 0.0889425 0.5567884 0.8258788
v 0.622668 1.145501 0.486087
vt 0.5312500 0.9687500
vn 0.0889189 0.5567046 0.8259378
f 1834/1834/1834 1835/1835/1835 1836/1836/1836
v 0.830480 1.109489 0.484188
vt 0.5312500 0.9687500
vn 0.1182393 0.5521142 0.8253419
v 0.852160 1.187061 0.428479
vt 0.5312500 0.9687500
vn 0.1212967 0.5615059 0.8185343
v 0.639120 1.204561 0.444097
vt 0.5312500 0.9687500
vn 0.0912563 0.5638864 0.8207949
f 1837/1837/1837 1838/1838/1838 1839/1839/1839
v 0.830480 1.109489 0.484188
vt 0.5312500 0.9687500
vn 0.1182551 0.5521042 0.8253465
v 0.639120 1.204561 0.444097
vt 0.5312500 0.9687500
vn 0.0912706 0.5638846 0.8207946
v 0.622860 1.146192 0.485601
vt 0.5312500 0.9687500
vn 0.0889798 0.5567843 0.8258777
f 1840/1840/1840 1841/1841/1841 1842/1842/1842
v 0.852160 1.187061 0.428479
vt 0.5312500 0.9687500
vn 0.1212813 0.5615119 0.8185323
v 0.852569 1.188520 0.427418
vt 0.5312500 0.9687500
vn 0.1213770 0.5616786 0.8184038
v 0.639427 1.205660 0.443308
vt 0.5312500 0.9687500
vn 0.0913084 0.5640162 0.8207000
f 1843/1843/1843 1844/1844/1844 1845/1845/1845
v 0.852160 1.187061 0.428479
vt 0.5312500 0.9687500
vn 0.1213002 0.5615066 0.8185332
v 0.639427 1.205660 0.443308
vt 0.5312500 0.9687500
vn 0.0913380 0.5640112 0.8207002
v 0.639120 1.204561 0.444097
vt 0.5312500 0.9687500
vn 0.0912534 0.5638871 0.8207948
f 1846/1846/1846 1847/1847/1847 1848/1848/1848
v 0.852569 1.188520 0.427418
vt 0.5312500 0.9687500
vn 0.1213740 0.5616757 0.8184062
v 0.871343 1.255143 0.378371
vt 0.5312500 0.9687500
vn 0.1239723 0.5697505 0.8124132
v 0.653507 1.255896 0.406914
vt 0.5312500 0.9687500
vn 0.0932956 0.5701255 0.8162432
f 1849/1849/1849 1850/1850/1850 1851/1851/1851
v 0.852569 1.188520 0.427418
vt 0.5312500 0.9687500
vn 0.1213512 0.5616840 0.8184039
v 0.653507 1.255896 0.406914
vt 0.5312500 0.9687500
vn 0.0933002 0.5701267 0.8162417
v 0.639427 1.205660 0.443308
vt 0.5312500 0.9687500
vn 0.0913299 0.5640165 0.8206975
f 1852/1852/1852 1853/1853/1853 1854/1854/1854
v 0.871343 1.255143 0.378371
vt 0.5312500 0.9687500
vn 0.1240095 0.5697448 0.8124115
v 0.873914 1.265984 0.370362
vt 0.5312500 0.9687500
vn 0.1243720 0.5710596 0.8114323
v 0.655435 1.264073 0.400974
vt 0.5312500 0.9687500
vn 0.0935730 0.5711195 0.8155161
f 1855/1855/1855 1856/1856/1856 1857/1857/1857
v 0.871343 1.255143 0.378371
vt 0.5312500 0.9687500
vn 0.1239975 0.5697539 0.8124070
v 0.655435 1.264073 0.400974
vt 0.5312500 0.9687500
vn 0.0935964 0.5711144 0.8155171
v 0.653507 1.255896 0.406914
vt 0.5312500 0.9687500
vn 0.0933121 0.5701228 0.8162432
f 1858/1858/1858 1859/1859/1859 1860/1860/1860
v 0.873914 1.265984 0.370362
vt 0.5312500 0.9687500
vn 0.1243206 0.5710700 0.8114331
v 0.874234 1.267335 0.369362
vt 0.5312500 0.9687500
vn 0.1243611 0.5712338 0.8113115
v 0.655676 1.265092 0.400233
vt 0.5312500 0.9687500
vn 0.0936215 0.5712449 0.8154230
f 1861/1861/1861 1862/1862/1862 1863/1863/1863
v 0.873914 1.265984 0.370362
vt 0.5312500 0.9687500
vn 0.1243445 0.5710649 0.8114329
v 0.655676 1.265092 0.400233
vt 0.5312500 0.9687500
vn 0.0935947 0.5712463 0.8154249
v 0.655435 1.264073 0.400974
vt 0.5312500 0.9687500
vn 0.0935621 0.5711227 0.8155152
f 1864/1864/1864 1865/1865/1865 1866/1866/1866
v 0.874234 1.267335 0.369362
vt 0.5312500 0.9687500
vn 0.1244009 0.5712211 0.8113144
v 0.887494 1.323038 0.327732
vt 0.5312500 0.9687500
vn 0.1262167 0.5779698 0.8062383
v 0.665620 1.307149 0.369417
vt 0.5312500 0.9687500
vn 0.0949927 0.5763534 0.8116608
f 1867/1867/1867 1868/1868/1868 1869/1869/1869
v 0.874234 1.267335 0.369362
vt 0.5312500 0.9687500
vn 0.1244074 0.5712278 0.8113087
v 0.665620 1.307149 0.369417
vt 0.5312500 0.9687500
vn 0.0950277 0.5763485 0.8116602
v 0.655676 1.265092 0.400233
vt 0.5312500 0.9687500
vn 0.0936185 0.5712436 0.8154241
f 1870/1870/1870 1871/1871/1871 1872/1872/1872
v 0.887494 1.323038 0.327732
vt 0.5312500 0.9687500
vn 0.1262459 0.5779729 0.8062316
v 0.887418 1.323260 0.327585
vt 0.5312500 0.9687500
vn 0.1261947 0.5779940 0.8062245
v 0.665564 1.307315 0.369306
vt 0.5312500 0.9687500
vn 0.0949881 0.5763752 0.8116459
f 1873/1873/1873 1874/1874/1874 1875/1875/1875
v 0.887494 1.323038 0.327732
vt 0.5312500 0.9687500
vn 0.1262148 0.5779709 0.8062379
v 0.665564 1.307315 0.369306
vt 0.5312500 0.9687500
vn 0.0949963 0.5763742 0.8116457
v 0.665620 1.307149 0.369417
vt 0.5312500 0.9687500
vn 0.0950030 0.5763540 0.8116592
f 1876/1876/1876 1877/1877/1877 1878/1878/1878
v 0.887418 1.323260 0.327585
vt 0.5312500 0.9687500
vn 0.1262137 0.5779980 0.8062187
v 0.878244 1.350077 0.309710
vt 0.5312500 0.9687500
vn 0.1249044 0.5812625 0.8040727
v 0.658683 1.327372 0.355820
vt 0.5312500 0.9687500
vn 0.0940274 0.5788290 0.8100099
f 1879/1879/1879 1880/1880/1880 1881/1881/1881
v 0.887418 1.323260 0.327585
vt 0.5312500 0.9687500
vn 0.1262064 0.5779980 0.8062196
v 0.658683 1.327372 0.355820
vt 0.5312500 0.9687500
vn 0.0940045 0.5788265 0.8100141
v 0.665564 1.307315 0.369306
vt 0.5312500 0.9687500
vn 0.0949922 0.5763733 0.8116467
f 1882/1882/1882 1883/1883/1883 1884/1884/1884
v 0.878244 1.350077 0.309710
vt 0.5312500 0.9687500
vn 0.1249058 0.5812662 0.8040698
v 0.876222 1.355979 0.305753
vt 0.5312500 0.9687500
vn 0.1246578 0.5819914 0.8035835
v 0.657166 1.331789 0.352838
vt 0.5312500 0.9687500
vn 0.0938284 0.5793667 0.8096483
f 1885/1885/1885 1886/1886/1886 1887/1887/1887
v 0.878244 1.350077 0.309710
vt 0.5312500 0.9687500
vn 0.1249439 0.5812672 0.8040631
v 0.657166 1.331789 0.352838
vt 0.5312500 0.9687500
vn 0.0938351 0.5793720 0.8096439
v 0.658683 1.327372 0.355820
vt 0.5312500 0.9687500
vn 0.0940204 0.5788270 0.8100120
f 1888/1888/1888 1889/1889/1889 1890/1890/1890
v 0.876222 1.355979 0.305753
vt 0.5312500 0.9687500
vn 0.1246425 0.5819872 0.8035889
v 0.872467 1.366924 0.298394
vt 0.5312500 0.9687500
vn 0.1240897 0.5833185 0.8027087
v 0.654350 1.339981 0.347294
vt 0.5312500 0.9687500
vn 0.0934286 0.5803688 0.8089766
f 1891/1891/1891 1892/1892/1892 1893/1893/1893
v 0.876222 1.355979 0.305753
vt 0.5312500 0.9687500
vn 0.1246472 0.5819871 0.8035882
v 0.654350 1.339981 0.347294
vt 0.5312500 0.9687500
vn 0.0934236 0.5803708 0.8089756
v 0.657166 1.331789 0.352838
vt 0.5312500 0.9687500
vn 0.0938159 0.5793698 0.8096476
f 1894/1894/1894 1895/1895/1895 1896/1896/1896
v 0.872467 1.366924 0.298394
vt 0.5312500 0.9687500
vn 0.1241088 0.5833249 0.8027011
v 0.858067 1.379396 0.291524
vt 0.5312500 0.9687500
vn 0.1220846 0.5848612 0.8018931
v 0.643551 1.349183 0.341920
vt 0.5312500 0.9687500
vn 0.0918957 0.5814950 0.8083432
f 1897/1897/1897 1898/1898/1898 1899/1899/1899
v 0.872467 1.366924 0.298394
vt 0.5312500 0.9687500
vn 0.1240971 0.5833251 0.8027027
v 0.643551 1.349183 0.341920
vt 0.5312500 0.9687500
vn 0.0918636 0.5814928 0.8083484
v 0.654350 1.339981 0.347294
vt 0.5312500 0.9687500
vn 0.0934239 0.5803815 0.8089681
f 1900/1900/1900 1901/1901/1901 1902/1902/1902
v 0.858067 1.379396 0.291524
vt 0.5312500 0.9687500
vn 0.1220866 0.5848612 0.8018929
v 0.831253 1.402537 0.278612
vt 0.5312500 0.9687500
vn 0.1183235 0.5877278 0.8003597
v 0.623440 1.366272 0.331847
vt 0.5312500 0.9687500
vn 0.0890207 0.5836117 0.8071387
f 1903/1903/1903 1904/1904/1904 1905/1905/1905
v 0.858067 1.379396 0.291524
vt 0.5312500 0.9687500
vn 0.1220971 0.5848541 0.8018965
v 0.623440 1.366272 0.331847
vt 0.5312500 0.9687500
vn 0.0890398 0.5836210 0.8071297
v 0.643551 1.349183 0.341920
vt 0.5312500 0.9687500
vn 0.0918652 0.5814936 0.8083477
f 1906/1906/1906 1907/1907/1907 1908/1908/1908
v 0.831253 1.402537 0.278612
vt 0.5312500 0.9687500
vn 0.1183131 0.5877327 0.8003576
v 0.812616 1.405787 0.278949
vt 0.5312500 0.9687500
vn 0.1156931 0.5881503 0.8004338
v 0.609462 1.368484 0.331772
vt 0.5312500 0.9687500
vn 0.0870553 0.5838825 0.8071570
f 1909/1909/1909 1910/1910/1910 1911/1911/1911
v 0.831253 1.402537 0.278612
vt 0.5312500 0.9687500
vn 0.1183271 0.5877011 0.8003788
v 0.609462 1.368484 0.331772
vt 0.5312500 0.9687500
vn 0.0870476 0.5839107 0.8071375
v 0.623440 1.366272 0.331847
vt 0.5312500 0.9687500
vn 0.0890249 0.5835980 0.8071481
f 1912/1912/1912 1913/1913/1913 1914/1914/1914
v 0.812616 1.405787 0.278949
vt 0.5312500 0.9687500
vn 0.1157001 0.5881558 0.8004288
v 0.726847 1.420374 0.279964
vt 0.5312500 0.9687500
vn 0.1036144 0.5900532 0.8006880
v 0.545135 1.378456 0.331124
vt 0.5312500 0.9687500
vn 0.0779094 0.5851916 0.8071437
f 1915/1915/1915 1916/1916/1916 1917/1917/1917
v 0.812616 1.405787 0.278949
vt 0.5312500 0.9687500
vn 0.1157001 0.5881345 0.8004445
v 0.545135 1.378456 0.331124
vt 0.5312500 0.9687500
vn 0.0779199 0.5852024 0.8071349
v 0.609462 1.368484 0.331772
vt 0.5312500 0.9687500
vn 0.0870423 0.5839062 0.8071414
f 1918/1918/1918 1919/1919/1919 1920/1920/1920
v 0.726847 1.420374 0.279964
vt 0.5312500 0.9687500
vn 0.1036197 0.5900553 0.8006857
v 0.715882 1.422195 0.280030
vt 0.5312500 0.9687500
vn 0.1020689 0.5902739 0.8007239
v 0.536912 1.379706 0.331005
vt 0.5312500 0.9687500
vn 0.0767350 0.5853597 0.8071343
f 1921/1921/1921 1922/1922/1922 1923/1923/1923
v 0.726847 1.420374 0.279964
vt 0.5312500 0.9687500
vn 0.1036166 0.5900546 0.8006867
v 0.536912 1.379706 0.331005
vt 0.5312500 0.9687500
vn 0.0767471 0.5853575 0.8071347
v 0.545135 1.378456 0.331124
vt 0.5312500 0.9687500
vn 0.0779113 0.5851806 0.8071515
f 1924/1924/1924 1925/1925/1925 1926/1926/1926
v 0.715882 1.422195 0.280030
vt 0.5312500 0.9687500
vn 0.1020702 0.5902870 0.8007139
v 0.702693 1.424372 0.280090
vt 0.5312500 0.9687500
vn 0.1002098 0.5905939 0.8007226
v 0.527019 1.381202 0.330852
vt 0.5312500 0.9687500
vn 0.0753313 0.5855526 0.8071266
f 1927/1927/1927 1928/1928/1928 1929/1929/1929
v 0.715882 1.422195 0.280030
vt 0.5312500 0.9687500
vn 0.1020542 0.5903003 0.8007061
v 0.527019 1.381202 0.330852
vt 0.5312500 0.9687500
vn 0.0753400 0.5855553 0.8071238
v 0.536912 1.379706 0.331005
vt 0.5312500 0.9687500
vn 0.0767452 0.5853429 0.8071455
f 1930/1930/1930 1931/1931/1931 1932/1932/1932
v 0.702693 1.424372 0.280090
vt 0.5312500 0.9687500
vn 0.1002055 0.5905716 0.8007397
v 0.686872 1.426130 0.280751
vt 0.5312500 0.9687500
vn 0.0979712 0.5908201 0.8008329
v 0.515154 1.382357 0.331109
vt 0.5312500 0.9687500
vn 0.0736583 0.5856930 0.8071792
f 1933/1933/1933 1934/1934/1934 1935/1935/1935
v 0.702693 1.424372 0.280090
vt 0.5312500 0.9687500
vn 0.1002203 0.5905647 0.8007429
v 0.515154 1.382357 0.331109
vt 0.5312500 0.9687500
vn 0.0736506 0.5856902 0.8071820
v 0.527019 1.381202 0.330852
vt 0.5312500 0.9687500
vn 0.0753387 0.5855259 0.8071454
f 1936/1936/1936 1937/1937/1937 1938/1938/1938
v 0.686872 1.426130 0.280751
vt 0.5312500 0.9687500
vn 0.0979696 0.5907980 0.8008493
v 0.616134 1.433742 0.283342
vt 0.5312500 0.9687500
vn 0.0879634 0.5918350 0.8012451
v 0.462100 1.387381 0.332054
vt 0.5312500 0.9687500
vn 0.0661049 0.5863578 0.8073505
f 1939/1939/1939 1940/1940/1940 1941/1941/1941
v 0.686872 1.426130 0.280751
vt 0.5312500 0.9687500
vn 0.0979534 0.5908281 0.8008293
v 0.462100 1.387381 0.332054
vt 0.5312500 0.9687500
vn 0.0661028 0.5863684 0.8073429
v 0.515154 1.382357 0.331109
vt 0.5312500 0.9687500
vn 0.0736509 0.5856926 0.8071802
f 1942/1942/1942 1943/1943/1943 1944/1944/1944
v 0.616134 1.433742 0.283342
vt 0.5312500 0.9687500
vn 0.0879618 0.5918404 0.8012413
v 0.526431 1.442808 0.285774
vt 0.5312500 0.9687500
vn 0.0752335 0.5930463 0.8016458
v 0.394824 1.393421 0.332773
vt 0.5312500 0.9687500
vn 0.0565094 0.5871602 0.8074960
f 1945/1945/1945 1946/1946/1946 1947/1947/1947
v 0.616134 1.433742 0.283342
vt 0.5312500 0.9687500
vn 0.0879518 0.5918531 0.8012330
v 0.394824 1.393421 0.332773
vt 0.5312500 0.9687500
vn 0.0565105 0.5871756 0.8074846
v 0.462100 1.387381 0.332054
vt 0.5312500 0.9687500
vn 0.0661023 0.5863536 0.8073537
f 1948/1948/1948 1949/1949/1949 1950/1950/1950
v 0.526431 1.442808 0.285774
vt 0.5312500 0.9687500
vn 0.0752358 0.5930679 0.8016295
v 0.515683 1.443851 0.286001
vt 0.5312500 0.9687500
vn 0.0737047 0.5931778 0.8016906
v 0.386763 1.394120 0.332823
vt 0.5312500 0.9687500
vn 0.0553762 0.5872449 0.8075128
f 1951/1951/1951 1952/1952/1952 1953/1953/1953
v 0.526431 1.442808 0.285774
vt 0.5312500 0.9687500
vn 0.0752243 0.5930600 0.8016365
v 0.386763 1.394120 0.332823
vt 0.5312500 0.9687500
vn 0.0553595 0.5872706 0.8074952
v 0.394824 1.393421 0.332773
vt 0.5312500 0.9687500
vn 0.0565108 0.5871711 0.8074878
f 1954/1954/1954 1955/1955/1955 1956/1956/1956
v 0.515683 1.443851 0.286001
vt 0.5312500 0.9687500
vn 0.0737072 0.5932066 0.8016691
v 0.506031 1.444778 0.286193
vt 0.5312500 0.9687500
vn 0.0723324 0.5933004 0.8017248
v 0.379524 1.394743 0.332862
vt 0.5312500 0.9687500
vn 0.0543348 0.5873316 0.8075204
f 1957/1957/1957 1958/1958/1958 1959/1959/1959
v 0.515683 1.443851 0.286001
vt 0.5312500 0.9687500
vn 0.0736934 0.5932035 0.8016725
v 0.379524 1.394743 0.332862
vt 0.5312500 0.9687500
vn 0.0543273 0.5873336 0.8075195
v 0.386763 1.394120 0.332823
vt 0.5312500 0.9687500
vn 0.0553582 0.5872449 0.8075140
f 1960/1960/1960 1961/1961/1961 1962/1962/1962
v 0.506031 1.444778 0.286193
vt 0.5312500 0.9687500
vn 0.0723257 0.5933056 0.8017215
v 0.413797 1.453263 0.287475
vt 0.5312500 0.9687500
vn 0.0592035 0.5944306 0.8019645
v 0.310348 1.400483 0.332915
vt 0.5312500 0.9687500
vn 0.0444448 0.5880862 0.8075761
f 1963/1963/1963 1964/1964/1964 1965/1965/1965
v 0.506031 1.444778 0.286193
vt 0.5312500 0.9687500
vn 0.0723235 0.5933250 0.8017074
v 0.310348 1.400483 0.332915
vt 0.5312500 0.9687500
vn 0.0444450 0.5880811 0.8075800
v 0.379524 1.394743 0.332862
vt 0.5312500 0.9687500
vn 0.0543270 0.5873401 0.8075148
f 1966/1966/1966 1967/1967/1967 1968/1968/1968
v 0.413797 1.453263 0.287475
vt 0.5312500 0.9687500
vn 0.0591966 0.5944344 0.8019623
v 0.398007 1.454646 0.287593
vt 0.5312500 0.9687500
vn 0.0569471 0.5946320 0.8019787
v 0.298505 1.401427 0.332867
vt 0.5312500 0.9687500
vn 0.0427516 0.5882106 0.8075769
f 1969/1969/1969 1970/1970/1970 1971/1971/1971
v 0.413797 1.453263 0.287475
vt 0.5312500 0.9687500
vn 0.0591849 0.5944534 0.8019491
v 0.298505 1.401427 0.332867
vt 0.5312500 0.9687500
vn 0.0427511 0.5881953 0.8075881
v 0.310348 1.400483 0.332915
vt 0.5312500 0.9687500
vn 0.0444461 0.5880989 0.8075668
f 1972/1972/1972 1973/1973/1973 1974/1974/1974
v 0.398007 1.454646 0.287593
vt 0.5312500 0.9687500
vn 0.0569515 0.5946425 0.8019706
v 0.340622 1.459501 0.287773
vt 0.5312500 0.9687500
vn 0.0487613 0.5952567 0.8020548
v 0.255467 1.404759 0.332553
vt 0.5312500 0.9687500
vn 0.0366191 0.5886365 0.8075680
f 1975/1975/1975 1976/1976/1976 1977/1977/1977
v 0.398007 1.454646 0.287593
vt 0.5312500 0.9687500
vn 0.0569561 0.5946285 0.8019806
v 0.255467 1.404759 0.332553
vt 0.5312500 0.9687500
vn 0.0365956 0.5886414 0.8075656
v 0.298505 1.401427 0.332867
vt 0.5312500 0.9687500
vn 0.0427526 0.5882040 0.8075818
f 1978/1978/1978 1979/1979/1979 1980/1980/1980
v 0.340622 1.459501 0.287773
vt 0.5312500 0.9687500
vn 0.0487579 0.5952789 0.8020386
v 0.311001 1.460826 0.288512
vt 0.5312500 0.9687500
vn 0.0445225 0.5954682 0.8021442
v 0.233251 1.405609 0.332897
vt 0.5312500 0.9687500
vn 0.0334207 0.5887595 0.8076171
f 1981/1981/1981 1982/1982/1982 1983/1983/1983
v 0.340622 1.459501 0.287773
vt 0.5312500 0.9687500
vn 0.0487524 0.5952733 0.8020429
v 0.233251 1.405609 0.332897
vt 0.5312500 0.9687500
vn 0.0334208 0.5887752 0.8076056
v 0.255467 1.404759 0.332553
vt 0.5312500 0.9687500
vn 0.0365960 0.5886533 0.8075567
f 1984/1984/1984 1985/1985/1985 1986/1986/1986
v 0.311001 1.460826 0.288512
vt 0.5312500 0.9687500
vn 0.0445277 0.5954622 0.8021482
v 0.283419 1.461996 0.289106
vt 0.5312500 0.9687500
vn 0.0405811 0.5956297 0.8022333
v 0.212564 1.406364 0.333164
vt 0.5312500 0.9687500
vn 0.0304502 0.5888633 0.8076587
f 1987/1987/1987 1988/1988/1988 1989/1989/1989
v 0.311001 1.460826 0.288512
vt 0.5312500 0.9687500
vn 0.0445422 0.5954523 0.8021549
v 0.212564 1.406364 0.333164
vt 0.5312500 0.9687500
vn 0.0304564 0.5888562 0.8076637
v 0.233251 1.405609 0.332897
vt 0.5312500 0.9687500
vn 0.0334191 0.5887483 0.8076252
f 1990/1990/1990 1991/1991/1991 1992/1992/1992
v 0.283419 1.461996 0.289106
vt 0.5312500 0.9687500
vn 0.0405786 0.5956118 0.8022467
v 0.207541 1.464896 0.290277
vt 0.5312500 0.9687500
vn 0.0297255 0.5960222 0.8024174
v 0.155656 1.408262 0.333639
vt 0.5312500 0.9687500
vn 0.0223106 0.5891167 0.8077399
f 1993/1993/1993 1994/1994/1994 1995/1995/1995
v 0.283419 1.461996 0.289106
vt 0.5312500 0.9687500
vn 0.0405658 0.5956231 0.8022392
v 0.155656 1.408262 0.333639
vt 0.5312500 0.9687500
vn 0.0223010 0.5890999 0.8077524
v 0.212564 1.406364 0.333164
vt 0.5312500 0.9687500
vn 0.0304548 0.5888662 0.8076565
f 1996/1996/1996 1997/1997/1997 1998/1998/1998
v 0.207541 1.464896 0.290277
vt 0.5312500 0.9687500
vn 0.0297217 0.5959984 0.8024354
v 0.173085 1.466059 0.290585
vt 0.5312500 0.9687500
vn 0.0247996 0.5961634 0.8024802
v 0.129814 1.409037 0.333728
vt 0.5312500 0.9687500
vn 0.0186379 0.5892220 0.8077562
f 1999/1999/1999 2000/2000/2000 2001/2001/2001
v 0.207541 1.464896 0.290277
vt 0.5312500 0.9687500
vn 0.0297313 0.5960150 0.8024227
v 0.129814 1.409037 0.333728
vt 0.5312500 0.9687500
vn 0.0186072 0.5892236 0.8077558
v 0.155656 1.408262 0.333639
vt 0.5312500 0.9687500
vn 0.0223083 0.5891137 0.8077422
f 2002/2002/2002 2003/2003/2003 2004/2004/2004
v 0.173085 1.466059 0.290585
vt 0.5312500 0.9687500
vn 0.0247930 0.5961670 0.8024776
v 0.103876 1.468103 0.290777
vt 0.5312500 0.9687500
vn 0.0148773 0.5964521 0.8025108
v 0.077907 1.410429 0.333669
vt 0.5312500 0.9687500
vn 0.0111497 0.5893980 0.8077658
f 2005/2005/2005 2006/2006/2006 2007/2007/2007
v 0.173085 1.466059 0.290585
vt 0.5312500 0.9687500
vn 0.0247960 0.5961722 0.8024737
v 0.077907 1.410429 0.333669
vt 0.5312500 0.9687500
vn 0.0111704 0.5894065 0.8077593
v 0.129814 1.409037 0.333728
vt 0.5312500 0.9687500
vn 0.0186105 0.5892091 0.8077663
f 2008/2008/2008 2009/2009/2009 2010/2010/2010
v 0.103876 1.468103 0.290777
vt 0.5312500 0.9687500
vn 0.0148787 0.5964366 0.8025223
v 0.062439 1.469140 0.290621
vt 0.5312500 0.9687500
vn 0.0089446 0.5965822 0.8025022
v 0.046830 1.411159 0.333481
vt 0.5312500 0.9687500
vn 0.0067264 0.5895020 0.8077389
f 2011/2011/2011 2012/2012/2012 2013/2013/2013
v 0.103876 1.468103 0.290777
vt 0.5312500 0.9687500
vn 0.0148788 0.5964410 0.8025190
v 0.046830 1.411159 0.333481
vt 0.5312500 0.9687500
vn 0.0067183 0.5895061 0.8077360
v 0.077907 1.410429 0.333669
vt 0.5312500 0.9687500
vn 0.0111664 0.5894035 0.8077616
f 2014/2014/2014 2015/2015/2015 2016/2016/2016
v 0.062439 1.469140 0.290621
vt 0.5312500 0.9687500
vn 0.0089388 0.5965717 0.8025100
v -0.000000 1.470440 0.290003
vt 0.5312500 0.9687500
vn -0.0000063 0.5967466 0.8024298
v -0.000000 1.412109 0.332982
vt 0.5312500 0.9687500
vn -0.0000044 0.5896091 0.8076888
f 2017/2017/2017 2018/2018/2018 2019/2019/2019
v 0.062439 1.469140 0.290621
vt 0.5312500 0.9687500
vn 0.0089447 0.5965767 0.8025063
v -0.000000 1.412109 0.332982
vt 0.5312500 0.9687500
vn -0.0000061 0.5896065 0.8076906
v 0.046830 1.411159 0.333481
vt 0.5312500 0.9687500
vn 0.0067025 0.5895076 0.8077350
f 2020/2020/2020 2021/2021/2021 2022/2022/2022
v -0.000000 1.470440 0.290003
vt 0.5312500 0.9687500
vn -0.0000002 0.5967669 0.8024147
v -0.000000 1.470440 0.290003
vt 0.5312500 0.9687500
vn 0.0000002 0.5967669 0.8024147
v -0.000000 1.412109 0.332982
vt 0.5312500 0.9687500
vn 0.0000004 0.5895885 0.8077037
f 2023/2023/2023 2024/2024/2024 2025/2025/2025
v -0.000000 1.470440 0.290003
vt 0.5312500 0.9687500
vn -0.0000004 0.5967676 0.8024141
v -0.000000 1.412109 0.332982
vt 0.5312500 0.9687500
vn 0.0000002 0.5895892 0.8077032
v -0.000000 1.412109 0.332982
vt 0.5312500 0.9687500
vn -0.0000002 0.5895892 0.8077032
f 2026/2026/2026 2027/2027/2027 2028/2028/2028
v -0.000000 1.470440 0.290003
vt 0.5312500 0.9687500
vn -0.0000195 0.5967283 0.8024435
v -0.062397 1.469141 0.290621
vt 0.5312500 0.9687500
vn -0.0089449 0.5965801 0.8025037
v -0.046798 1.411159 0.333481
vt 0.5312500 0.9687500
vn -0.0066920 0.5895245 0.8077228
f 2029/2029/2029 2030/2030/2030 2031/2031/2031
v -0.000000 1.470440 0.290003
vt 0.5312500 0.9687500
vn -0.0000037 0.5967386 0.8024358
v -0.046798 1.411159 0.333481
vt 0.5312500 0.9687500
vn -0.0067126 0.5894898 0.8077480
v -0.000000 1.412109 0.332982
vt 0.5312500 0.9687500
vn -0.0000062 0.5896192 0.8076814
f 2032/2032/2032 2033/2033/2033 2034/2034/2034
v -0.062397 1.469141 0.290621
vt 0.5312500 0.9687500
vn -0.0089427 0.5965773 0.8025058
v -0.103834 1.468104 0.290777
vt 0.5312500 0.9687500
vn -0.0148691 0.5964336 0.8025246
v -0.077876 1.410430 0.333669
vt 0.5312500 0.9687500
vn -0.0111601 0.5893849 0.8077753
f 2035/2035/2035 2036/2036/2036 2037/2037/2037
v -0.062397 1.469141 0.290621
vt 0.5312500 0.9687500
vn -0.0089410 0.5966022 0.8024872
v -0.077876 1.410430 0.333669
vt 0.5312500 0.9687500
vn -0.0111668 0.5893944 0.8077682
v -0.046798 1.411159 0.333481
vt 0.5312500 0.9687500
vn -0.0067102 0.5894978 0.8077420
f 2038/2038/2038 2039/2039/2039 2040/2040/2040
v -0.103834 1.468104 0.290777
vt 0.5312500 0.9687500
vn -0.0148782 0.5964444 0.8025166
v -0.172991 1.466062 0.290585
vt 0.5312500 0.9687500
vn -0.0247726 0.5961670 0.8024783
v -0.129744 1.409039 0.333729
vt 0.5312500 0.9687500
vn -0.0185951 0.5892183 0.8077599
f 2041/2041/2041 2042/2042/2042 2043/2043/2043
v -0.103834 1.468104 0.290777
vt 0.5312500 0.9687500
vn -0.0148785 0.5964333 0.8025247
v -0.129744 1.409039 0.333729
vt 0.5312500 0.9687500
vn -0.0185903 0.5892238 0.8077561
v -0.077876 1.410430 0.333669
vt 0.5312500 0.9687500
vn -0.0111788 0.5894137 0.8077541
f 2044/2044/2044 2045/2045/2045 2046/2046/2046
v -0.172991 1.466062 0.290585
vt 0.5312500 0.9687500
vn -0.0247902 0.5961595 0.8024833
v -0.207450 1.464900 0.290278
vt 0.5312500 0.9687500
vn -0.0297051 0.5959966 0.8024374
v -0.155588 1.408264 0.333640
vt 0.5312500 0.9687500
vn -0.0223005 0.5891184 0.8077390
f 2047/2047/2047 2048/2048/2048 2049/2049/2049
v -0.172991 1.466062 0.290585
vt 0.5312500 0.9687500
vn -0.0247869 0.5961744 0.8024723
v -0.155588 1.408264 0.333640
vt 0.5312500 0.9687500
vn -0.0223004 0.5891109 0.8077444
v -0.129744 1.409039 0.333729
vt 0.5312500 0.9687500
vn -0.0185966 0.5892209 0.8077580
f 2050/2050/2050 2051/2051/2051 2052/2052/2052
v -0.207450 1.464900 0.290278
vt 0.5312500 0.9687500
vn -0.0297278 0.5960082 0.8024279
v -0.283265 1.462003 0.289109
vt 0.5312500 0.9687500
vn -0.0405793 0.5956277 0.8022351
v -0.212449 1.406368 0.333166
vt 0.5312500 0.9687500
vn -0.0304260 0.5888505 0.8076692
f 2053/2053/2053 2054/2054/2054 2055/2055/2055
v -0.207450 1.464900 0.290278
vt 0.5312500 0.9687500
vn -0.0297162 0.5960147 0.8024234
v -0.212449 1.406368 0.333166
vt 0.5312500 0.9687500
vn -0.0304585 0.5888466 0.8076707
v -0.155588 1.408264 0.333640
vt 0.5312500 0.9687500
vn -0.0222902 0.5891111 0.8077445
f 2056/2056/2056 2057/2057/2057 2058/2058/2058
v -0.283265 1.462003 0.289109
vt 0.5312500 0.9687500
vn -0.0405589 0.5956290 0.8022351
v -0.310853 1.460833 0.288515
vt 0.5312500 0.9687500
vn -0.0445061 0.5954618 0.8021500
v -0.233139 1.405613 0.332898
vt 0.5312500 0.9687500
vn -0.0334205 0.5887600 0.8076167
f 2059/2059/2059 2060/2060/2060 2061/2061/2061
v -0.283265 1.462003 0.289109
vt 0.5312500 0.9687500
vn -0.0405666 0.5956182 0.8022426
v -0.233139 1.405613 0.332898
vt 0.5312500 0.9687500
vn -0.0334025 0.5887594 0.8076180
v -0.212449 1.406368 0.333166
vt 0.5312500 0.9687500
vn -0.0304420 0.5888665 0.8076569
f 2062/2062/2062 2063/2063/2063 2064/2064/2064
v -0.310853 1.460833 0.288515
vt 0.5312500 0.9687500
vn -0.0445035 0.5954614 0.8021502
v -0.340623 1.459501 0.287773
vt 0.5312500 0.9687500
vn -0.0487566 0.5952726 0.8020432
v -0.255467 1.404759 0.332553
vt 0.5312500 0.9687500
vn -0.0365812 0.5886449 0.8075636
f 2065/2065/2065 2066/2066/2066 2067/2067/2067
v -0.310853 1.460833 0.288515
vt 0.5312500 0.9687500
vn -0.0445253 0.5954564 0.8021528
v -0.255467 1.404759 0.332553
vt 0.5312500 0.9687500
vn -0.0365947 0.5886572 0.8075539
v -0.233139 1.405613 0.332898
vt 0.5312500 0.9687500
vn -0.0333979 0.5887418 0.8076308
f 2068/2068/2068 2069/2069/2069 2070/2070/2070
v -0.340623 1.459501 0.287773
vt 0.5312500 0.9687500
vn -0.0487519 0.5952825 0.8020362
v -0.397751 1.454668 0.287594
vt 0.5312500 0.9687500
vn -0.0569133 0.5946373 0.8019770
v -0.298313 1.401442 0.332866
vt 0.5312500 0.9687500
vn -0.0427044 0.5882130 0.8075778
f 2071/2071/2071 2072/2072/2072 2073/2073/2073
v -0.340623 1.459501 0.287773
vt 0.5312500 0.9687500
vn -0.0487383 0.5952705 0.8020459
v -0.298313 1.401442 0.332866
vt 0.5312500 0.9687500
vn -0.0427335 0.5881920 0.8075916
v -0.255467 1.404759 0.332553
vt 0.5312500 0.9687500
vn -0.0366066 0.5886595 0.8075518
f 2074/2074/2074 2075/2075/2075 2076/2076/2076
v -0.397751 1.454668 0.287594
vt 0.5312500 0.9687500
vn -0.0569112 0.5946254 0.8019862
v -0.413571 1.453283 0.287477
vt 0.5312500 0.9687500
vn -0.0591621 0.5944291 0.8019688
v -0.310179 1.400497 0.332914
vt 0.5312500 0.9687500
vn -0.0444418 0.5880843 0.8075777
f 2077/2077/2077 2078/2078/2078 2079/2079/2079
v -0.397751 1.454668 0.287594
vt 0.5312500 0.9687500
vn -0.0569027 0.5946369 0.8019783
v -0.310179 1.400497 0.332914
vt 0.5312500 0.9687500
vn -0.0444215 0.5881016 0.8075662
v -0.298313 1.401442 0.332866
vt 0.5312500 0.9687500
vn -0.0427216 0.5881978 0.8075879
f 2080/2080/2080 2081/2081/2081 2082/2082/2082
v -0.413571 1.453283 0.287477
vt 0.5312500 0.9687500
vn -0.0591559 0.5944628 0.8019443
v -0.506060 1.444776 0.286193
vt 0.5312500 0.9687500
vn -0.0723339 0.5933144 0.8017144
v -0.379545 1.394741 0.332861
vt 0.5312500 0.9687500
vn -0.0543351 0.5873359 0.8075174
f 2083/2083/2083 2084/2084/2084 2085/2085/2085
v -0.413571 1.453283 0.287477
vt 0.5312500 0.9687500
vn -0.0591534 0.5944502 0.8019537
v -0.379545 1.394741 0.332861
vt 0.5312500 0.9687500
vn -0.0543400 0.5873201 0.8075284
v -0.310179 1.400497 0.332914
vt 0.5312500 0.9687500
vn -0.0444213 0.5880904 0.8075744
f 2086/2086/2086 2087/2087/2087 2088/2088/2088
v -0.506060 1.444776 0.286193
vt 0.5312500 0.9687500
vn -0.0723378 0.5933163 0.8017125
v -0.515378 1.443880 0.286007
vt 0.5312500 0.9687500
vn -0.0736625 0.5931888 0.8016862
v -0.386533 1.394140 0.332824
vt 0.5312500 0.9687500
vn -0.0553341 0.5872520 0.8075105
f 2089/2089/2089 2090/2090/2090 2091/2091/2091
v -0.506060 1.444776 0.286193
vt 0.5312500 0.9687500
vn -0.0723395 0.5933172 0.8017117
v -0.386533 1.394140 0.332824
vt 0.5312500 0.9687500
vn -0.0553267 0.5872692 0.8074984
v -0.379545 1.394741 0.332861
vt 0.5312500 0.9687500
vn -0.0543272 0.5873162 0.8075321
f 2092/2092/2092 2093/2093/2093 2094/2094/2094
v -0.515378 1.443880 0.286007
vt 0.5312500 0.9687500
vn -0.0736620 0.5931935 0.8016828
v -0.525790 1.442871 0.285788
vt 0.5312500 0.9687500
vn -0.0751398 0.5930501 0.8016517
v -0.394342 1.393463 0.332776
vt 0.5312500 0.9687500
vn -0.0564304 0.5871752 0.8074904
f 2095/2095/2095 2096/2096/2096 2097/2097/2097
v -0.515378 1.443880 0.286007
vt 0.5312500 0.9687500
vn -0.0736536 0.5932038 0.8016760
v -0.394342 1.393463 0.332776
vt 0.5312500 0.9687500
vn -0.0564405 0.5871754 0.8074896
v -0.386533 1.394140 0.332824
vt 0.5312500 0.9687500
vn -0.0553293 0.5872724 0.8074960
f 2098/2098/2098 2099/2099/2099 2100/2100/2100
v -0.525790 1.442871 0.285788
vt 0.5312500 0.9687500
vn -0.0751427 0.5930650 0.8016405
v -0.615988 1.433757 0.283347
vt 0.5312500 0.9687500
vn -0.0879311 0.5918233 0.8012574
v -0.461991 1.387391 0.332056
vt 0.5312500 0.9687500
vn -0.0661016 0.5863608 0.8073487
f 2101/2101/2101 2102/2102/2102 2103/2103/2103
v -0.525790 1.442871 0.285788
vt 0.5312500 0.9687500
vn -0.0751313 0.5930665 0.8016405
v -0.461991 1.387391 0.332056
vt 0.5312500 0.9687500
vn -0.0660928 0.5863485 0.8073582
v -0.394342 1.393463 0.332776
vt 0.5312500 0.9687500
vn -0.0564421 0.5871698 0.8074936
f 2104/2104/2104 2105/2105/2105 2106/2106/2106
v -0.615988 1.433757 0.283347
vt 0.5312500 0.9687500
vn -0.0879435 0.5918381 0.8012450
v -0.686871 1.426130 0.280751
vt 0.5312500 0.9687500
vn -0.0979680 0.5908008 0.8008475
v -0.515153 1.382357 0.331109
vt 0.5312500 0.9687500
vn -0.0736710 0.5856866 0.8071826
f 2107/2107/2107 2108/2108/2108 2109/2109/2109
v -0.615988 1.433757 0.283347
vt 0.5312500 0.9687500
vn -0.0879561 0.5918351 0.8012459
v -0.515153 1.382357 0.331109
vt 0.5312500 0.9687500
vn -0.0736522 0.5856926 0.8071799
v -0.461991 1.387391 0.332056
vt 0.5312500 0.9687500
vn -0.0660850 0.5863699 0.8073432
f 2110/2110/2110 2111/2111/2111 2112/2112/2112
v -0.686871 1.426130 0.280751
vt 0.5312500 0.9687500
vn -0.0979721 0.5907997 0.8008478
v -0.702693 1.424372 0.280090
vt 0.5312500 0.9687500
vn -0.1002109 0.5905899 0.8007255
v -0.527020 1.381202 0.330852
vt 0.5312500 0.9687500
vn -0.0753305 0.5855541 0.8071256
f 2113/2113/2113 2114/2114/2114 2115/2115/2115
v -0.686871 1.426130 0.280751
vt 0.5312500 0.9687500
vn -0.0979643 0.5908211 0.8008329
v -0.527020 1.381202 0.330852
vt 0.5312500 0.9687500
vn -0.0753383 0.5855256 0.8071454
v -0.515153 1.382357 0.331109
vt 0.5312500 0.9687500
vn -0.0736515 0.5856898 0.8071820
f 2116/2116/2116 2117/2117/2117 2118/2118/2118
v -0.702693 1.424372 0.280090
vt 0.5312500 0.9687500
vn -0.1002090 0.5905881 0.8007271
v -0.715882 1.422195 0.280030
vt 0.5312500 0.9687500
vn -0.1020659 0.5902816 0.8007186
v -0.536912 1.379706 0.331005
vt 0.5312500 0.9687500
vn -0.0767398 0.5853567 0.8071360
f 2119/2119/2119 2120/2120/2120 2121/2121/2121
v -0.702693 1.424372 0.280090
vt 0.5312500 0.9687500
vn -0.1002132 0.5905719 0.8007384
v -0.536912 1.379706 0.331005
vt 0.5312500 0.9687500
vn -0.0767421 0.5853361 0.8071507
v -0.527020 1.381202 0.330852
vt 0.5312500 0.9687500
vn -0.0753390 0.5855485 0.8071288
f 2122/2122/2122 2123/2123/2123 2124/2124/2124
v -0.715882 1.422195 0.280030
vt 0.5312500 0.9687500
vn -0.1020694 0.5902764 0.8007221
v -0.726848 1.420373 0.279964
vt 0.5312500 0.9687500
vn -0.1036197 0.5900580 0.8006839
v -0.545136 1.378456 0.331124
vt 0.5312500 0.9687500
vn -0.0779244 0.5851790 0.8071514
f 2125/2125/2125 2126/2126/2126 2127/2127/2127
v -0.715882 1.422195 0.280030
vt 0.5312500 0.9687500
vn -0.1020602 0.5902951 0.8007093
v -0.545136 1.378456 0.331124
vt 0.5312500 0.9687500
vn -0.0779108 0.5851771 0.8071541
v -0.536912 1.379706 0.331005
vt 0.5312500 0.9687500
vn -0.0767456 0.5853539 0.8071375
f 2128/2128/2128 2129/2129/2129 2130/2130/2130
v -0.726848 1.420373 0.279964
vt 0.5312500 0.9687500
vn -0.1036183 0.5900475 0.8006917
v -0.812616 1.405787 0.278949
vt 0.5312500 0.9687500
vn -0.1156992 0.5881548 0.8004296
v -0.609462 1.368484 0.331772
vt 0.5312500 0.9687500
vn -0.0870431 0.5838975 0.8071476
f 2131/2131/2131 2132/2132/2132 2133/2133/2133
v -0.726848 1.420373 0.279964
vt 0.5312500 0.9687500
vn -0.1036274 0.5900475 0.8006905
v -0.609462 1.368484 0.331772
vt 0.5312500 0.9687500
vn -0.0870450 0.5838838 0.8071573
v -0.545136 1.378456 0.331124
vt 0.5312500 0.9687500
vn -0.0779107 0.5851795 0.8071523
f 2134/2134/2134 2135/2135/2135 2136/2136/2136
v -0.812616 1.405787 0.278949
vt 0.5312500 0.9687500
vn -0.1156928 0.5881258 0.8004518
v -0.831253 1.402537 0.278612
vt 0.5312500 0.9687500
vn -0.1183073 0.5877090 0.8003758
v -0.623440 1.366272 0.331847
vt 0.5312500 0.9687500
vn -0.0890360 0.5836020 0.8071439
f 2137/2137/2137 2138/2138/2138 2139/2139/2139
v -0.812616 1.405787 0.278949
vt 0.5312500 0.9687500
vn -0.1156790 0.5881539 0.8004332
v -0.623440 1.366272 0.331847
vt 0.5312500 0.9687500
vn -0.0890244 0.5836200 0.8071322
v -0.609462 1.368484 0.331772
vt 0.5312500 0.9687500
vn -0.0870406 0.5838948 0.8071498
f 2140/2140/2140 2141/2141/2141 2142/2142/2142
v -0.831253 1.402537 0.278612
vt 0.5312500 0.9687500
vn -0.1183254 0.5877300 0.8003579
v -0.858068 1.379396 0.291524
vt 0.5312500 0.9687500
vn -0.1220904 0.5848639 0.8018904
v -0.643551 1.349183 0.341920
vt 0.5312500 0.9687500
vn -0.0918888 0.5815015 0.8083394
f 2143/2143/2143 2144/2144/2144 2145/2145/2145
v -0.831253 1.402537 0.278612
vt 0.5312500 0.9687500
vn -0.1183336 0.5877106 0.8003707
v -0.643551 1.349183 0.341920
vt 0.5312500 0.9687500
vn -0.0918809 0.5815079 0.8083356
v -0.623440 1.366272 0.331847
vt 0.5312500 0.9687500
vn -0.0890217 0.5836098 0.8071398
f 2146/2146/2146 2147/2147/2147 2148/2148/2148
v -0.858068 1.379396 0.291524
vt 0.5312500 0.9687500
vn -0.1220931 0.5848684 0.8018866
v -0.872467 1.366924 0.298394
vt 0.5312500 0.9687500
vn -0.1241197 0.5833295 0.8026960
v -0.654351 1.339981 0.347294
vt 0.5312500 0.9687500
vn -0.0934188 0.5803660 0.8089797
f 2149/2149/2149 2150/2150/2150 2151/2151/2151
v -0.858068 1.379396 0.291524
vt 0.5312500 0.9687500
vn -0.1220921 0.5848594 0.8018934
v -0.654351 1.339981 0.347294
vt 0.5312500 0.9687500
vn -0.0934243 0.5803823 0.8089674
v -0.643551 1.349183 0.341920
vt 0.5312500 0.9687500
vn -0.0918624 0.5814950 0.8083469
f 2152/2152/2152 2153/2153/2153 2154/2154/2154
v -0.872467 1.366924 0.298394
vt 0.5312500 0.9687500
vn -0.1241244 0.5833257 0.8026981
v -0.876222 1.355979 0.305753
vt 0.5312500 0.9687500
vn -0.1246315 0.5819877 0.8035902
v -0.657166 1.331789 0.352838
vt 0.5312500 0.9687500
vn -0.0938194 0.5793696 0.8096473
f 2155/2155/2155 2156/2156/2156 2157/2157/2157
v -0.872467 1.366924 0.298394
vt 0.5312500 0.9687500
vn -0.1240823 0.5833219 0.8027074
v -0.657166 1.331789 0.352838
vt 0.5312500 0.9687500
vn -0.0938311 0.5793735 0.8096433
v -0.654351 1.339981 0.347294
vt 0.5312500 0.9687500
vn -0.0933930 0.5803666 0.8089824
f 2158/2158/2158 2159/2159/2159 2160/2160/2160
v -0.876222 1.355979 0.305753
vt 0.5312500 0.9687500
vn -0.1246274 0.5819850 0.8035928
v -0.878245 1.350077 0.309710
vt 0.5312500 0.9687500
vn -0.1249227 0.5812681 0.8040656
v -0.658683 1.327372 0.355820
vt 0.5312500 0.9687500
vn -0.0940415 0.5788295 0.8100077
f 2161/2161/2161 2162/2162/2162 2163/2163/2163
v -0.876222 1.355979 0.305753
vt 0.5312500 0.9687500
vn -0.1246400 0.5819883 0.8035885
v -0.658683 1.327372 0.355820
vt 0.5312500 0.9687500
vn -0.0940282 0.5788280 0.8100104
v -0.657166 1.331789 0.352838
vt 0.5312500 0.9687500
vn -0.0937945 0.5793662 0.8096527
f 2164/2164/2164 2165/2165/2165 2166/2166/2166
v -0.878245 1.350077 0.309710
vt 0.5312500 0.9687500
vn -0.1249382 0.5812730 0.8040599
v -0.887418 1.323260 0.327585
vt 0.5312500 0.9687500
vn -0.1262055 0.5779975 0.8062204
v -0.665564 1.307315 0.369306
vt 0.5312500 0.9687500
vn -0.0949819 0.5763758 0.8116461
f 2167/2167/2167 2168/2168/2168 2169/2169/2169
v -0.878245 1.350077 0.309710
vt 0.5312500 0.9687500
vn -0.1248924 0.5812652 0.8040727
v -0.665564 1.307315 0.369306
vt 0.5312500 0.9687500
vn -0.0949992 0.5763744 0.8116452
v -0.658683 1.327372 0.355820
vt 0.5312500 0.9687500
vn -0.0940117 0.5788267 0.8100134
f 2170/2170/2170 2171/2171/2171 2172/2172/2172
v -0.887418 1.323260 0.327585
vt 0.5312500 0.9687500
vn -0.1262118 0.5779960 0.8062204
v -0.887494 1.323038 0.327732
vt 0.5312500 0.9687500
vn -0.1262261 0.5779699 0.8062367
v -0.665621 1.307149 0.369417
vt 0.5312500 0.9687500
vn -0.0950124 0.5763569 0.8116560
f 2173/2173/2173 2174/2174/2174 2175/2175/2175
v -0.887418 1.323260 0.327585
vt 0.5312500 0.9687500
vn -0.1262014 0.5779988 0.8062199
v -0.665621 1.307149 0.369417
vt 0.5312500 0.9687500
vn -0.0950217 0.5763578 0.8116542
v -0.665564 1.307315 0.369306
vt 0.5312500 0.9687500
vn -0.0950088 0.5763771 0.8116419
f 2176/2176/2176 2177/2177/2177 2178/2178/2178
v -0.665621 1.307149 0.369417
vt 0.5312500 0.9687500
vn -0.0950149 0.5763546 0.8116573
v -0.655676 1.265092 0.400233
vt 0.5312500 0.9687500
vn -0.0936072 0.5712458 0.8154238
v -0.437117 1.258945 0.425420
vt 0.5312500 0.9687500
vn -0.0625655 0.5707055 0.8187678
f 2179/2179/2179 2180/2180/2180 2181/2181/2181
v -0.665621 1.307149 0.369417
vt 0.5312500 0.9687500
vn -0.0950120 0.5763557 0.8116568
v -0.437117 1.258945 0.425420
vt 0.5312500 0.9687500
vn -0.0625785 0.5707017 0.8187694
v -0.443747 1.287169 0.405147
vt 0.5312500 0.9687500
vn -0.0634890 0.5741497 0.8162850
f 2182/2182/2182 2183/2183/2183 2184/2184/2184
v -0.655676 1.265092 0.400233
vt 0.5312500 0.9687500
vn -0.0935881 0.5712480 0.8154245
v -0.655436 1.264073 0.400975
vt 0.5312500 0.9687500
vn -0.0935590 0.5711232 0.8155152
v -0.436957 1.258262 0.425909
vt 0.5312500 0.9687500
vn -0.0625351 0.5706200 0.8188298
f 2185/2185/2185 2186/2186/2186 2187/2187/2187
v -0.655676 1.265092 0.400233
vt 0.5312500 0.9687500
vn -0.0935960 0.5712388 0.8154301
v -0.436957 1.258262 0.425909
vt 0.5312500 0.9687500
vn -0.0625420 0.5706187 0.8188302
v -0.437117 1.258945 0.425420
vt 0.5312500 0.9687500
vn -0.0625599 0.5707032 0.8187699
f 2188/2188/2188 2189/2189/2189 2190/2190/2190
v -0.655436 1.264073 0.400975
vt 0.5312500 0.9687500
vn -0.0935832 0.5711174 0.8155165
v -0.653508 1.255896 0.406914
vt 0.5312500 0.9687500
vn -0.0933004 0.5701267 0.8162418
v -0.435672 1.252779 0.429824
vt 0.5312500 0.9687500
vn -0.0623522 0.5699508 0.8193097
f 2191/2191/2191 2192/2192/2192 2193/2193/2193
v -0.655436 1.264073 0.400975
vt 0.5312500 0.9687500
vn -0.0935634 0.5711169 0.8155191
v -0.435672 1.252779 0.429824
vt 0.5312500 0.9687500
vn -0.0623524 0.5699506 0.8193097
v -0.436957 1.258262 0.425909
vt 0.5312500 0.9687500
vn -0.0625578 0.5706151 0.8188313
f 2194/2194/2194 2195/2195/2195 2196/2196/2196
v -0.653508 1.255896 0.406914
vt 0.5312500 0.9687500
vn -0.0933172 0.5701233 0.8162422
v -0.639427 1.205660 0.443308
vt 0.5312500 0.9687500
vn -0.0913030 0.5640225 0.8206964
v -0.426285 1.219110 0.453826
vt 0.5312500 0.9687500
vn -0.0610112 0.5658430 0.8222526
f 2197/2197/2197 2198/2198/2198 2199/2199/2199
v -0.653508 1.255896 0.406914
vt 0.5312500 0.9687500
vn -0.0932847 0.5701175 0.8162500
v -0.426285 1.219110 0.453826
vt 0.5312500 0.9687500
vn -0.0610167 0.5658442 0.8222514
v -0.435672 1.252779 0.429824
vt 0.5312500 0.9687500
vn -0.0623609 0.5699500 0.8193097
f 2200/2200/2200 2201/2201/2201 2202/2202/2202
v -0.639427 1.205660 0.443308
vt 0.5312500 0.9687500
vn -0.0913331 0.5640120 0.8207002
v -0.639120 1.204561 0.444097
vt 0.5312500 0.9687500
vn -0.0912471 0.5638899 0.8207936
v -0.426080 1.218374 0.454347
vt 0.5312500 0.9687500
vn -0.0609877 0.5657551 0.8223149
f 2203/2203/2203 2204/2204/2204 2205/2205/2205
v -0.639427 1.205660 0.443308
vt 0.5312500 0.9687500
vn -0.0913042 0.5640158 0.8207008
v -0.426080 1.218374 0.454347
vt 0.5312500 0.9687500
vn -0.0609686 0.5657589 0.8223137
v -0.426285 1.219110 0.453826
vt 0.5312500 0.9687500
vn -0.0609952 0.5658495 0.8222493
f 2206/2206/2206 2207/2207/2207 2208/2208/2208
v -0.639120 1.204561 0.444097
vt 0.5312500 0.9687500
vn -0.0912465 0.5638840 0.8207978
v -0.622860 1.146192 0.485601
vt 0.5312500 0.9687500
vn -0.0889565 0.5567875 0.8258780
v -0.415240 1.179334 0.481831
vt 0.5312500 0.9687500
vn -0.0594221 0.5609877 0.8256888
f 2209/2209/2209 2210/2210/2210 2211/2211/2211
v -0.639120 1.204561 0.444097
vt 0.5312500 0.9687500
vn -0.0912651 0.5638826 0.8207966
v -0.415240 1.179334 0.481831
vt 0.5312500 0.9687500
vn -0.0594600 0.5609905 0.8256841
v -0.426080 1.218374 0.454347
vt 0.5312500 0.9687500
vn -0.0609856 0.5657552 0.8223149
f 2212/2212/2212 2213/2213/2213 2214/2214/2214
v -0.622860 1.146192 0.485601
vt 0.5312500 0.9687500
vn -0.0889535 0.5567865 0.8258790
v -0.622669 1.145501 0.486087
vt 0.5312500 0.9687500
vn -0.0889317 0.5567003 0.8259394
v -0.415112 1.178872 0.482154
vt 0.5312500 0.9687500
vn -0.0594129 0.5609354 0.8257247
f 2215/2215/2215 2216/2216/2216 2217/2217/2217
v -0.622860 1.146192 0.485601
vt 0.5312500 0.9687500
vn -0.0889582 0.5567838 0.8258803
v -0.415112 1.178872 0.482154
vt 0.5312500 0.9687500
vn -0.0594180 0.5609379 0.8257229
v -0.415240 1.179334 0.481831
vt 0.5312500 0.9687500
vn -0.0594347 0.5609933 0.8256841
f 2218/2218/2218 2219/2219/2219 2220/2220/2220
v -0.622669 1.145501 0.486087
vt 0.5312500 0.9687500
vn -0.0889314 0.5567011 0.8259389
v -0.618127 1.129129 0.497580
vt 0.5312500 0.9687500
vn -0.0882790 0.5547115 0.8273464
v -0.412085 1.167937 0.489786
vt 0.5312500 0.9687500
vn -0.0590100 0.5596007 0.8266588
f 2221/2221/2221 2222/2222/2222 2223/2223/2223
v -0.622669 1.145501 0.486087
vt 0.5312500 0.9687500
vn -0.0889584 0.5566991 0.8259373
v -0.412085 1.167937 0.489786
vt 0.5312500 0.9687500
vn -0.0590137 0.5595968 0.8266612
v -0.415112 1.178872 0.482154
vt 0.5312500 0.9687500
vn -0.0594327 0.5609330 0.8257250
f 2224/2224/2224 2225/2225/2225 2226/2226/2226
v -0.618127 1.129129 0.497580
vt 0.5312500 0.9687500
vn -0.0882837 0.5547078 0.8273484
v -0.607043 1.089049 0.525449
vt 0.5312500 0.9687500
vn -0.0867291 0.5498238 0.8307657
v -0.404696 1.141195 0.508333
vt 0.5312500 0.9687500
vn -0.0579295 0.5563379 0.8289344
f 2227/2227/2227 2228/2228/2228 2229/2229/2229
v -0.618127 1.129129 0.497580
vt 0.5312500 0.9687500
vn -0.0882864 0.5547072 0.8273484
v -0.404696 1.141195 0.508333
vt 0.5312500 0.9687500
vn -0.0579184 0.5563398 0.8289339
v -0.412085 1.167937 0.489786
vt 0.5312500 0.9687500
vn -0.0589720 0.5596077 0.8266567
f 2230/2230/2230 2231/2231/2231 2232/2232/2232
v -0.607043 1.089049 0.525449
vt 0.5312500 0.9687500
vn -0.0867010 0.5498348 0.8307614
v -0.606475 1.086990 0.526870
vt 0.5312500 0.9687500
vn -0.0866302 0.5495825 0.8309357
v -0.404317 1.139823 0.509281
vt 0.5312500 0.9687500
vn -0.0578622 0.5561742 0.8290490
f 2233/2233/2233 2234/2234/2234 2235/2235/2235
v -0.607043 1.089049 0.525449
vt 0.5312500 0.9687500
vn -0.0867078 0.5498329 0.8307621
v -0.404317 1.139823 0.509281
vt 0.5312500 0.9687500
vn -0.0578696 0.5561739 0.8290488
v -0.404696 1.141195 0.508333
vt 0.5312500 0.9687500
vn -0.0579626 0.5563317 0.8289363
f 2236/2236/2236 2237/2237/2237 2238/2238/2238
v -0.606475 1.086990 0.526870
vt 0.5312500 0.9687500
vn -0.0866134 0.5495822 0.8309377
v -0.592176 1.035014 0.562430
vt 0.5312500 0.9687500
vn -0.0846119 0.5432481 0.8352976
v -0.394784 1.105203 0.533033
vt 0.5312500 0.9687500
vn -0.0564968 0.5519509 0.8319605
f 2239/2239/2239 2240/2240/2240 2241/2241/2241
v -0.606475 1.086990 0.526870
vt 0.5312500 0.9687500
vn -0.0866359 0.5495814 0.8309360
v -0.394784 1.105203 0.533033
vt 0.5312500 0.9687500
vn -0.0564983 0.5519493 0.8319616
v -0.404317 1.139823 0.509281
vt 0.5312500 0.9687500
vn -0.0579081 0.5561604 0.8290551
f 2242/2242/2242 2243/2243/2243 2244/2244/2244
v -0.592176 1.035014 0.562430
vt 0.5312500 0.9687500
vn -0.0846017 0.5432550 0.8352941
v -0.590560 1.029120 0.566423
vt 0.5312500 0.9687500
vn -0.0843570 0.5425413 0.8357826
v -0.393707 1.101282 0.535706
vt 0.5312500 0.9687500
vn -0.0563520 0.5514719 0.8322877
f 2245/2245/2245 2246/2246/2246 2247/2247/2247
v -0.592176 1.035014 0.562430
vt 0.5312500 0.9687500
vn -0.0845975 0.5432556 0.8352942
v -0.393707 1.101282 0.535706
vt 0.5312500 0.9687500
vn -0.0563685 0.5514674 0.8322897
v -0.394784 1.105203 0.533033
vt 0.5312500 0.9687500
vn -0.0565003 0.5519507 0.8319603
f 2248/2248/2248 2249/2249/2249 2250/2250/2250
v -0.590560 1.029120 0.566423
vt 0.5312500 0.9687500
vn -0.0843749 0.5425401 0.8357818
v -0.577687 0.982048 0.598030
vt 0.5312500 0.9687500
vn -0.0825066 0.5368214 0.8396519
v -0.385125 1.069991 0.556910
vt 0.5312500 0.9687500
vn -0.0551491 0.5476461 0.8348905
f 2251/2251/2251 2252/2252/2252 2253/2253/2253
v -0.590560 1.029120 0.566423
vt 0.5312500 0.9687500
vn -0.0843621 0.5425392 0.8357836
v -0.385125 1.069991 0.556910
vt 0.5312500 0.9687500
vn -0.0551464 0.5476506 0.8348878
v -0.393707 1.101282 0.535706
vt 0.5312500 0.9687500
vn -0.0563459 0.5514749 0.8322863
f 2254/2254/2254 2255/2255/2255 2256/2256/2256
v -0.577687 0.982048 0.598030
vt 0.5312500 0.9687500
vn -0.0825170 0.5368159 0.8396544
v -0.574706 0.971113 0.605301
vt 0.5312500 0.9687500
vn -0.0821029 0.5354820 0.8405462
v -0.383137 1.062729 0.561798
vt 0.5312500 0.9687500
vn -0.0548399 0.5467683 0.8354860
f 2257/2257/2257 2258/2258/2258 2259/2259/2259
v -0.577687 0.982048 0.598030
vt 0.5312500 0.9687500
vn -0.0825400 0.5368020 0.8396609
v -0.383137 1.062729 0.561798
vt 0.5312500 0.9687500
vn -0.0548573 0.5467628 0.8354885
v -0.385125 1.069991 0.556910
vt 0.5312500 0.9687500
vn -0.0551032 0.5476593 0.8348848
f 2260/2260/2260 2261/2261/2261 2262/2262/2262
v -0.574706 0.971113 0.605301
vt 0.5312500 0.9687500
vn -0.0821134 0.5354811 0.8405458
v -0.572241 0.962061 0.611299
vt 0.5312500 0.9687500
vn -0.0817169 0.5343899 0.8412786
v -0.381494 1.056720 0.565834
vt 0.5312500 0.9687500
vn -0.0546222 0.5460245 0.8359866
f 2263/2263/2263 2264/2264/2264 2265/2265/2265
v -0.574706 0.971113 0.605301
vt 0.5312500 0.9687500
vn -0.0820904 0.5354847 0.8405457
v -0.381494 1.056720 0.565834
vt 0.5312500 0.9687500
vn -0.0546011 0.5460333 0.8359823
v -0.383137 1.062729 0.561798
vt 0.5312500 0.9687500
vn -0.0548510 0.5467651 0.8354874
f 2266/2266/2266 2267/2267/2267 2268/2268/2268
v -0.572241 0.962061 0.611299
vt 0.5312500 0.9687500
vn -0.0817404 0.5343820 0.8412813
v -0.549947 0.943616 0.625101
vt 0.5312500 0.9687500
vn -0.0785585 0.5321588 0.8429920
v -0.366631 1.044312 0.574874
vt 0.5312500 0.9687500
vn -0.0524641 0.5445269 0.8371009
f 2269/2269/2269 2270/2270/2270 2271/2271/2271
v -0.572241 0.962061 0.611299
vt 0.5312500 0.9687500
vn -0.0817263 0.5343864 0.8412800
v -0.366631 1.044312 0.574874
vt 0.5312500 0.9687500
vn -0.0524716 0.5445343 0.8370957
v -0.381494 1.056720 0.565834
vt 0.5312500 0.9687500
vn -0.0546113 0.5460322 0.8359823
f 2272/2272/2272 2273/2273/2273 2274/2274/2274
v -0.549947 0.943616 0.625101
vt 0.5312500 0.9687500
vn -0.0785835 0.5321356 0.8430043
v -0.549164 0.942967 0.625583
vt 0.5312500 0.9687500
vn -0.0784444 0.5320793 0.8430528
v -0.366109 1.043876 0.575190
vt 0.5312500 0.9687500
vn -0.0524128 0.5444701 0.8371411
f 2275/2275/2275 2276/2276/2276 2277/2277/2277
v -0.549947 0.943616 0.625101
vt 0.5312500 0.9687500
vn -0.0785404 0.5321581 0.8429943
v -0.366109 1.043876 0.575190
vt 0.5312500 0.9687500
vn -0.0524175 0.5444680 0.8371423
v -0.366631 1.044312 0.574874
vt 0.5312500 0.9687500
vn -0.0524870 0.5445254 0.8371006
f 2278/2278/2278 2279/2279/2279 2280/2280/2280
v -0.549164 0.942967 0.625583
vt 0.5312500 0.9687500
vn -0.0784549 0.5320712 0.8430570
v -0.520430 0.932559 0.634742
vt 0.5312500 0.9687500
vn -0.0743673 0.5308166 0.8442175
v -0.346953 1.036733 0.580998
vt 0.5312500 0.9687500
vn -0.0496932 0.5436076 0.8378672
f 2281/2281/2281 2282/2282/2282 2283/2283/2283
v -0.549164 0.942967 0.625583
vt 0.5312500 0.9687500
vn -0.0784359 0.5320730 0.8430577
v -0.346953 1.036733 0.580998
vt 0.5312500 0.9687500
vn -0.0496733 0.5436130 0.8378648
v -0.366109 1.043876 0.575190
vt 0.5312500 0.9687500
vn -0.0524183 0.5444578 0.8371488
f 2284/2284/2284 2285/2285/2285 2286/2286/2286
v -0.520430 0.932559 0.634742
vt 0.5312500 0.9687500
vn -0.0743699 0.5308117 0.8442203
v -0.511575 0.929336 0.637541
vt 0.5312500 0.9687500
vn -0.0731008 0.5304400 0.8445648
v -0.341050 1.034524 0.582777
vt 0.5312500 0.9687500
vn -0.0488168 0.5433398 0.8380924
f 2287/2287/2287 2288/2288/2288 2289/2289/2289
v -0.520430 0.932559 0.634742
vt 0.5312500 0.9687500
vn -0.0743520 0.5308212 0.8442160
v -0.341050 1.034524 0.582777
vt 0.5312500 0.9687500
vn -0.0488357 0.5433369 0.8380931
v -0.346953 1.036733 0.580998
vt 0.5312500 0.9687500
vn -0.0496761 0.5436069 0.8378686
f 2290/2290/2290 2291/2291/2291 2292/2292/2292
v -0.511575 0.929336 0.637541
vt 0.5312500 0.9687500
vn -0.0731064 0.5304288 0.8445714
v -0.497759 0.929902 0.638365
vt 0.5312500 0.9687500
vn -0.0711422 0.5305081 0.8446893
v -0.331839 1.034776 0.583143
vt 0.5312500 0.9687500
vn -0.0475313 0.5433811 0.8381395
f 2293/2293/2293 2294/2294/2294 2295/2295/2295
v -0.511575 0.929336 0.637541
vt 0.5312500 0.9687500
vn -0.0731113 0.5304378 0.8445653
v -0.331839 1.034776 0.583143
vt 0.5312500 0.9687500
vn -0.0475178 0.5433869 0.8381365
v -0.341050 1.034524 0.582777
vt 0.5312500 0.9687500
vn -0.0488335 0.5433511 0.8380840
f 2296/2296/2296 2297/2297/2297 2298/2298/2298
v -0.497759 0.929902 0.638365
vt 0.5312500 0.9687500
vn -0.0711367 0.5305298 0.8446761
v -0.455669 0.931531 0.640737
vt 0.5312500 0.9687500
vn -0.0651526 0.5307216 0.8450382
v -0.303779 1.035500 0.584198
vt 0.5312500 0.9687500
vn -0.0435187 0.5434782 0.8382944
f 2299/2299/2299 2300/2300/2300 2301/2301/2301
v -0.497759 0.929902 0.638365
vt 0.5312500 0.9687500
vn -0.0711296 0.5305065 0.8446913
v -0.303779 1.035500 0.584198
vt 0.5312500 0.9687500
vn -0.0435064 0.5434605 0.8383065
v -0.331839 1.034776 0.583143
vt 0.5312500 0.9687500
vn -0.0475144 0.5433573 0.8381558
f 2302/2302/2302 2303/2303/2303 2304/2304/2304
v -0.455669 0.931531 0.640737
vt 0.5312500 0.9687500
vn -0.0651511 0.5307158 0.8450422
v -0.429269 0.932480 0.642118
vt 0.5312500 0.9687500
vn -0.0613928 0.5308504 0.8452390
v -0.286179 1.035921 0.584811
vt 0.5312500 0.9687500
vn -0.0409995 0.5435319 0.8383867
f 2305/2305/2305 2306/2306/2306 2307/2307/2307
v -0.455669 0.931531 0.640737
vt 0.5312500 0.9687500
vn -0.0651689 0.5307310 0.8450310
v -0.286179 1.035921 0.584811
vt 0.5312500 0.9687500
vn -0.0409899 0.5435323 0.8383868
v -0.303779 1.035500 0.584198
vt 0.5312500 0.9687500
vn -0.0435061 0.5434720 0.8382990
f 2308/2308/2308 2309/2309/2309 2310/2310/2310
v -0.429269 0.932480 0.642118
vt 0.5312500 0.9687500
vn -0.0613903 0.5308524 0.8452378
v -0.390936 0.933756 0.643976
vt 0.5312500 0.9687500
vn -0.0559284 0.5310341 0.8455027
v -0.260624 1.036489 0.585637
vt 0.5312500 0.9687500
vn -0.0373498 0.5436108 0.8385061
f 2311/2311/2311 2312/2312/2312 2313/2313/2313
v -0.429269 0.932480 0.642118
vt 0.5312500 0.9687500
vn -0.0613739 0.5308502 0.8452404
v -0.260624 1.036489 0.585637
vt 0.5312500 0.9687500
vn -0.0373372 0.5435918 0.8385189
v -0.286179 1.035921 0.584811
vt 0.5312500 0.9687500
vn -0.0409917 0.5435508 0.8383747
f 2314/2314/2314 2315/2315/2315 2316/2316/2316
v -0.390936 0.933756 0.643976
vt 0.5312500 0.9687500
vn -0.0559238 0.5310429 0.8454975
v -0.361462 0.934657 0.645287
vt 0.5312500 0.9687500
vn -0.0517209 0.5311303 0.8457102
v -0.240975 1.036889 0.586220
vt 0.5312500 0.9687500
vn -0.0345393 0.5436670 0.8385901
f 2317/2317/2317 2318/2318/2318 2319/2319/2319
v -0.390936 0.933756 0.643976
vt 0.5312500 0.9687500
vn -0.0559154 0.5310203 0.8455123
v -0.240975 1.036889 0.586220
vt 0.5312500 0.9687500
vn -0.0345236 0.5436670 0.8385907
v -0.260624 1.036489 0.585637
vt 0.5312500 0.9687500
vn -0.0373362 0.5436105 0.8385068
f 2320/2320/2320 2321/2321/2321 2322/2322/2322
v -0.361462 0.934657 0.645287
vt 0.5312500 0.9687500
vn -0.0517197 0.5311596 0.8456918
v -0.326004 0.935646 0.646727
vt 0.5312500 0.9687500
vn -0.0466578 0.5312617 0.8459221
v -0.217336 1.037329 0.586860
vt 0.5312500 0.9687500
vn -0.0311231 0.5437244 0.8386866
f 2323/2323/2323 2324/2324/2324 2325/2325/2325
v -0.361462 0.934657 0.645287
vt 0.5312500 0.9687500
vn -0.0517176 0.5311432 0.8457021
v -0.217336 1.037329 0.586860
vt 0.5312500 0.9687500
vn -0.0311422 0.5437272 0.8386839
v -0.240975 1.036889 0.586220
vt 0.5312500 0.9687500
vn -0.0345246 0.5436634 0.8385928
f 2326/2326/2326 2327/2327/2327 2328/2328/2328
v -0.326004 0.935646 0.646727
vt 0.5312500 0.9687500
vn -0.0466593 0.5312836 0.8459082
v -0.293791 0.936457 0.647907
vt 0.5312500 0.9687500
vn -0.0420617 0.5313996 0.8460764
v -0.195861 1.037689 0.587384
vt 0.5312500 0.9687500
vn -0.0280575 0.5437736 0.8387628
f 2329/2329/2329 2330/2330/2330 2331/2331/2331
v -0.326004 0.935646 0.646727
vt 0.5312500 0.9687500
vn -0.0466752 0.5312790 0.8459101
v -0.195861 1.037689 0.587384
vt 0.5312500 0.9687500
vn -0.0280665 0.5437710 0.8387641
v -0.217336 1.037329 0.586860
vt 0.5312500 0.9687500
vn -0.0311410 0.5437189 0.8386894
f 2332/2332/2332 2333/2333/2333 2334/2334/2334
v -0.293791 0.936457 0.647907
vt 0.5312500 0.9687500
vn -0.0420567 0.5313977 0.8460778
v -0.261012 0.937195 0.648982
vt 0.5312500 0.9687500
vn -0.0373768 0.5315025 0.8462316
v -0.174008 1.038017 0.587862
vt 0.5312500 0.9687500
vn -0.0249529 0.5438172 0.8388326
f 2335/2335/2335 2336/2336/2336 2337/2337/2337
v -0.293791 0.936457 0.647907
vt 0.5312500 0.9687500
vn -0.0420610 0.5313853 0.8460854
v -0.174008 1.038017 0.587862
vt 0.5312500 0.9687500
vn -0.0249349 0.5438352 0.8388214
v -0.195861 1.037689 0.587384
vt 0.5312500 0.9687500
vn -0.0280678 0.5437886 0.8387527
f 2338/2338/2338 2339/2339/2339 2340/2340/2340
v -0.261012 0.937195 0.648982
vt 0.5312500 0.9687500
vn -0.0373772 0.5314653 0.8462549
v -0.226269 0.937883 0.649982
vt 0.5312500 0.9687500
vn -0.0324008 0.5315642 0.8463980
v -0.150846 1.038323 0.588307
vt 0.5312500 0.9687500
vn -0.0216117 0.5438626 0.8388959
f 2341/2341/2341 2342/2342/2342 2343/2343/2343
v -0.261012 0.937195 0.648982
vt 0.5312500 0.9687500
vn -0.0373860 0.5314832 0.8462434
v -0.150846 1.038323 0.588307
vt 0.5312500 0.9687500
vn -0.0216194 0.5438672 0.8388928
v -0.174008 1.038017 0.587862
vt 0.5312500 0.9687500
vn -0.0249384 0.5438234 0.8388291
f 2344/2344/2344 2345/2345/2345 2346/2346/2346
v -0.226269 0.937883 0.649982
vt 0.5312500 0.9687500
vn -0.0324067 0.5315627 0.8463987
v -0.195914 0.938403 0.650740
vt 0.5312500 0.9687500
vn -0.0280579 0.5316361 0.8465080
v -0.130609 1.038554 0.588643
vt 0.5312500 0.9687500
vn -0.0187026 0.5438983 0.8389428
f 2347/2347/2347 2348/2348/2348 2349/2349/2349
v -0.226269 0.937883 0.649982
vt 0.5312500 0.9687500
vn -0.0324013 0.5315773 0.8463898
v -0.130609 1.038554 0.588643
vt 0.5312500 0.9687500
vn -0.0187172 0.5439124 0.8389332
v -0.150846 1.038323 0.588307
vt 0.5312500 0.9687500
vn -0.0216217 0.5438794 0.8388847
f 2350/2350/2350 2351/2351/2351 2352/2352/2352
v -0.195914 0.938403 0.650740
vt 0.5312500 0.9687500
vn -0.0280563 0.5316592 0.8464935
v -0.159457 0.938929 0.651506
vt 0.5312500 0.9687500
vn -0.0228351 0.5316952 0.8466279
v -0.106304 1.038788 0.588984
vt 0.5312500 0.9687500
vn -0.0152110 0.5439349 0.8389895
f 2353/2353/2353 2354/2354/2354 2355/2355/2355
v -0.195914 0.938403 0.650740
vt 0.5312500 0.9687500
vn -0.0280424 0.5316531 0.8464978
v -0.106304 1.038788 0.588984
vt 0.5312500 0.9687500
vn -0.0152396 0.5439143 0.8390024
v -0.130609 1.038554 0.588643
vt 0.5312500 0.9687500
vn -0.0187185 0.5438814 0.8389533
f 2356/2356/2356 2357/2357/2357 2358/2358/2358
v -0.159457 0.938929 0.651506
vt 0.5312500 0.9687500
vn -0.0228445 0.5317085 0.8466194
v -0.130669 0.939268 0.651999
vt 0.5312500 0.9687500
vn -0.0187182 0.5317558 0.8466909
v -0.087113 1.038939 0.589203
vt 0.5312500 0.9687500
vn -0.0124958 0.5439421 0.8390298
f 2359/2359/2359 2360/2360/2360 2361/2361/2361
v -0.159457 0.938929 0.651506
vt 0.5312500 0.9687500
vn -0.0228414 0.5317172 0.8466139
v -0.087113 1.038939 0.589203
vt 0.5312500 0.9687500
vn -0.0124864 0.5439518 0.8390236
v -0.106304 1.038788 0.588984
vt 0.5312500 0.9687500
vn -0.0152380 0.5439314 0.8389913
f 2362/2362/2362 2363/2363/2363 2364/2364/2364
v -0.130669 0.939268 0.651999
vt 0.5312500 0.9687500
vn -0.0187238 0.5317532 0.8466924
v -0.093066 0.939610 0.652496
vt 0.5312500 0.9687500
vn -0.0133315 0.5318021 0.8467638
v -0.062044 1.039090 0.589424
vt 0.5312500 0.9687500
vn -0.0089016 0.5439610 0.8390632
f 2365/2365/2365 2366/2366/2366 2367/2367/2367
v -0.130669 0.939268 0.651999
vt 0.5312500 0.9687500
vn -0.0187352 0.5317540 0.8466917
v -0.062044 1.039090 0.589424
vt 0.5312500 0.9687500
vn -0.0088916 0.5439750 0.8390543
v -0.087113 1.038939 0.589203
vt 0.5312500 0.9687500
vn -0.0124889 0.5439532 0.8390226
f 2368/2368/2368 2369/2369/2369 2370/2370/2370
v -0.093066 0.939610 0.652496
vt 0.5312500 0.9687500
vn -0.0133346 0.5318041 0.8467625
v -0.065355 0.939788 0.652756
vt 0.5312500 0.9687500
vn -0.0093630 0.5318287 0.8468002
v -0.043570 1.039170 0.589539
vt 0.5312500 0.9687500
vn -0.0062488 0.5439749 0.8390782
f 2371/2371/2371 2372/2372/2372 2373/2373/2373
v -0.093066 0.939610 0.652496
vt 0.5312500 0.9687500
vn -0.0133169 0.5318252 0.8467496
v -0.043570 1.039170 0.589539
vt 0.5312500 0.9687500
vn -0.0062451 0.5439847 0.8390720
v -0.062044 1.039090 0.589424
vt 0.5312500 0.9687500
vn -0.0088952 0.5439737 0.8390552
f 2374/2374/2374 2375/2375/2375 2376/2376/2376
v -0.065355 0.939788 0.652756
vt 0.5312500 0.9687500
vn -0.0093667 0.5318255 0.8468021
v -0.026749 0.939932 0.652966
vt 0.5312500 0.9687500
vn -0.0038293 0.5318454 0.8468328
v -0.017833 1.039234 0.589633
vt 0.5312500 0.9687500
vn -0.0025692 0.5439682 0.8391019
f 2377/2377/2377 2378/2378/2378 2379/2379/2379
v -0.065355 0.939788 0.652756
vt 0.5312500 0.9687500
vn -0.0093745 0.5318213 0.8468047
v -0.017833 1.039234 0.589633
vt 0.5312500 0.9687500
vn -0.0025540 0.5439951 0.8390845
v -0.043570 1.039170 0.589539
vt 0.5312500 0.9687500
vn -0.0062484 0.5439863 0.8390708
f 2380/2380/2380 2381/2381/2381 2382/2382/2382
v -0.026749 0.939932 0.652966
vt 0.5312500 0.9687500
vn -0.0038284 0.5318652 0.8468204
v -0.000000 0.939961 0.653008
vt 0.5312500 0.9687500
vn -0.0000042 0.5318688 0.8468269
v -0.000000 1.039247 0.589651
vt 0.5312500 0.9687500
vn -0.0000048 0.5439748 0.8391016
f 2383/2383/2383 2384/2384/2384 2385/2385/2385
v -0.026749 0.939932 0.652966
vt 0.5312500 0.9687500
vn -0.0038263 0.5318668 0.8468195
v -0.000000 1.039247 0.589651
vt 0.5312500 0.9687500
vn -0.0000042 0.5439690 0.8391054
v -0.017833 1.039234 0.589633
vt 0.5312500 0.9687500
vn -0.0025524 0.5439681 0.8391020
f 2386/2386/2386 2387/2387/2387 2388/2388/2388
v -0.000000 0.939961 0.653008
vt 0.5312500 0.9687500
vn 0.0000050 0.5318711 0.8468253
v 0.026750 0.939932 0.652966
vt 0.5312500 0.9687500
vn 0.0038293 0.5318647 0.8468207
v 0.017833 1.039234 0.589633
vt 0.5312500 0.9687500
vn 0.0025571 0.5439968 0.8390834
f 2389/2389/2389 2390/2390/2390 2391/2391/2391
v -0.000000 0.939961 0.653008
vt 0.5312500 0.9687500
vn 0.0000034 0.5318717 0.8468250
v 0.017833 1.039234 0.589633
vt 0.5312500 0.9687500
vn 0.0025522 0.5439656 0.8391036
v -0.000000 1.039247 0.589651
vt 0.5312500 0.9687500
vn 0.0000044 0.5439697 0.8391050
f 2392/2392/2392 2393/2393/2393 2394/2394/2394
v 0.026750 0.939932 0.652966
vt 0.5312500 0.9687500
vn 0.0038414 0.5318698 0.8468174
v 0.065355 0.939788 0.652756
vt 0.5312500 0.9687500
vn 0.0093746 0.5318108 0.8468114
v 0.043570 1.039170 0.589539
vt 0.5312500 0.9687500
vn 0.0062459 0.5439786 0.8390758
f 2395/2395/2395 2396/2396/2396 2397/2397/2397
v 0.026750 0.939932 0.652966
vt 0.5312500 0.9687500
vn 0.0038349 0.5318694 0.8468179
v 0.043570 1.039170 0.589539
vt 0.5312500 0.9687500
vn 0.0062434 0.5439705 0.8390812
v 0.017833 1.039234 0.589633
vt 0.5312500 0.9687500
vn 0.0025583 0.5439813 0.8390935
f 2398/2398/2398 2399/2399/2399 2400/2400/2400
v 0.065355 0.939788 0.652756
vt 0.5312500 0.9687500
vn 0.0093632 0.5318317 0.8467984
v 0.093066 0.939610 0.652496
vt 0.5312500 0.9687500
vn 0.0133349 0.5318052 0.8467618
v 0.062044 1.039090 0.589424
vt 0.5312500 0.9687500
vn 0.0089004 0.5439504 0.8390702
f 2401/2401/2401 2402/2402/2402 2403/2403/2403
v 0.065355 0.939788 0.652756
vt 0.5312500 0.9687500
vn 0.0093662 0.5318254 0.8468021
v 0.062044 1.039090 0.589424
vt 0.5312500 0.9687500
vn 0.0088979 0.5439845 0.8390480
v 0.043570 1.039170 0.589539
vt 0.5312500 0.9687500
vn 0.0062421 0.5439964 0.8390643
f 2404/2404/2404 2405/2405/2405 2406/2406/2406
v 0.093066 0.939610 0.652496
vt 0.5312500 0.9687500
vn 0.0133392 0.5318223 0.8467509
v 0.130669 0.939268 0.651999
vt 0.5312500 0.9687500
vn 0.0187155 0.5317734 0.8466798
v 0.087113 1.038939 0.589203
vt 0.5312500 0.9687500
vn 0.0124743 0.5439671 0.8390138
f 2407/2407/2407 2408/2408/2408 2409/2409/2409
v 0.093066 0.939610 0.652496
vt 0.5312500 0.9687500
vn 0.0133382 0.5317975 0.8467665
v 0.087113 1.038939 0.589203
vt 0.5312500 0.9687500
vn 0.0124864 0.5439439 0.8390287
v 0.062044 1.039090 0.589424
vt 0.5312500 0.9687500
vn 0.0088941 0.5439667 0.8390596
f 2410/2410/2410 2411/2411/2411 2412/2412/2412
v 0.130669 0.939268 0.651999
vt 0.5312500 0.9687500
vn 0.0187207 0.5317652 0.8466849
v 0.159457 0.938929 0.651506
vt 0.5312500 0.9687500
vn 0.0228424 0.5317142 0.8466157
v 0.106304 1.038788 0.588984
vt 0.5312500 0.9687500
vn 0.0152340 0.5439280 0.8389936
f 2413/2413/2413 2414/2414/2414 2415/2415/2415
v 0.130669 0.939268 0.651999
vt 0.5312500 0.9687500
vn 0.0187171 0.5317665 0.8466842
v 0.106304 1.038788 0.588984
vt 0.5312500 0.9687500
vn 0.0152367 0.5439216 0.8389977
v 0.087113 1.038939 0.589203
vt 0.5312500 0.9687500
vn 0.0124877 0.5439426 0.8390295
f 2416/2416/2416 2417/2417/2417 2418/2418/2418
v 0.159457 0.938929 0.651506
vt 0.5312500 0.9687500
vn 0.0228467 0.5317293 0.8466061
v 0.195914 0.938403 0.650740
vt 0.5312500 0.9687500
vn 0.0280577 0.5316543 0.8464965
v 0.130609 1.038554 0.588643
vt 0.5312500 0.9687500
vn 0.0187180 0.5438940 0.8389451
f 2419/2419/2419 2420/2420/2420 2421/2421/2421
v 0.159457 0.938929 0.651506
vt 0.5312500 0.9687500
vn 0.0228414 0.5317178 0.8466135
v 0.130609 1.038554 0.588643
vt 0.5312500 0.9687500
vn 0.0187150 0.5438737 0.8389583
v 0.106304 1.038788 0.588984
vt 0.5312500 0.9687500
vn 0.0152413 0.5439081 0.8390064
f 2422/2422/2422 2423/2423/2423 2424/2424/2424
v 0.195914 0.938403 0.650740
vt 0.5312500 0.9687500
vn 0.0280653 0.5316638 0.8464904
v 0.226269 0.937883 0.649982
vt 0.5312500 0.9687500
vn 0.0324001 0.5315911 0.8463812
v 0.150846 1.038323 0.588307
vt 0.5312500 0.9687500
vn 0.0216306 0.5438563 0.8388996
f 2425/2425/2425 2426/2426/2426 2427/2427/2427
v 0.195914 0.938403 0.650740
vt 0.5312500 0.9687500
vn 0.0280766 0.5316367 0.8465070
v 0.150846 1.038323 0.588307
vt 0.5312500 0.9687500
vn 0.0216203 0.5438637 0.8388950
v 0.130609 1.038554 0.588643
vt 0.5312500 0.9687500
vn 0.0187196 0.5438968 0.8389434
f 2428/2428/2428 2429/2429/2429 2430/2430/2430
v 0.226269 0.937883 0.649982
vt 0.5312500 0.9687500
vn 0.0324061 0.5315828 0.8463861
v 0.261012 0.937195 0.648982
vt 0.5312500 0.9687500
vn 0.0373729 0.5314833 0.8462439
v 0.174008 1.038017 0.587862
vt 0.5312500 0.9687500
vn 0.0249202 0.5438262 0.8388278
f 2431/2431/2431 2432/2432/2432 2433/2433/2433
v 0.226269 0.937883 0.649982
vt 0.5312500 0.9687500
vn 0.0323927 0.5315819 0.8463873
v 0.174008 1.038017 0.587862
vt 0.5312500 0.9687500
vn 0.0249354 0.5438130 0.8388359
v 0.150846 1.038323 0.588307
vt 0.5312500 0.9687500
vn 0.0216198 0.5438574 0.8388991
f 2434/2434/2434 2435/2435/2435 2436/2436/2436
v 0.261012 0.937195 0.648982
vt 0.5312500 0.9687500
vn 0.0373743 0.5314882 0.8462408
v 0.293791 0.936457 0.647907
vt 0.5312500 0.9687500
vn 0.0420595 0.5313828 0.8460870
v 0.195861 1.037689 0.587384
vt 0.5312500 0.9687500
vn 0.0280717 0.5437732 0.8387625
f 2437/2437/2437 2438/2438/2438 2439/2439/2439
v 0.261012 0.937195 0.648982
vt 0.5312500 0.9687500
vn 0.0373650 0.5314864 0.8462424
v 0.195861 1.037689 0.587384
vt 0.5312500 0.9687500
vn 0.0280635 0.5437586 0.8387724
v 0.174008 1.038017 0.587862
vt 0.5312500 0.9687500
vn 0.0249388 0.5438057 0.8388405
f 2440/2440/2440 2441/2441/2441 2442/2442/2442
v 0.293791 0.936457 0.647907
vt 0.5312500 0.9687500
vn 0.0420571 0.5313799 0.8460889
v 0.326004 0.935646 0.646727
vt 0.5312500 0.9687500
vn 0.0466637 0.5312635 0.8459204
v 0.217336 1.037329 0.586860
vt 0.5312500 0.9687500
vn 0.0311395 0.5437251 0.8386855
f 2443/2443/2443 2444/2444/2444 2445/2445/2445
v 0.293791 0.936457 0.647907
vt 0.5312500 0.9687500
vn 0.0420579 0.5313857 0.8460853
v 0.217336 1.037329 0.586860
vt 0.5312500 0.9687500
vn 0.0311396 0.5437173 0.8386905
v 0.195861 1.037689 0.587384
vt 0.5312500 0.9687500
vn 0.0280678 0.5437693 0.8387652
f 2446/2446/2446 2447/2447/2447 2448/2448/2448
v 0.326004 0.935646 0.646727
vt 0.5312500 0.9687500
vn 0.0466585 0.5312697 0.8459170
v 0.361462 0.934657 0.645287
vt 0.5312500 0.9687500
vn 0.0517271 0.5311295 0.8457102
v 0.240975 1.036889 0.586220
vt 0.5312500 0.9687500
vn 0.0345390 0.5436639 0.8385921
f 2449/2449/2449 2450/2450/2450 2451/2451/2451
v 0.326004 0.935646 0.646727
vt 0.5312500 0.9687500
vn 0.0466700 0.5312768 0.8459119
v 0.240975 1.036889 0.586220
vt 0.5312500 0.9687500
vn 0.0345267 0.5436801 0.8385822
v 0.217336 1.037329 0.586860
vt 0.5312500 0.9687500
vn 0.0311435 0.5437028 0.8386998
f 2452/2452/2452 2453/2453/2453 2454/2454/2454
v 0.361462 0.934657 0.645287
vt 0.5312500 0.9687500
vn 0.0517210 0.5311311 0.8457097
v 0.390936 0.933756 0.643976
vt 0.5312500 0.9687500
vn 0.0559257 0.5310420 0.8454980
v 0.260624 1.036489 0.585637
vt 0.5312500 0.9687500
vn 0.0373562 0.5436103 0.8385062
f 2455/2455/2455 2456/2456/2456 2457/2457/2457
v 0.361462 0.934657 0.645287
vt 0.5312500 0.9687500
vn 0.0517219 0.5311438 0.8457016
v 0.260624 1.036489 0.585637
vt 0.5312500 0.9687500
vn 0.0373339 0.5435883 0.8385212
v 0.240975 1.036889 0.586220
vt 0.5312500 0.9687500
vn 0.0345263 0.5436444 0.8386052
f 2458/2458/2458 2459/2459/2459 2460/2460/2460
v 0.390936 0.933756 0.643976
vt 0.5312500 0.9687500
vn 0.0559254 0.5310100 0.8455179
v 0.429269 0.932480 0.642118
vt 0.5312500 0.9687500
vn 0.0613960 0.5308294 0.8452519
v 0.286179 1.035921 0.584811
vt 0.5312500 0.9687500
vn 0.0409805 0.5435313 0.8383878
f 2461/2461/2461 2462/2462/2462 2463/2463/2463
v 0.390936 0.933756 0.643976
vt 0.5312500 0.9687500
vn 0.0559156 0.5310229 0.8455106
v 0.286179 1.035921 0.584811
vt 0.5312500 0.9687500
vn 0.0409895 0.5435154 0.8383979
v 0.260624 1.036489 0.585637
vt 0.5312500 0.9687500
vn 0.0373382 0.5435961 0.8385161
f 2464/2464/2464 2465/2465/2465 2466/2466/2466
v 0.429269 0.932480 0.642118
vt 0.5312500 0.9687500
vn 0.0613945 0.5308666 0.8452287
v 0.455669 0.931531 0.640737
vt 0.5312500 0.9687500
vn 0.0651510 0.5307323 0.8450317
v 0.303779 1.035500 0.584198
vt 0.5312500 0.9687500
vn 0.0434914 0.5434698 0.8383014
f 2467/2467/2467 2468/2468/2468 2469/2469/2469
v 0.429269 0.932480 0.642118
vt 0.5312500 0.9687500
vn 0.0613952 0.5308546 0.8452362
v 0.303779 1.035500 0.584198
vt 0.5312500 0.9687500
vn 0.0435086 0.5434880 0.8382887
v 0.286179 1.035921 0.584811
vt 0.5312500 0.9687500
vn 0.0409891 0.5435485 0.8383765
f 2470/2470/2470 2471/2471/2471 2472/2472/2472
v 0.455669 0.931531 0.640737
vt 0.5312500 0.9687500
vn 0.0651524 0.5307246 0.8450363
v 0.497759 0.929902 0.638365
vt 0.5312500 0.9687500
vn 0.0711448 0.5304939 0.8446978
v 0.331839 1.034776 0.583143
vt 0.5312500 0.9687500
vn 0.0475092 0.5433711 0.8381472
f 2473/2473/2473 2474/2474/2474 2475/2475/2475
v 0.455669 0.931531 0.640737
vt 0.5312500 0.9687500
vn 0.0651391 0.5307259 0.8450366
v 0.331839 1.034776 0.583143
vt 0.5312500 0.9687500
vn 0.0475184 0.5433882 0.8381355
v 0.303779 1.035500 0.584198
vt 0.5312500 0.9687500
vn 0.0435048 0.5434909 0.8382869
f 2476/2476/2476 2477/2477/2477 2478/2478/2478
v 0.497759 0.929902 0.638365
vt 0.5312500 0.9687500
vn 0.0711411 0.5304942 0.8446981
v 0.511575 0.929336 0.637541
vt 0.5312500 0.9687500
vn 0.0731052 0.5304139 0.8445808
v 0.341050 1.034524 0.582777
vt 0.5312500 0.9687500
vn 0.0488319 0.5433411 0.8380905
f 2479/2479/2479 2480/2480/2480 2481/2481/2481
v 0.497759 0.929902 0.638365
vt 0.5312500 0.9687500
vn 0.0711341 0.5305080 0.8446900
v 0.341050 1.034524 0.582777
vt 0.5312500 0.9687500
vn 0.0488334 0.5433466 0.8380869
v 0.331839 1.034776 0.583143
vt 0.5312500 0.9687500
vn 0.0475165 0.5433822 0.8381396
f 2482/2482/2482 2483/2483/2483 2484/2484/2484
v 0.511575 0.929336 0.637541
vt 0.5312500 0.9687500
vn 0.0731090 0.5304266 0.8445725
v 0.520430 0.932559 0.634742
vt 0.5312500 0.9687500
vn 0.0743559 0.5308342 0.8442075
v 0.346953 1.036733 0.580998
vt 0.5312500 0.9687500
vn 0.0496800 0.5436062 0.8378689
f 2485/2485/2485 2486/2486/2486 2487/2487/2487
v 0.511575 0.929336 0.637541
vt 0.5312500 0.9687500
vn 0.0730914 0.5304348 0.8445690
v 0.346953 1.036733 0.580998
vt 0.5312500 0.9687500
vn 0.0496684 0.5436217 0.8378595
v 0.341050 1.034524 0.582777
vt 0.5312500 0.9687500
vn 0.0488253 0.5433513 0.8380845
f 2488/2488/2488 2489/2489/2489 2490/2490/2490
v 0.520430 0.932559 0.634742
vt 0.5312500 0.9687500
vn 0.0743574 0.5308397 0.8442039
v 0.549164 0.942967 0.625583
vt 0.5312500 0.9687500
vn 0.0784658 0.5320560 0.8430656
v 0.366109 1.043876 0.575190
vt 0.5312500 0.9687500
vn 0.0523988 0.5444700 0.8371421
f 2491/2491/2491 2492/2492/2492 2493/2493/2493
v 0.520430 0.932559 0.634742
vt 0.5312500 0.9687500
vn 0.0743728 0.5308216 0.8442138
v 0.366109 1.043876 0.575190
vt 0.5312500 0.9687500
vn 0.0524104 0.5444772 0.8371367
v 0.346953 1.036733 0.580998
vt 0.5312500 0.9687500
vn 0.0496851 0.5435957 0.8378754
f 2494/2494/2494 2495/2495/2495 2496/2496/2496
v 0.549164 0.942967 0.625583
vt 0.5312500 0.9687500
vn 0.0784645 0.5320625 0.8430616
v 0.549947 0.943616 0.625101
vt 0.5312500 0.9687500
vn 0.0785671 0.5321480 0.8429981
v 0.366631 1.044312 0.574874
vt 0.5312500 0.9687500
vn 0.0525159 0.5445193 0.8371028
f 2497/2497/2497 2498/2498/2498 2499/2499/2499
v 0.549164 0.942967 0.625583
vt 0.5312500 0.9687500
vn 0.0784629 0.5320702 0.8430569
v 0.366631 1.044312 0.574874
vt 0.5312500 0.9687500
vn 0.0524980 0.5445162 0.8371058
v 0.366109 1.043876 0.575190
vt 0.5312500 0.9687500
vn 0.0524286 0.5444579 0.8371480
f 2500/2500/2500 2501/2501/2501 2502/2502/2502
v 0.549947 0.943616 0.625101
vt 0.5312500 0.9687500
vn 0.0785663 0.5321491 0.8429976
v 0.572240 0.962061 0.611299
vt 0.5312500 0.9687500
vn 0.0817508 0.5343745 0.8412852
v 0.381494 1.056720 0.565834
vt 0.5312500 0.9687500
vn 0.0546014 0.5460345 0.8359816
f 2503/2503/2503 2504/2504/2504 2505/2505/2505
v 0.549947 0.943616 0.625101
vt 0.5312500 0.9687500
vn 0.0785788 0.5321485 0.8429966
v 0.381494 1.056720 0.565834
vt 0.5312500 0.9687500
vn 0.0546094 0.5460337 0.8359814
v 0.366631 1.044312 0.574874
vt 0.5312500 0.9687500
vn 0.0524698 0.5445362 0.8370944
f 2506/2506/2506 2507/2507/2507 2508/2508/2508
v 0.572240 0.962061 0.611299
vt 0.5312500 0.9687500
vn 0.0817445 0.5343835 0.8412800
v 0.574706 0.971113 0.605301
vt 0.5312500 0.9687500
vn 0.0820944 0.5354853 0.8405449
v 0.383137 1.062729 0.561798
vt 0.5312500 0.9687500
vn 0.0548568 0.5467584 0.8354915
f 2509/2509/2509 2510/2510/2510 2511/2511/2511
v 0.572240 0.962061 0.611299
vt 0.5312500 0.9687500
vn 0.0817273 0.5343922 0.8412760
v 0.383137 1.062729 0.561798
vt 0.5312500 0.9687500
vn 0.0548441 0.5467669 0.8354867
v 0.381494 1.056720 0.565834
vt 0.5312500 0.9687500
vn 0.0545943 0.5460346 0.8359818
f 2512/2512/2512 2513/2513/2513 2514/2514/2514
v 0.574706 0.971113 0.605301
vt 0.5312500 0.9687500
vn 0.0821050 0.5354809 0.8405468
v 0.577687 0.982048 0.598030
vt 0.5312500 0.9687500
vn 0.0825188 0.5368156 0.8396544
v 0.385125 1.069991 0.556910
vt 0.5312500 0.9687500
vn 0.0551318 0.5476505 0.8348889
f 2515/2515/2515 2516/2516/2516 2517/2517/2517
v 0.574706 0.971113 0.605301
vt 0.5312500 0.9687500
vn 0.0820838 0.5354902 0.8405430
v 0.385125 1.069991 0.556910
vt 0.5312500 0.9687500
vn 0.0551226 0.5476545 0.8348868
v 0.383137 1.062729 0.561798
vt 0.5312500 0.9687500
vn 0.0548305 0.5467687 0.8354864
f 2518/2518/2518 2519/2519/2519 2520/2520/2520
v 0.577687 0.982048 0.598030
vt 0.5312500 0.9687500
vn 0.0825288 0.5368091 0.8396577
v 0.590560 1.029120 0.566423
vt 0.5312500 0.9687500
vn 0.0843518 0.5425408 0.8357837
v 0.393706 1.101282 0.535706
vt 0.5312500 0.9687500
vn 0.0563495 0.5514768 0.8322849
f 2521/2521/2521 2522/2522/2522 2523/2523/2523
v 0.577687 0.982048 0.598030
vt 0.5312500 0.9687500
vn 0.0825204 0.5368128 0.8396562
v 0.393706 1.101282 0.535706
vt 0.5312500 0.9687500
vn 0.0563703 0.5514654 0.8322910
v 0.385125 1.069991 0.556910
vt 0.5312500 0.9687500
vn 0.0551243 0.5476525 0.8348882
f 2524/2524/2524 2525/2525/2525 2526/2526/2526
v 0.590560 1.029120 0.566423
vt 0.5312500 0.9687500
vn 0.0843423 0.5425462 0.8357809
v 0.592176 1.035014 0.562430
vt 0.5312500 0.9687500
vn 0.0845874 0.5432591 0.8352929
v 0.394784 1.105203 0.533033
vt 0.5312500 0.9687500
vn 0.0565313 0.5519418 0.8319641
f 2527/2527/2527 2528/2528/2528 2529/2529/2529
v 0.590560 1.029120 0.566423
vt 0.5312500 0.9687500
vn 0.0843733 0.5425340 0.8357858
v 0.394784 1.105203 0.533033
vt 0.5312500 0.9687500
vn 0.0564974 0.5519515 0.8319600
v 0.393706 1.101282 0.535706
vt 0.5312500 0.9687500
vn 0.0563640 0.5514678 0.8322898
f 2530/2530/2530 2531/2531/2531 2532/2532/2532
v 0.592176 1.035014 0.562430
vt 0.5312500 0.9687500
vn 0.0845965 0.5432546 0.8352950
v 0.606475 1.086990 0.526871
vt 0.5312500 0.9687500
vn 0.0866445 0.5495815 0.8309349
v 0.404317 1.139822 0.509281
vt 0.5312500 0.9687500
vn 0.0578630 0.5561782 0.8290462
f 2533/2533/2533 2534/2534/2534 2535/2535/2535
v 0.592176 1.035014 0.562430
vt 0.5312500 0.9687500
vn 0.0845802 0.5432652 0.8352898
v 0.404317 1.139822 0.509281
vt 0.5312500 0.9687500
vn 0.0578722 0.5561743 0.8290483
v 0.394784 1.105203 0.533033
vt 0.5312500 0.9687500
vn 0.0565084 0.5519467 0.8319625
f 2536/2536/2536 2537/2537/2537 2538/2538/2538
v 0.606475 1.086990 0.526871
vt 0.5312500 0.9687500
vn 0.0866364 0.5495803 0.8309365
v 0.607043 1.089049 0.525449
vt 0.5312500 0.9687500
vn 0.0867053 0.5498331 0.8307620
v 0.404695 1.141195 0.508333
vt 0.5312500 0.9687500
vn 0.0579127 0.5563424 0.8289325
f 2539/2539/2539 2540/2540/2540 2541/2541/2541
v 0.606475 1.086990 0.526871
vt 0.5312500 0.9687500
vn 0.0866403 0.5495800 0.8309363
v 0.404695 1.141195 0.508333
vt 0.5312500 0.9687500
vn 0.0579167 0.5563430 0.8289319
v 0.404317 1.139822 0.509281
vt 0.5312500 0.9687500
vn 0.0578707 0.5561728 0.8290493
f 2542/2542/2542 2543/2543/2543 2544/2544/2544
v 0.607043 1.089049 0.525449
vt 0.5312500 0.9687500
vn 0.0867193 0.5498294 0.8307631
v 0.618128 1.129133 0.497577
vt 0.5312500 0.9687500
vn 0.0882733 0.5547093 0.8273484
v 0.412085 1.167940 0.489785
vt 0.5312500 0.9687500
vn 0.0589911 0.5596023 0.8266590
f 2545/2545/2545 2546/2546/2546 2547/2547/2547
v 0.607043 1.089049 0.525449
vt 0.5312500 0.9687500
vn 0.0867002 0.5498357 0.8307610
v 0.412085 1.167940 0.489785
vt 0.5312500 0.9687500
vn 0.0589839 0.5596043 0.8266582
v 0.404695 1.141195 0.508333
vt 0.5312500 0.9687500
vn 0.0579310 0.5563393 0.8289334
f 2548/2548/2548 2549/2549/2549 2550/2550/2550
v 0.618128 1.129133 0.497577
vt 0.5312500 0.9687500
vn 0.0883029 0.5547039 0.8273489
v 0.622668 1.145501 0.486087
vt 0.5312500 0.9687500
vn 0.0889562 0.5566956 0.8259400
v 0.415112 1.178872 0.482154
vt 0.5312500 0.9687500
vn 0.0594476 0.5609322 0.8257246
f 2551/2551/2551 2552/2552/2552 2553/2553/2553
v 0.618128 1.129133 0.497577
vt 0.5312500 0.9687500
vn 0.0883037 0.5547071 0.8273467
v 0.415112 1.178872 0.482154
vt 0.5312500 0.9687500
vn 0.0594228 0.5609365 0.8257235
v 0.412085 1.167940 0.489785
vt 0.5312500 0.9687500
vn 0.0590016 0.5596008 0.8266593
f 2554/2554/2554 2555/2555/2555 2556/2556/2556
v 0.622668 1.145501 0.486087
vt 0.5312500 0.9687500
vn 0.0889325 0.5566998 0.8259397
v 0.622860 1.146192 0.485601
vt 0.5312500 0.9687500
vn 0.0889559 0.5567850 0.8258796
v 0.415240 1.179334 0.481831
vt 0.5312500 0.9687500
vn 0.0594365 0.5609918 0.8256849
f 2557/2557/2557 2558/2558/2558 2559/2559/2559
v 0.622668 1.145501 0.486087
vt 0.5312500 0.9687500
vn 0.0889263 0.5567000 0.8259402
v 0.415240 1.179334 0.481831
vt 0.5312500 0.9687500
vn 0.0594401 0.5609927 0.8256840
v 0.415112 1.178872 0.482154
vt 0.5312500 0.9687500
vn 0.0594235 0.5609347 0.8257246
f 2560/2560/2560 2561/2561/2561 2562/2562/2562
v 0.622860 1.146192 0.485601
vt 0.5312500 0.9687500
vn 0.0889710 0.5567800 0.8258814
v 0.639120 1.204561 0.444097
vt 0.5312500 0.9687500
vn 0.0912637 0.5638829 0.8207966
v 0.426080 1.218374 0.454347
vt 0.5312500 0.9687500
vn 0.0609733 0.5657565 0.8223149
f 2563/2563/2563 2564/2564/2564 2565/2565/2565
v 0.622860 1.146192 0.485601
vt 0.5312500 0.9687500
vn 0.0889819 0.5567802 0.8258801
v 0.426080 1.218374 0.454347
vt 0.5312500 0.9687500
vn 0.0609928 0.5657521 0.8223165
v 0.415240 1.179334 0.481831
vt 0.5312500 0.9687500
vn 0.0594205 0.5609922 0.8256857
f 2566/2566/2566 2567/2567/2567 2568/2568/2568
v 0.639120 1.204561 0.444097
vt 0.5312500 0.9687500
vn 0.0912857 0.5638806 0.8207957
v 0.639427 1.205660 0.443308
vt 0.5312500 0.9687500
vn 0.0913242 0.5640148 0.8206993
v 0.426284 1.219110 0.453826
vt 0.5312500 0.9687500
vn 0.0610247 0.5658459 0.8222495
f 2569/2569/2569 2570/2570/2570 2571/2571/2571
v 0.639120 1.204561 0.444097
vt 0.5312500 0.9687500
vn 0.0912929 0.5638848 0.8207919
v 0.426284 1.219110 0.453826
vt 0.5312500 0.9687500
vn 0.0609900 0.5658510 0.8222485
v 0.426080 1.218374 0.454347
vt 0.5312500 0.9687500
vn 0.0609635 0.5657600 0.8223131
f 2572/2572/2572 2573/2573/2573 2574/2574/2574
v 0.639427 1.205660 0.443308
vt 0.5312500 0.9687500
vn 0.0913213 0.5640139 0.8207002
v 0.653507 1.255896 0.406914
vt 0.5312500 0.9687500
vn 0.0932926 0.5701249 0.8162439
v 0.435671 1.252779 0.429824
vt 0.5312500 0.9687500
vn 0.0623487 0.5699499 0.8193105
f 2575/2575/2575 2576/2576/2576 2577/2577/2577
v 0.639427 1.205660 0.443308
vt 0.5312500 0.9687500
vn 0.0913240 0.5640166 0.8206980
v 0.435671 1.252779 0.429824
vt 0.5312500 0.9687500
vn 0.0623417 0.5699555 0.8193072
v 0.426284 1.219110 0.453826
vt 0.5312500 0.9687500
vn 0.0609939 0.5658469 0.8222513
f 2578/2578/2578 2579/2579/2579 2580/2580/2580
v 0.653507 1.255896 0.406914
vt 0.5312500 0.9687500
vn 0.0933180 0.5701226 0.8162426
v 0.655435 1.264073 0.400974
vt 0.5312500 0.9687500
vn 0.0936001 0.5711144 0.8155168
v 0.436957 1.258262 0.425909
vt 0.5312500 0.9687500
vn 0.0625570 0.5706230 0.8188260
f 2581/2581/2581 2582/2582/2582 2583/2583/2583
v 0.653507 1.255896 0.406914
vt 0.5312500 0.9687500
vn 0.0933200 0.5701265 0.8162396
v 0.436957 1.258262 0.425909
vt 0.5312500 0.9687500
vn 0.0625568 0.5706165 0.8188304
v 0.435671 1.252779 0.429824
vt 0.5312500 0.9687500
vn 0.0623511 0.5699519 0.8193088
f 2584/2584/2584 2585/2585/2585 2586/2586/2586
v 0.655435 1.264073 0.400974
vt 0.5312500 0.9687500
vn 0.0935857 0.5711166 0.8155167
v 0.655676 1.265092 0.400233
vt 0.5312500 0.9687500
vn 0.0936155 0.5712421 0.8154255
v 0.437117 1.258945 0.425421
vt 0.5312500 0.9687500
vn 0.0625438 0.5706975 0.8187751
f 2587/2587/2587 2588/2588/2588 2589/2589/2589
v 0.655435 1.264073 0.400974
vt 0.5312500 0.9687500
vn 0.0935830 0.5711205 0.8155143
v 0.437117 1.258945 0.425421
vt 0.5312500 0.9687500
vn 0.0625644 0.5707033 0.8187694
v 0.436957 1.258262 0.425909
vt 0.5312500 0.9687500
vn 0.0625455 0.5706179 0.8188304
f 2590/2590/2590 2591/2591/2591 2592/2592/2592
v 0.655676 1.265092 0.400233
vt 0.5312500 0.9687500
vn 0.0935910 0.5712517 0.8154215
v 0.665620 1.307149 0.369417
vt 0.5312500 0.9687500
vn 0.0950002 0.5763569 0.8116572
v 0.443747 1.287169 0.405147
vt 0.5312500 0.9687500
vn 0.0635103 0.5741461 0.8162860
f 2593/2593/2593 2594/2594/2594 2595/2595/2595
v 0.655676 1.265092 0.400233
vt 0.5312500 0.9687500
vn 0.0936348 0.5712464 0.8154202
v 0.443747 1.287169 0.405147
vt 0.5312500 0.9687500
vn 0.0634888 0.5741508 0.8162842
v 0.437117 1.258945 0.425421
vt 0.5312500 0.9687500
vn 0.0625786 0.5707026 0.8187688
f 2596/2596/2596 2597/2597/2597 2598/2598/2598
v 0.665620 1.307149 0.369417
vt 0.5312500 0.9687500
vn 0.0950037 0.5763549 0.8116583
v 0.665564 1.307315 0.369306
vt 0.5312500 0.9687500
vn 0.0949920 0.5763742 0.8116459
v 0.443709 1.287279 0.405073
vt 0.5312500 0.9687500
vn 0.0634889 0.5741591 0.8162783
f 2599/2599/2599 2600/2600/2600 2601/2601/2601
v 0.665620 1.307149 0.369417
vt 0.5312500 0.9687500
vn 0.0949921 0.5763566 0.8116586
v 0.443709 1.287279 0.405073
vt 0.5312500 0.9687500
vn 0.0635215 0.5741631 0.8162731
v 0.443747 1.287169 0.405147
vt 0.5312500 0.9687500
vn 0.0635194 0.5741479 0.8162841
f 2602/2602/2602 2603/2603/2603 2604/2604/2604
v 0.665564 1.307315 0.369306
vt 0.5312500 0.9687500
vn 0.0950296 0.5763792 0.8116381
v 0.658683 1.327372 0.355820
vt 0.5312500 0.9687500
vn 0.0940417 0.5788323 0.8100057
v 0.439122 1.300614 0.396029
vt 0.5312500 0.9687500
vn 0.0628573 0.5757899 0.8151778
f 2605/2605/2605 2606/2606/2606 2607/2607/2607
v 0.665564 1.307315 0.369306
vt 0.5312500 0.9687500
vn 0.0950081 0.5763750 0.8116436
v 0.439122 1.300614 0.396029
vt 0.5312500 0.9687500
vn 0.0628670 0.5757952 0.8151734
v 0.443709 1.287279 0.405073
vt 0.5312500 0.9687500
vn 0.0634817 0.5741542 0.8162825
f 2608/2608/2608 2609/2609/2609 2610/2610/2610
v 0.658683 1.327372 0.355820
vt 0.5312500 0.9687500
vn 0.0940161 0.5788259 0.8100133
v 0.657166 1.331789 0.352838
vt 0.5312500 0.9687500
vn 0.0937828 0.5793632 0.8096562
v 0.438111 1.303552 0.394031
vt 0.5312500 0.9687500
vn 0.0626919 0.5761504 0.8149359
f 2611/2611/2611 2612/2612/2612 2613/2613/2613
v 0.658683 1.327372 0.355820
vt 0.5312500 0.9687500
vn 0.0940021 0.5788292 0.8100126
v 0.438111 1.303552 0.394031
vt 0.5312500 0.9687500
vn 0.0626949 0.5761513 0.8149350
v 0.439122 1.300614 0.396029
vt 0.5312500 0.9687500
vn 0.0628653 0.5757955 0.8151733
f 2614/2614/2614 2615/2615/2615 2616/2616/2616
v 0.657166 1.331789 0.352838
vt 0.5312500 0.9687500
vn 0.0937955 0.5793655 0.8096531
v 0.654350 1.339981 0.347294
vt 0.5312500 0.9687500
vn 0.0934018 0.5803681 0.8089802
v 0.436234 1.309002 0.390318
vt 0.5312500 0.9687500
vn 0.0624080 0.5768179 0.8144854
f 2617/2617/2617 2618/2618/2618 2619/2619/2619
v 0.657166 1.331789 0.352838
vt 0.5312500 0.9687500
vn 0.0937968 0.5793673 0.8096517
v 0.436234 1.309002 0.390318
vt 0.5312500 0.9687500
vn 0.0624454 0.5768218 0.8144796
v 0.438111 1.303552 0.394031
vt 0.5312500 0.9687500
vn 0.0626775 0.5761466 0.8149396
f 2620/2620/2620 2621/2621/2621 2622/2622/2622
v 0.654350 1.339981 0.347294
vt 0.5312500 0.9687500
vn 0.0934170 0.5803745 0.8089738
v 0.643551 1.349183 0.341920
vt 0.5312500 0.9687500
vn 0.0918878 0.5815125 0.8083314
v 0.429034 1.315035 0.386589
vt 0.5312500 0.9687500
vn 0.0614209 0.5775548 0.8140380
f 2623/2623/2623 2624/2624/2624 2625/2625/2625
v 0.654350 1.339981 0.347294
vt 0.5312500 0.9687500
vn 0.0933917 0.5803751 0.8089764
v 0.429034 1.315035 0.386589
vt 0.5312500 0.9687500
vn 0.0613993 0.5775601 0.8140359
v 0.436234 1.309002 0.390318
vt 0.5312500 0.9687500
vn 0.0624232 0.5768120 0.8144882
f 2626/2626/2626 2627/2627/2627 2628/2628/2628
v 0.643551 1.349183 0.341920
vt 0.5312500 0.9687500
vn 0.0918619 0.5814951 0.8083470
v 0.623440 1.366272 0.331847
vt 0.5312500 0.9687500
vn 0.0890376 0.5836226 0.8071289
v 0.415626 1.326250 0.379614
vt 0.5312500 0.9687500
vn 0.0595028 0.5789385 0.8131971
f 2629/2629/2629 2630/2630/2630 2631/2631/2631
v 0.643551 1.349183 0.341920
vt 0.5312500 0.9687500
vn 0.0918652 0.5815101 0.8083358
v 0.415626 1.326250 0.379614
vt 0.5312500 0.9687500
vn 0.0594714 0.5789286 0.8132065
v 0.429034 1.315035 0.386589
vt 0.5312500 0.9687500
vn 0.0614177 0.5775750 0.8140239
f 2632/2632/2632 2633/2633/2633 2634/2634/2634
v 0.623440 1.366272 0.331847
vt 0.5312500 0.9687500
vn 0.0890199 0.5836045 0.8071440
v 0.609462 1.368484 0.331772
vt 0.5312500 0.9687500
vn 0.0870404 0.5838784 0.8071617
v 0.406308 1.327574 0.379346
vt 0.5312500 0.9687500
vn 0.0581634 0.5791042 0.8131761
f 2635/2635/2635 2636/2636/2636 2637/2637/2637
v 0.623440 1.366272 0.331847
vt 0.5312500 0.9687500
vn 0.0890370 0.5835962 0.8071480
v 0.406308 1.327574 0.379346
vt 0.5312500 0.9687500
vn 0.0581615 0.5791169 0.8131672
v 0.415626 1.326250 0.379614
vt 0.5312500 0.9687500
vn 0.0594861 0.5789286 0.8132054
f 2638/2638/2638 2639/2639/2639 2640/2640/2640
v 0.609462 1.368484 0.331772
vt 0.5312500 0.9687500
vn 0.0870409 0.5838913 0.8071523
v 0.545135 1.378456 0.331124
vt 0.5312500 0.9687500
vn 0.0779146 0.5851876 0.8071460
v 0.363423 1.333577 0.377974
vt 0.5312500 0.9687500
vn 0.0520304 0.5798808 0.8130381
f 2641/2641/2641 2642/2642/2642 2643/2643/2643
v 0.609462 1.368484 0.331772
vt 0.5312500 0.9687500
vn 0.0870526 0.5838820 0.8071576
v 0.363423 1.333577 0.377974
vt 0.5312500 0.9687500
vn 0.0520428 0.5798865 0.8130333
v 0.406308 1.327574 0.379346
vt 0.5312500 0.9687500
vn 0.0581620 0.5791092 0.8131726
f 2644/2644/2644 2645/2645/2645 2646/2646/2646
v 0.545135 1.378456 0.331124
vt 0.5312500 0.9687500
vn 0.0779151 0.5851991 0.8071376
v 0.536912 1.379706 0.331005
vt 0.5312500 0.9687500
vn 0.0767425 0.5853381 0.8071492
v 0.357941 1.334333 0.377783
vt 0.5312500 0.9687500
vn 0.0512727 0.5799614 0.8130288
f 2647/2647/2647 2648/2648/2648 2649/2649/2649
v 0.545135 1.378456 0.331124
vt 0.5312500 0.9687500
vn 0.0779158 0.5851843 0.8071483
v 0.357941 1.334333 0.377783
vt 0.5312500 0.9687500
vn 0.0512567 0.5799716 0.8130226
v 0.363423 1.333577 0.377974
vt 0.5312500 0.9687500
vn 0.0520376 0.5798638 0.8130499
f 2650/2650/2650 2651/2651/2651 2652/2652/2652
v 0.536912 1.379706 0.331005
vt 0.5312500 0.9687500
vn 0.0767468 0.5853645 0.8071296
v 0.527019 1.381202 0.330852
vt 0.5312500 0.9687500
vn 0.0753385 0.5855384 0.8071362
v 0.351346 1.335240 0.377548
vt 0.5312500 0.9687500
vn 0.0503130 0.5800897 0.8129972
f 2653/2653/2653 2654/2654/2654 2655/2655/2655
v 0.536912 1.379706 0.331005
vt 0.5312500 0.9687500
vn 0.0767425 0.5853519 0.8071393
v 0.351346 1.335240 0.377548
vt 0.5312500 0.9687500
vn 0.0503128 0.5800756 0.8130074
v 0.357941 1.334333 0.377783
vt 0.5312500 0.9687500
vn 0.0512580 0.5799849 0.8130130
f 2656/2656/2656 2657/2657/2657 2658/2658/2658
v 0.527019 1.381202 0.330852
vt 0.5312500 0.9687500
vn 0.0753376 0.5855472 0.8071300
v 0.515154 1.382357 0.331109
vt 0.5312500 0.9687500
vn 0.0736532 0.5857108 0.8071667
v 0.343436 1.335900 0.377560
vt 0.5312500 0.9687500
vn 0.0491930 0.5801628 0.8130137
f 2659/2659/2659 2660/2660/2660 2661/2661/2661
v 0.527019 1.381202 0.330852
vt 0.5312500 0.9687500
vn 0.0753287 0.5855513 0.8071280
v 0.343436 1.335900 0.377560
vt 0.5312500 0.9687500
vn 0.0491864 0.5801890 0.8129954
v 0.351346 1.335240 0.377548
vt 0.5312500 0.9687500
vn 0.0503133 0.5800949 0.8129935
f 2662/2662/2662 2663/2663/2663 2664/2664/2664
v 0.515154 1.382357 0.331109
vt 0.5312500 0.9687500
vn 0.0736533 0.5857005 0.8071741
v 0.462100 1.387381 0.332054
vt 0.5312500 0.9687500
vn 0.0661002 0.5863761 0.8073375
v 0.308067 1.338793 0.377525
vt 0.5312500 0.9687500
vn 0.0441175 0.5805605 0.8130209
f 2665/2665/2665 2666/2666/2666 2667/2667/2667
v 0.515154 1.382357 0.331109
vt 0.5312500 0.9687500
vn 0.0736400 0.5857046 0.8071725
v 0.308067 1.338793 0.377525
vt 0.5312500 0.9687500
vn 0.0441241 0.5805352 0.8130387
v 0.343436 1.335900 0.377560
vt 0.5312500 0.9687500
vn 0.0491836 0.5801606 0.8130158
f 2668/2668/2668 2669/2669/2669 2670/2670/2670
v 0.462100 1.387381 0.332054
vt 0.5312500 0.9687500
vn 0.0661024 0.5863783 0.8073357
v 0.394824 1.393421 0.332773
vt 0.5312500 0.9687500
vn 0.0565103 0.5871605 0.8074957
v 0.263216 1.342313 0.377268
vt 0.5312500 0.9687500
vn 0.0377005 0.5810197 0.8130159
f 2671/2671/2671 2672/2672/2672 2673/2673/2673
v 0.462100 1.387381 0.332054
vt 0.5312500 0.9687500
vn 0.0660889 0.5863761 0.8073385
v 0.263216 1.342313 0.377268
vt 0.5312500 0.9687500
vn 0.0377137 0.5810086 0.8130231
v 0.308067 1.338793 0.377525
vt 0.5312500 0.9687500
vn 0.0441288 0.5805445 0.8130317
f 2674/2674/2674 2675/2675/2675 2676/2676/2676
v 0.394824 1.393421 0.332773
vt 0.5312500 0.9687500
vn 0.0565084 0.5871502 0.8075031
v 0.386763 1.394120 0.332823
vt 0.5312500 0.9687500
vn 0.0553603 0.5872502 0.8075100
v 0.257842 1.342724 0.377221
vt 0.5312500 0.9687500
vn 0.0369455 0.5810612 0.8130209
f 2677/2677/2677 2678/2678/2678 2679/2679/2679
v 0.394824 1.393421 0.332773
vt 0.5312500 0.9687500
vn 0.0565224 0.5871561 0.8074980
v 0.257842 1.342724 0.377221
vt 0.5312500 0.9687500
vn 0.0369432 0.5810612 0.8130209
v 0.263216 1.342313 0.377268
vt 0.5312500 0.9687500
vn 0.0377141 0.5810019 0.8130279
f 2680/2680/2680 2681/2681/2681 2682/2682/2682
v 0.386763 1.394120 0.332823
vt 0.5312500 0.9687500
vn 0.0553631 0.5872722 0.8074938
v 0.379524 1.394743 0.332862
vt 0.5312500 0.9687500
vn 0.0543255 0.5873226 0.8075277
v 0.253016 1.343091 0.377176
vt 0.5312500 0.9687500
vn 0.0362570 0.5811055 0.8130202
f 2683/2683/2683 2684/2684/2684 2685/2685/2685
v 0.386763 1.394120 0.332823
vt 0.5312500 0.9687500
vn 0.0553557 0.5872559 0.8075063
v 0.253016 1.343091 0.377176
vt 0.5312500 0.9687500
vn 0.0362517 0.5810934 0.8130292
v 0.257842 1.342724 0.377221
vt 0.5312500 0.9687500
vn 0.0369447 0.5810797 0.8130077
f 2686/2686/2686 2687/2687/2687 2688/2688/2688
v 0.379524 1.394743 0.332862
vt 0.5312500 0.9687500
vn 0.0543325 0.5873510 0.8075065
v 0.310348 1.400483 0.332915
vt 0.5312500 0.9687500
vn 0.0444433 0.5880920 0.8075720
v 0.206899 1.346502 0.376606
vt 0.5312500 0.9687500
vn 0.0296536 0.5815454 0.8129733
f 2689/2689/2689 2690/2690/2690 2691/2691/2691
v 0.379524 1.394743 0.332862
vt 0.5312500 0.9687500
vn 0.0543410 0.5873269 0.8075234
v 0.206899 1.346502 0.376606
vt 0.5312500 0.9687500
vn 0.0296517 0.5815479 0.8129715
v 0.253016 1.343091 0.377176
vt 0.5312500 0.9687500
vn 0.0362545 0.5810989 0.8130248
f 2692/2692/2692 2693/2693/2693 2694/2694/2694
v 0.310348 1.400483 0.332915
vt 0.5312500 0.9687500
vn 0.0444427 0.5880783 0.8075820
v 0.298505 1.401427 0.332867
vt 0.5312500 0.9687500
vn 0.0427517 0.5882126 0.8075755
v 0.199003 1.347068 0.376484
vt 0.5312500 0.9687500
vn 0.0285057 0.5816240 0.8129581
f 2695/2695/2695 2696/2696/2696 2697/2697/2697
v 0.310348 1.400483 0.332915
vt 0.5312500 0.9687500
vn 0.0444574 0.5880831 0.8075777
v 0.199003 1.347068 0.376484
vt 0.5312500 0.9687500
vn 0.0285214 0.5816240 0.8129576
v 0.206899 1.346502 0.376606
vt 0.5312500 0.9687500
vn 0.0296525 0.5815427 0.8129752
f 2698/2698/2698 2699/2699/2699 2700/2700/2700
v 0.298505 1.401427 0.332867
vt 0.5312500 0.9687500
vn 0.0427459 0.5881910 0.8075916
v 0.255467 1.404759 0.332553
vt 0.5312500 0.9687500
vn 0.0365998 0.5886275 0.8075755
v 0.170311 1.349085 0.375975
vt 0.5312500 0.9687500
vn 0.0244151 0.5818743 0.8129122
f 2701/2701/2701 2702/2702/2702 2703/2703/2703
v 0.298505 1.401427 0.332867
vt 0.5312500 0.9687500
vn 0.0427529 0.5882094 0.8075779
v 0.170311 1.349085 0.375975
vt 0.5312500 0.9687500
vn 0.0244143 0.5818906 0.8129006
v 0.199003 1.347068 0.376484
vt 0.5312500 0.9687500
vn 0.0285198 0.5816408 0.8129457
f 2704/2704/2704 2705/2705/2705 2706/2706/2706
v 0.255467 1.404759 0.332553
vt 0.5312500 0.9687500
vn 0.0365971 0.5886490 0.8075599
v 0.233251 1.405609 0.332897
vt 0.5312500 0.9687500
vn 0.0334164 0.5887702 0.8076094
v 0.155500 1.349555 0.376064
vt 0.5312500 0.9687500
vn 0.0222773 0.5819407 0.8129260
f 2707/2707/2707 2708/2708/2708 2709/2709/2709
v 0.255467 1.404759 0.332553
vt 0.5312500 0.9687500
vn 0.0365907 0.5886452 0.8075631
v 0.155500 1.349555 0.376064
vt 0.5312500 0.9687500
vn 0.0222936 0.5819623 0.8129103
v 0.170311 1.349085 0.375975
vt 0.5312500 0.9687500
vn 0.0244099 0.5818953 0.8128974
f 2710/2710/2710 2711/2711/2711 2712/2712/2712
v 0.233251 1.405609 0.332897
vt 0.5312500 0.9687500
vn 0.0334177 0.5887621 0.8076153
v 0.212564 1.406364 0.333164
vt 0.5312500 0.9687500
vn 0.0304555 0.5888706 0.8076534
v 0.141709 1.349976 0.376123
vt 0.5312500 0.9687500
vn 0.0203254 0.5819919 0.8129405
f 2713/2713/2713 2714/2714/2714 2715/2715/2715
v 0.233251 1.405609 0.332897
vt 0.5312500 0.9687500
vn 0.0334403 0.5887542 0.8076200
v 0.141709 1.349976 0.376123
vt 0.5312500 0.9687500
vn 0.0203127 0.5819790 0.8129500
v 0.155500 1.349555 0.376064
vt 0.5312500 0.9687500
vn 0.0222915 0.5819181 0.8129418
f 2716/2716/2716 2717/2717/2717 2718/2718/2718
v 0.212564 1.406364 0.333164
vt 0.5312500 0.9687500
vn 0.0304476 0.5888451 0.8076723
v 0.155656 1.408262 0.333639
vt 0.5312500 0.9687500
vn 0.0223094 0.5891134 0.8077424
v 0.103771 1.351057 0.376171
vt 0.5312500 0.9687500
vn 0.0148672 0.5821366 0.8129551
f 2719/2719/2719 2720/2720/2720 2721/2721/2721
v 0.212564 1.406364 0.333164
vt 0.5312500 0.9687500
vn 0.0304456 0.5888636 0.8076589
v 0.103771 1.351057 0.376171
vt 0.5312500 0.9687500
vn 0.0148773 0.5821351 0.8129560
v 0.141709 1.349976 0.376123
vt 0.5312500 0.9687500
vn 0.0203165 0.5819812 0.8129485
f 2722/2722/2722 2723/2723/2723 2724/2724/2724
v 0.155656 1.408262 0.333639
vt 0.5312500 0.9687500
vn 0.0223092 0.5891203 0.8077372
v 0.129814 1.409037 0.333728
vt 0.5312500 0.9687500
vn 0.0186020 0.5892316 0.8077500
v 0.086543 1.351509 0.376136
vt 0.5312500 0.9687500
vn 0.0123776 0.5821902 0.8129584
f 2725/2725/2725 2726/2726/2726 2727/2727/2727
v 0.155656 1.408262 0.333639
vt 0.5312500 0.9687500
vn 0.0223055 0.5891164 0.8077403
v 0.086543 1.351509 0.376136
vt 0.5312500 0.9687500
vn 0.0124083 0.5821999 0.8129511
v 0.103771 1.351057 0.376171
vt 0.5312500 0.9687500
vn 0.0148770 0.5821349 0.8129562
f 2728/2728/2728 2729/2729/2729 2730/2730/2730
v 0.129814 1.409037 0.333728
vt 0.5312500 0.9687500
vn 0.0185899 0.5891995 0.8077737
v 0.077907 1.410429 0.333669
vt 0.5312500 0.9687500
vn 0.0111715 0.5893942 0.8077683
v 0.051938 1.352344 0.375961
vt 0.5312500 0.9687500
vn 0.0074218 0.5822944 0.8129441
f 2731/2731/2731 2732/2732/2732 2733/2733/2733
v 0.129814 1.409037 0.333728
vt 0.5312500 0.9687500
vn 0.0186093 0.5892195 0.8077586
v 0.051938 1.352344 0.375961
vt 0.5312500 0.9687500
vn 0.0074451 0.5822989 0.8129407
v 0.086543 1.351509 0.376136
vt 0.5312500 0.9687500
vn 0.0124129 0.5821799 0.8129652
f 2734/2734/2734 2735/2735/2735 2736/2736/2736
v 0.077907 1.410429 0.333669
vt 0.5312500 0.9687500
vn 0.0111763 0.5894170 0.8077516
v 0.046830 1.411159 0.333481
vt 0.5312500 0.9687500
vn 0.0067180 0.5894837 0.8077523
v 0.031220 1.352797 0.375788
vt 0.5312500 0.9687500
vn 0.0044852 0.5823647 0.8129153
f 2737/2737/2737 2738/2738/2738 2739/2739/2739
v 0.077907 1.410429 0.333669
vt 0.5312500 0.9687500
vn 0.0111857 0.5894105 0.8077562
v 0.031220 1.352797 0.375788
vt 0.5312500 0.9687500
vn 0.0044704 0.5823418 0.8129317
v 0.051938 1.352344 0.375961
vt 0.5312500 0.9687500
vn 0.0074427 0.5823143 0.8129298
f 2740/2740/2740 2741/2741/2741 2742/2742/2742
v 0.046830 1.411159 0.333481
vt 0.5312500 0.9687500
vn 0.0067118 0.5894940 0.8077448
v -0.000000 1.412109 0.332982
vt 0.5312500 0.9687500
vn -0.0000106 0.5896247 0.8076774
v -0.000000 1.353415 0.375432
vt 0.5312500 0.9687500
vn -0.0000078 0.5824265 0.8128834
f 2743/2743/2743 2744/2744/2744 2745/2745/2745
v 0.046830 1.411159 0.333481
vt 0.5312500 0.9687500
vn 0.0066979 0.5894848 0.8077517
v -0.000000 1.353415 0.375432
vt 0.5312500 0.9687500
vn -0.0000076 0.5824220 0.8128867
v 0.031220 1.352797 0.375788
vt 0.5312500 0.9687500
vn 0.0044703 0.5823704 0.8129112
f 2746/2746/2746 2747/2747/2747 2748/2748/2748
v -0.000000 1.412109 0.332982
vt 0.5312500 0.9687500
vn -0.0000002 0.5895988 0.8076963
v -0.000000 1.412109 0.332982
vt 0.5312500 0.9687500
vn 0.0000002 0.5895988 0.8076963
v -0.000000 1.353415 0.375432
vt 0.5312500 0.9687500
vn 0.0000004 0.5824515 0.8128654
f 2749/2749/2749 2750/2750/2750 2751/2751/2751
v -0.000000 1.412109 0.332982
vt 0.5312500 0.9687500
vn -0.0000004 0.5896345 0.8076702
v -0.000000 1.353415 0.375432
vt 0.5312500 0.9687500
vn 0.0000002 0.5824096 0.8128955
v -0.000000 1.353415 0.375432
vt 0.5312500 0.9687500
vn -0.0000002 0.5824096 0.8128955
f 2752/2752/2752 2753/2753/2753 2754/2754/2754
v -0.000000 1.412109 0.332982
vt 0.5312500 0.9687500
vn 0.0000212 0.5896345 0.8076701
v -0.046798 1.411159 0.333481
vt 0.5312500 0.9687500
vn -0.0067206 0.5895056 0.8077363
v -0.031199 1.352798 0.375788
vt 0.5312500 0.9687500
vn -0.0044789 0.5823383 0.8129341
f 2755/2755/2755 2756/2756/2756 2757/2757/2757
v -0.000000 1.412109 0.332982
vt 0.5312500 0.9687500
vn 0.0000118 0.5896316 0.8076721
v -0.031199 1.352798 0.375788
vt 0.5312500 0.9687500
vn -0.0044886 0.5823309 0.8129393
v -0.000000 1.353415 0.375432
vt 0.5312500 0.9687500
vn 0.0000111 0.5824170 0.8128901
f 2758/2758/2758 2759/2759/2759 2760/2760/2760
v -0.046798 1.411159 0.333481
vt 0.5312500 0.9687500
vn -0.0066947 0.5895167 0.8077284
v -0.077876 1.410430 0.333669
vt 0.5312500 0.9687500
vn -0.0111725 0.5894154 0.8077527
v -0.051917 1.352344 0.375961
vt 0.5312500 0.9687500
vn -0.0074367 0.5822825 0.8129525
f 2761/2761/2761 2762/2762/2762 2763/2763/2763
v -0.046798 1.411159 0.333481
vt 0.5312500 0.9687500
vn -0.0067085 0.5894951 0.8077441
v -0.051917 1.352344 0.375961
vt 0.5312500 0.9687500
vn -0.0074353 0.5823225 0.8129240
v -0.031199 1.352798 0.375788
vt 0.5312500 0.9687500
vn -0.0044690 0.5823495 0.8129263
f 2764/2764/2764 2765/2765/2765 2766/2766/2766
v -0.077876 1.410430 0.333669
vt 0.5312500 0.9687500
vn -0.0111601 0.5894040 0.8077614
v -0.129744 1.409039 0.333729
vt 0.5312500 0.9687500
vn -0.0185868 0.5892125 0.8077644
v -0.086496 1.351510 0.376136
vt 0.5312500 0.9687500
vn -0.0123974 0.5821884 0.8129594
f 2767/2767/2767 2768/2768/2768 2769/2769/2769
v -0.077876 1.410430 0.333669
vt 0.5312500 0.9687500
vn -0.0111641 0.5894059 0.8077600
v -0.086496 1.351510 0.376136
vt 0.5312500 0.9687500
vn -0.0123924 0.5822068 0.8129462
v -0.051917 1.352344 0.375961
vt 0.5312500 0.9687500
vn -0.0074347 0.5822889 0.8129479
f 2770/2770/2770 2771/2771/2771 2772/2772/2772
v -0.129744 1.409039 0.333729
vt 0.5312500 0.9687500
vn -0.0185964 0.5892172 0.8077607
v -0.155588 1.408264 0.333640
vt 0.5312500 0.9687500
vn -0.0222939 0.5891076 0.8077471
v -0.103725 1.351058 0.376171
vt 0.5312500 0.9687500
vn -0.0148611 0.5821310 0.8129593
f 2773/2773/2773 2774/2774/2774 2775/2775/2775
v -0.129744 1.409039 0.333729
vt 0.5312500 0.9687500
vn -0.0185821 0.5892124 0.8077645
v -0.103725 1.351058 0.376171
vt 0.5312500 0.9687500
vn -0.0148759 0.5821142 0.8129710
v -0.086496 1.351510 0.376136
vt 0.5312500 0.9687500
vn -0.0123963 0.5821791 0.8129660
f 2776/2776/2776 2777/2777/2777 2778/2778/2778
v -0.155588 1.408264 0.333640
vt 0.5312500 0.9687500
vn -0.0223015 0.5891126 0.8077432
v -0.212449 1.406368 0.333166
vt 0.5312500 0.9687500
vn -0.0304271 0.5888492 0.8076701
v -0.141632 1.349979 0.376124
vt 0.5312500 0.9687500
vn -0.0203240 0.5820039 0.8129321
f 2779/2779/2779 2780/2780/2780 2781/2781/2781
v -0.155588 1.408264 0.333640
vt 0.5312500 0.9687500
vn -0.0222869 0.5891100 0.8077453
v -0.141632 1.349979 0.376124
vt 0.5312500 0.9687500
vn -0.0203117 0.5819797 0.8129495
v -0.103725 1.351058 0.376171
vt 0.5312500 0.9687500
vn -0.0148678 0.5821311 0.8129589
f 2782/2782/2782 2783/2783/2783 2784/2784/2784
v -0.212449 1.406368 0.333166
vt 0.5312500 0.9687500
vn -0.0304439 0.5888429 0.8076739
v -0.233139 1.405613 0.332898
vt 0.5312500 0.9687500
vn -0.0334045 0.5887724 0.8076082
v -0.155426 1.349557 0.376064
vt 0.5312500 0.9687500
vn -0.0222877 0.5819389 0.8129270
f 2785/2785/2785 2786/2786/2786 2787/2787/2787
v -0.212449 1.406368 0.333166
vt 0.5312500 0.9687500
vn -0.0304229 0.5888613 0.8076612
v -0.155426 1.349557 0.376064
vt 0.5312500 0.9687500
vn -0.0222771 0.5819587 0.8129131
v -0.141632 1.349979 0.376124
vt 0.5312500 0.9687500
vn -0.0203073 0.5820181 0.8129222
f 2788/2788/2788 2789/2789/2789 2790/2790/2790
v -0.233139 1.405613 0.332898
vt 0.5312500 0.9687500
vn -0.0334040 0.5887462 0.8076275
v -0.255467 1.404759 0.332553
vt 0.5312500 0.9687500
vn -0.0366018 0.5886632 0.8075494
v -0.170311 1.349085 0.375975
vt 0.5312500 0.9687500
vn -0.0244322 0.5818738 0.8129120
f 2791/2791/2791 2792/2792/2792 2793/2793/2793
v -0.233139 1.405613 0.332898
vt 0.5312500 0.9687500
vn -0.0334091 0.5887595 0.8076174
v -0.170311 1.349085 0.375975
vt 0.5312500 0.9687500
vn -0.0244144 0.5818551 0.8129259
v -0.155426 1.349557 0.376064
vt 0.5312500 0.9687500
vn -0.0222771 0.5819227 0.8129389
f 2794/2794/2794 2795/2795/2795 2796/2796/2796
v -0.255467 1.404759 0.332553
vt 0.5312500 0.9687500
vn -0.0366021 0.5886261 0.8075764
v -0.298313 1.401442 0.332866
vt 0.5312500 0.9687500
vn -0.0427155 0.5881944 0.8075907
v -0.198876 1.347078 0.376482
vt 0.5312500 0.9687500
vn -0.0285174 0.5816185 0.8129616
f 2797/2797/2797 2798/2798/2798 2799/2799/2799
v -0.255467 1.404759 0.332553
vt 0.5312500 0.9687500
vn -0.0366215 0.5886440 0.8075624
v -0.198876 1.347078 0.376482
vt 0.5312500 0.9687500
vn -0.0285043 0.5816126 0.8129663
v -0.170311 1.349085 0.375975
vt 0.5312500 0.9687500
vn -0.0244066 0.5818616 0.8129215
f 2800/2800/2800 2801/2801/2801 2802/2802/2802
v -0.298313 1.401442 0.332866
vt 0.5312500 0.9687500
vn -0.0427256 0.5881996 0.8075864
v -0.310179 1.400497 0.332914
vt 0.5312500 0.9687500
vn -0.0444240 0.5881031 0.8075650
v -0.206786 1.346510 0.376605
vt 0.5312500 0.9687500
vn -0.0296442 0.5815457 0.8129735
f 2803/2803/2803 2804/2804/2804 2805/2805/2805
v -0.298313 1.401442 0.332866
vt 0.5312500 0.9687500
vn -0.0427313 0.5882112 0.8075777
v -0.206786 1.346510 0.376605
vt 0.5312500 0.9687500
vn -0.0296362 0.5815549 0.8129672
v -0.198876 1.347078 0.376482
vt 0.5312500 0.9687500
vn -0.0285047 0.5816355 0.8129500
f 2806/2806/2806 2807/2807/2807 2808/2808/2808
v -0.310179 1.400497 0.332914
vt 0.5312500 0.9687500
vn -0.0444200 0.5880932 0.8075723
v -0.379545 1.394741 0.332861
vt 0.5312500 0.9687500
vn -0.0543407 0.5873533 0.8075042
v -0.253030 1.343090 0.377176
vt 0.5312500 0.9687500
vn -0.0362508 0.5811074 0.8130191
f 2809/2809/2809 2810/2810/2810 2811/2811/2811
v -0.310179 1.400497 0.332914
vt 0.5312500 0.9687500
vn -0.0444243 0.5880897 0.8075747
v -0.253030 1.343090 0.377176
vt 0.5312500 0.9687500
vn -0.0362568 0.5811064 0.8130195
v -0.206786 1.346510 0.376605
vt 0.5312500 0.9687500
vn -0.0296401 0.5815534 0.8129681
f 2812/2812/2812 2813/2813/2813 2814/2814/2814
v -0.379545 1.394741 0.332861
vt 0.5312500 0.9687500
vn -0.0543298 0.5873353 0.8075181
v -0.386533 1.394140 0.332824
vt 0.5312500 0.9687500
vn -0.0553250 0.5872492 0.8075133
v -0.257689 1.342736 0.377220
vt 0.5312500 0.9687500
vn -0.0369322 0.5810561 0.8130252
f 2815/2815/2815 2816/2816/2816 2817/2817/2817
v -0.379545 1.394741 0.332861
vt 0.5312500 0.9687500
vn -0.0543396 0.5873306 0.8075209
v -0.257689 1.342736 0.377220
vt 0.5312500 0.9687500
vn -0.0369230 0.5810513 0.8130289
v -0.253030 1.343090 0.377176
vt 0.5312500 0.9687500
vn -0.0362567 0.5811021 0.8130226
f 2818/2818/2818 2819/2819/2819 2820/2820/2820
v -0.386533 1.394140 0.332824
vt 0.5312500 0.9687500
vn -0.0553271 0.5872418 0.8075184
v -0.394342 1.393463 0.332776
vt 0.5312500 0.9687500
vn -0.0564388 0.5871460 0.8075111
v -0.262895 1.342338 0.377265
vt 0.5312500 0.9687500
vn -0.0376558 0.5810168 0.8130201
f 2821/2821/2821 2822/2822/2822 2823/2823/2823
v -0.386533 1.394140 0.332824
vt 0.5312500 0.9687500
vn -0.0553375 0.5872516 0.8075106
v -0.262895 1.342338 0.377265
vt 0.5312500 0.9687500
vn -0.0376670 0.5810047 0.8130282
v -0.257689 1.342736 0.377220
vt 0.5312500 0.9687500
vn -0.0369239 0.5810617 0.8130215
f 2824/2824/2824 2825/2825/2825 2826/2826/2826
v -0.394342 1.393463 0.332776
vt 0.5312500 0.9687500
vn -0.0564444 0.5871573 0.8075024
v -0.461991 1.387391 0.332056
vt 0.5312500 0.9687500
vn -0.0660879 0.5863717 0.8073417
v -0.307994 1.338798 0.377525
vt 0.5312500 0.9687500
vn -0.0441027 0.5805572 0.8130242
f 2827/2827/2827 2828/2828/2828 2829/2829/2829
v -0.394342 1.393463 0.332776
vt 0.5312500 0.9687500
vn -0.0564602 0.5871598 0.8074995
v -0.307994 1.338798 0.377525
vt 0.5312500 0.9687500
vn -0.0441181 0.5805525 0.8130267
v -0.262895 1.342338 0.377265
vt 0.5312500 0.9687500
vn -0.0376694 0.5810180 0.8130184
f 2830/2830/2830 2831/2831/2831 2832/2832/2832
v -0.461991 1.387391 0.332056
vt 0.5312500 0.9687500
vn -0.0660842 0.5863696 0.8073434
v -0.515153 1.382357 0.331109
vt 0.5312500 0.9687500
vn -0.0736504 0.5856934 0.8071795
v -0.343435 1.335900 0.377560
vt 0.5312500 0.9687500
vn -0.0492010 0.5801651 0.8130114
f 2833/2833/2833 2834/2834/2834 2835/2835/2835
v -0.461991 1.387391 0.332056
vt 0.5312500 0.9687500
vn -0.0660856 0.5863653 0.8073465
v -0.343435 1.335900 0.377560
vt 0.5312500 0.9687500
vn -0.0491827 0.5801783 0.8130032
v -0.307994 1.338798 0.377525
vt 0.5312500 0.9687500
vn -0.0441191 0.5805530 0.8130262
f 2836/2836/2836 2837/2837/2837 2838/2838/2838
v -0.515153 1.382357 0.331109
vt 0.5312500 0.9687500
vn -0.0736503 0.5856825 0.8071874
v -0.527020 1.381202 0.330852
vt 0.5312500 0.9687500
vn -0.0753388 0.5855570 0.8071226
v -0.351346 1.335240 0.377548
vt 0.5312500 0.9687500
vn -0.0503012 0.5800976 0.8129923
f 2839/2839/2839 2840/2840/2840 2841/2841/2841
v -0.515153 1.382357 0.331109
vt 0.5312500 0.9687500
vn -0.0736410 0.5857095 0.8071688
v -0.351346 1.335240 0.377548
vt 0.5312500 0.9687500
vn -0.0503121 0.5800748 0.8130079
v -0.343435 1.335900 0.377560
vt 0.5312500 0.9687500
vn -0.0491846 0.5801690 0.8130097
f 2842/2842/2842 2843/2843/2843 2844/2844/2844
v -0.527020 1.381202 0.330852
vt 0.5312500 0.9687500
vn -0.0753371 0.5855403 0.8071350
v -0.536912 1.379706 0.331005
vt 0.5312500 0.9687500
vn -0.0767470 0.5853665 0.8071283
v -0.357941 1.334333 0.377783
vt 0.5312500 0.9687500
vn -0.0512489 0.5799761 0.8130199
f 2845/2845/2845 2846/2846/2846 2847/2847/2847
v -0.527020 1.381202 0.330852
vt 0.5312500 0.9687500
vn -0.0753421 0.5855386 0.8071358
v -0.357941 1.334333 0.377783
vt 0.5312500 0.9687500
vn -0.0512546 0.5799545 0.8130349
v -0.351346 1.335240 0.377548
vt 0.5312500 0.9687500
vn -0.0503140 0.5800838 0.8130013
f 2848/2848/2848 2849/2849/2849 2850/2850/2850
v -0.536912 1.379706 0.331005
vt 0.5312500 0.9687500
vn -0.0767459 0.5853646 0.8071299
v -0.545136 1.378456 0.331124
vt 0.5312500 0.9687500
vn -0.0779130 0.5851871 0.8071467
v -0.363424 1.333577 0.377974
vt 0.5312500 0.9687500
vn -0.0520296 0.5798875 0.8130336
f 2851/2851/2851 2852/2852/2852 2853/2853/2853
v -0.536912 1.379706 0.331005
vt 0.5312500 0.9687500
vn -0.0767405 0.5853539 0.8071380
v -0.363424 1.333577 0.377974
vt 0.5312500 0.9687500
vn -0.0520371 0.5798637 0.8130500
v -0.357941 1.334333 0.377783
vt 0.5312500 0.9687500
vn -0.0512557 0.5799714 0.8130229
f 2854/2854/2854 2855/2855/2855 2856/2856/2856
v -0.545136 1.378456 0.331124
vt 0.5312500 0.9687500
vn -0.0779133 0.5851695 0.8071594
v -0.609462 1.368484 0.331772
vt 0.5312500 0.9687500
vn -0.0870498 0.5839117 0.8071366
v -0.406308 1.327574 0.379346
vt 0.5312500 0.9687500
vn -0.0581621 0.5791075 0.8131739
f 2857/2857/2857 2858/2858/2858 2859/2859/2859
v -0.545136 1.378456 0.331124
vt 0.5312500 0.9687500
vn -0.0779199 0.5851828 0.8071491
v -0.406308 1.327574 0.379346
vt 0.5312500 0.9687500
vn -0.0581615 0.5791110 0.8131714
v -0.363424 1.333577 0.377974
vt 0.5312500 0.9687500
vn -0.0520407 0.5798882 0.8130323
f 2860/2860/2860 2861/2861/2861 2862/2862/2862
v -0.609462 1.368484 0.331772
vt 0.5312500 0.9687500
vn -0.0870465 0.5839117 0.8071369
v -0.623440 1.366272 0.331847
vt 0.5312500 0.9687500
vn -0.0890254 0.5835983 0.8071477
v -0.415627 1.326250 0.379614
vt 0.5312500 0.9687500
vn -0.0594760 0.5789564 0.8131863
f 2863/2863/2863 2864/2864/2864 2865/2865/2865
v -0.609462 1.368484 0.331772
vt 0.5312500 0.9687500
vn -0.0870580 0.5838872 0.8071535
v -0.415627 1.326250 0.379614
vt 0.5312500 0.9687500
vn -0.0594928 0.5789574 0.8131844
v -0.406308 1.327574 0.379346
vt 0.5312500 0.9687500
vn -0.0581616 0.5791073 0.8131740
f 2866/2866/2866 2867/2867/2867 2868/2868/2868
v -0.623440 1.366272 0.331847
vt 0.5312500 0.9687500
vn -0.0890185 0.5836039 0.8071445
v -0.643551 1.349183 0.341920
vt 0.5312500 0.9687500
vn -0.0918760 0.5815032 0.8083396
v -0.429034 1.315035 0.386589
vt 0.5312500 0.9687500
vn -0.0614063 0.5775606 0.8140351
f 2869/2869/2869 2870/2870/2870 2871/2871/2871
v -0.623440 1.366272 0.331847
vt 0.5312500 0.9687500
vn -0.0890047 0.5836170 0.8071364
v -0.429034 1.315035 0.386589
vt 0.5312500 0.9687500
vn -0.0613901 0.5775496 0.8140440
v -0.415627 1.326250 0.379614
vt 0.5312500 0.9687500
vn -0.0594753 0.5789323 0.8132035
f 2872/2872/2872 2873/2873/2873 2874/2874/2874
v -0.643551 1.349183 0.341920
vt 0.5312500 0.9687500
vn -0.0918850 0.5815093 0.8083341
v -0.654351 1.339981 0.347294
vt 0.5312500 0.9687500
vn -0.0934130 0.5803711 0.8089768
v -0.436234 1.309002 0.390318
vt 0.5312500 0.9687500
vn -0.0624079 0.5768245 0.8144806
f 2875/2875/2875 2876/2876/2876 2877/2877/2877
v -0.643551 1.349183 0.341920
vt 0.5312500 0.9687500
vn -0.0918677 0.5815086 0.8083366
v -0.436234 1.309002 0.390318
vt 0.5312500 0.9687500
vn -0.0624308 0.5768189 0.8144828
v -0.429034 1.315035 0.386589
vt 0.5312500 0.9687500
vn -0.0614092 0.5775658 0.8140311
f 2878/2878/2878 2879/2879/2879 2880/2880/2880
v -0.654351 1.339981 0.347294
vt 0.5312500 0.9687500
vn -0.0933896 0.5803661 0.8089829
v -0.657166 1.331789 0.352838
vt 0.5312500 0.9687500
vn -0.0938303 0.5793710 0.8096449
v -0.438111 1.303552 0.394031
vt 0.5312500 0.9687500
vn -0.0627129 0.5761522 0.8149329
f 2881/2881/2881 2882/2882/2882 2883/2883/2883
v -0.654351 1.339981 0.347294
vt 0.5312500 0.9687500
vn -0.0934134 0.5803692 0.8089781
v -0.438111 1.303552 0.394031
vt 0.5312500 0.9687500
vn -0.0627001 0.5761509 0.8149350
v -0.436234 1.309002 0.390318
vt 0.5312500 0.9687500
vn -0.0624205 0.5768162 0.8144857
f 2884/2884/2884 2885/2885/2885 2886/2886/2886
v -0.657166 1.331789 0.352838
vt 0.5312500 0.9687500
vn -0.0937932 0.5793648 0.8096538
v -0.658683 1.327372 0.355820
vt 0.5312500 0.9687500
vn -0.0940254 0.5788277 0.8100109
v -0.439122 1.300614 0.396029
vt 0.5312500 0.9687500
vn -0.0628261 0.5757911 0.8151794
f 2887/2887/2887 2888/2888/2888 2889/2889/2889
v -0.657166 1.331789 0.352838
vt 0.5312500 0.9687500
vn -0.0938315 0.5793694 0.8096460
v -0.439122 1.300614 0.396029
vt 0.5312500 0.9687500
vn -0.0628404 0.5757918 0.8151777
v -0.438111 1.303552 0.394031
vt 0.5312500 0.9687500
vn -0.0626707 0.5761455 0.8149408
f 2890/2890/2890 2891/2891/2891 2892/2892/2892
v -0.658683 1.327372 0.355820
vt 0.5312500 0.9687500
vn -0.0940405 0.5788324 0.8100058
v -0.665564 1.307315 0.369306
vt 0.5312500 0.9687500
vn -0.0949816 0.5763749 0.8116466
v -0.443709 1.287279 0.405073
vt 0.5312500 0.9687500
vn -0.0634972 0.5741580 0.8162786
f 2893/2893/2893 2894/2894/2894 2895/2895/2895
v -0.658683 1.327372 0.355820
vt 0.5312500 0.9687500
vn -0.0940067 0.5788283 0.8100127
v -0.443709 1.287279 0.405073
vt 0.5312500 0.9687500
vn -0.0634824 0.5741551 0.8162818
v -0.439122 1.300614 0.396029
vt 0.5312500 0.9687500
vn -0.0628682 0.5757959 0.8151728
f 2896/2896/2896 2897/2897/2897 2898/2898/2898
v -0.665564 1.307315 0.369306
vt 0.5312500 0.9687500
vn -0.0950159 0.5763778 0.8116407
v -0.665621 1.307149 0.369417
vt 0.5312500 0.9687500
vn -0.0950138 0.5763569 0.8116558
v -0.443747 1.287169 0.405147
vt 0.5312500 0.9687500
vn -0.0635033 0.5741450 0.8162873
f 2899/2899/2899 2900/2900/2900 2901/2901/2901
v -0.665564 1.307315 0.369306
vt 0.5312500 0.9687500
vn -0.0950229 0.5763760 0.8116412
v -0.443747 1.287169 0.405147
vt 0.5312500 0.9687500
vn -0.0635234 0.5741483 0.8162833
v -0.443709 1.287279 0.405073
vt 0.5312500 0.9687500
vn -0.0635221 0.5741640 0.8162725
f 2902/2902/2902 2903/2903/2903 2904/2904/2904
v -0.443747 1.287169 0.405147
vt 0.5312500 0.9687500
vn -0.0634895 0.5741465 0.8162872
v -0.437117 1.258945 0.425420
vt 0.5312500 0.9687500
vn -0.0625796 0.5706983 0.8187717
v -0.218559 1.248893 0.444924
vt 0.5312500 0.9687500
vn -0.0313202 0.5695973 0.8213269
f 2905/2905/2905 2906/2906/2906 2907/2907/2907
v -0.443747 1.287169 0.405147
vt 0.5312500 0.9687500
vn -0.0635048 0.5741456 0.8162867
v -0.218559 1.248893 0.444924
vt 0.5312500 0.9687500
vn -0.0313223 0.5696027 0.8213232
v -0.221874 1.263098 0.434923
vt 0.5312500 0.9687500
vn -0.0317784 0.5713431 0.8200960
f 2908/2908/2908 2909/2909/2909 2910/2910/2910
v -0.437117 1.258945 0.425420
vt 0.5312500 0.9687500
vn -0.0625568 0.5707043 0.8187694
v -0.436957 1.258262 0.425909
vt 0.5312500 0.9687500
vn -0.0625368 0.5706195 0.8188301
v -0.218479 1.248549 0.445166
vt 0.5312500 0.9687500
vn -0.0313234 0.5695608 0.8213522
f 2911/2911/2911 2912/2912/2912 2913/2913/2913
v -0.437117 1.258945 0.425420
vt 0.5312500 0.9687500
vn -0.0625553 0.5707011 0.8187718
v -0.218479 1.248549 0.445166
vt 0.5312500 0.9687500
vn -0.0313332 0.5695549 0.8213559
v -0.218559 1.248893 0.444924
vt 0.5312500 0.9687500
vn -0.0313452 0.5695981 0.8213255
f 2914/2914/2914 2915/2915/2915 2916/2916/2916
v -0.436957 1.258262 0.425909
vt 0.5312500 0.9687500
vn -0.0625506 0.5706187 0.8188295
v -0.435672 1.252779 0.429824
vt 0.5312500 0.9687500
vn -0.0623452 0.5699537 0.8193082
v -0.217836 1.245793 0.447101
vt 0.5312500 0.9687500
vn -0.0312181 0.5692216 0.8215913
f 2917/2917/2917 2918/2918/2918 2919/2919/2919
v -0.436957 1.258262 0.425909
vt 0.5312500 0.9687500
vn -0.0625224 0.5706150 0.8188342
v -0.217836 1.245793 0.447101
vt 0.5312500 0.9687500
vn -0.0312415 0.5692182 0.8215927
v -0.218479 1.248549 0.445166
vt 0.5312500 0.9687500
vn -0.0313204 0.5695584 0.8213540
f 2920/2920/2920 2921/2921/2921 2922/2922/2922
v -0.435672 1.252779 0.429824
vt 0.5312500 0.9687500
vn -0.0623713 0.5699506 0.8193083
v -0.426285 1.219110 0.453826
vt 0.5312500 0.9687500
vn -0.0610259 0.5658413 0.8222528
v -0.213142 1.228868 0.458971
vt 0.5312500 0.9687500
vn -0.0305512 0.5671540 0.8230449
f 2923/2923/2923 2924/2924/2924 2925/2925/2925
v -0.435672 1.252779 0.429824
vt 0.5312500 0.9687500
vn -0.0623555 0.5699505 0.8193096
v -0.213142 1.228868 0.458971
vt 0.5312500 0.9687500
vn -0.0305476 0.5671533 0.8230456
v -0.217836 1.245793 0.447101
vt 0.5312500 0.9687500
vn -0.0312205 0.5692239 0.8215896
f 2926/2926/2926 2927/2927/2927 2928/2928/2928
v -0.426285 1.219110 0.453826
vt 0.5312500 0.9687500
vn -0.0610075 0.5658458 0.8222509
v -0.426080 1.218374 0.454347
vt 0.5312500 0.9687500
vn -0.0609828 0.5657552 0.8223150
v -0.213040 1.228499 0.459229
vt 0.5312500 0.9687500
vn -0.0305389 0.5671092 0.8230763
f 2929/2929/2929 2930/2930/2930 2931/2931/2931
v -0.426285 1.219110 0.453826
vt 0.5312500 0.9687500
vn -0.0610251 0.5658452 0.8222499
v -0.213040 1.228499 0.459229
vt 0.5312500 0.9687500
vn -0.0305094 0.5671136 0.8230742
v -0.213142 1.228868 0.458971
vt 0.5312500 0.9687500
vn -0.0305672 0.5671507 0.8230465
f 2932/2932/2932 2933/2933/2933 2934/2934/2934
v -0.426080 1.218374 0.454347
vt 0.5312500 0.9687500
vn -0.0609994 0.5657541 0.8223147
v -0.415240 1.179334 0.481831
vt 0.5312500 0.9687500
vn -0.0594276 0.5609968 0.8256821
v -0.207620 1.208915 0.472879
vt 0.5312500 0.9687500
vn -0.0297820 0.5647159 0.8247479
f 2935/2935/2935 2936/2936/2936 2937/2937/2937
v -0.426080 1.218374 0.454347
vt 0.5312500 0.9687500
vn -0.0610089 0.5657587 0.8223107
v -0.207620 1.208915 0.472879
vt 0.5312500 0.9687500
vn -0.0297434 0.5647160 0.8247491
v -0.213040 1.228499 0.459229
vt 0.5312500 0.9687500
vn -0.0305516 0.5671034 0.8230797
f 2938/2938/2938 2939/2939/2939 2940/2940/2940
v -0.415240 1.179334 0.481831
vt 0.5312500 0.9687500
vn -0.0594489 0.5609900 0.8256853
v -0.415112 1.178872 0.482154
vt 0.5312500 0.9687500
vn -0.0594364 0.5609339 0.8257243
v -0.207556 1.208684 0.473040
vt 0.5312500 0.9687500
vn -0.0297525 0.5646861 0.8247694
f 2941/2941/2941 2942/2942/2942 2943/2943/2943
v -0.415240 1.179334 0.481831
vt 0.5312500 0.9687500
vn -0.0594398 0.5609931 0.8256838
v -0.207556 1.208684 0.473040
vt 0.5312500 0.9687500
vn -0.0297708 0.5646818 0.8247717
v -0.207620 1.208915 0.472879
vt 0.5312500 0.9687500
vn -0.0297815 0.5647085 0.8247530
f 2944/2944/2944 2945/2945/2945 2946/2946/2946
v -0.415112 1.178872 0.482154
vt 0.5312500 0.9687500
vn -0.0594373 0.5609331 0.8257247
v -0.412085 1.167937 0.489786
vt 0.5312500 0.9687500
vn -0.0589714 0.5596076 0.8266569
v -0.206042 1.203206 0.476841
vt 0.5312500 0.9687500
vn -0.0295287 0.5640165 0.8252354
f 2947/2947/2947 2948/2948/2948 2949/2949/2949
v -0.415112 1.178872 0.482154
vt 0.5312500 0.9687500
vn -0.0594072 0.5609357 0.8257250
v -0.206042 1.203206 0.476841
vt 0.5312500 0.9687500
vn -0.0295222 0.5640187 0.8252340
v -0.207556 1.208684 0.473040
vt 0.5312500 0.9687500
vn -0.0297550 0.5646855 0.8247695
f 2950/2950/2950 2951/2951/2951 2952/2952/2952
v -0.412085 1.167937 0.489786
vt 0.5312500 0.9687500
vn -0.0589964 0.5596017 0.8266591
v -0.404696 1.141195 0.508333
vt 0.5312500 0.9687500
vn -0.0579438 0.5563347 0.8289355
v -0.202348 1.189824 0.486098
vt 0.5312500 0.9687500
vn -0.0290222 0.5623774 0.8263711
f 2953/2953/2953 2954/2954/2954 2955/2955/2955
v -0.412085 1.167937 0.489786
vt 0.5312500 0.9687500
vn -0.0589880 0.5596018 0.8266596
v -0.202348 1.189824 0.486098
vt 0.5312500 0.9687500
vn -0.0289989 0.5623813 0.8263692
v -0.206042 1.203206 0.476841
vt 0.5312500 0.9687500
vn -0.0295479 0.5640125 0.8252373
f 2956/2956/2956 2957/2957/2957 2958/2958/2958
v -0.404696 1.141195 0.508333
vt 0.5312500 0.9687500
vn -0.0579194 0.5563416 0.8289327
v -0.404317 1.139823 0.509281
vt 0.5312500 0.9687500
vn -0.0578725 0.5561731 0.8290490
v -0.202158 1.189138 0.486572
vt 0.5312500 0.9687500
vn -0.0289592 0.5622990 0.8264268
f 2959/2959/2959 2960/2960/2960 2961/2961/2961
v -0.404696 1.141195 0.508333
vt 0.5312500 0.9687500
vn -0.0579154 0.5563431 0.8289318
v -0.202158 1.189138 0.486572
vt 0.5312500 0.9687500
vn -0.0289560 0.5623007 0.8264256
v -0.202348 1.189824 0.486098
vt 0.5312500 0.9687500
vn -0.0289791 0.5623851 0.8263674
f 2962/2962/2962 2963/2963/2963 2964/2964/2964
v -0.404317 1.139823 0.509281
vt 0.5312500 0.9687500
vn -0.0578684 0.5561727 0.8290496
v -0.394784 1.105203 0.533033
vt 0.5312500 0.9687500
vn -0.0565050 0.5519521 0.8319592
v -0.197392 1.171844 0.498471
vt 0.5312500 0.9687500
vn -0.0283160 0.5601778 0.8278883
f 2965/2965/2965 2966/2966/2966 2967/2967/2967
v -0.404317 1.139823 0.509281
vt 0.5312500 0.9687500
vn -0.0578596 0.5561746 0.8290489
v -0.197392 1.171844 0.498471
vt 0.5312500 0.9687500
vn -0.0282881 0.5601823 0.8278862
v -0.202158 1.189138 0.486572
vt 0.5312500 0.9687500
vn -0.0289704 0.5622981 0.8264270
f 2968/2968/2968 2969/2969/2969 2970/2970/2970
v -0.394784 1.105203 0.533033
vt 0.5312500 0.9687500
vn -0.0565102 0.5519488 0.8319609
v -0.393707 1.101282 0.535706
vt 0.5312500 0.9687500
vn -0.0563778 0.5514656 0.8322903
v -0.196853 1.169887 0.499813
vt 0.5312500 0.9687500
vn -0.0282082 0.5599462 0.8280486
f 2971/2971/2971 2972/2972/2972 2973/2973/2973
v -0.394784 1.105203 0.533033
vt 0.5312500 0.9687500
vn -0.0565172 0.5519473 0.8319615
v -0.196853 1.169887 0.499813
vt 0.5312500 0.9687500
vn -0.0282303 0.5599399 0.8280520
v -0.197392 1.171844 0.498471
vt 0.5312500 0.9687500
vn -0.0282968 0.5601805 0.8278871
f 2974/2974/2974 2975/2975/2975 2976/2976/2976
v -0.393707 1.101282 0.535706
vt 0.5312500 0.9687500
vn -0.0563583 0.5514695 0.8322891
v -0.385125 1.069991 0.556910
vt 0.5312500 0.9687500
vn -0.0551119 0.5476587 0.8348848
v -0.192562 1.154287 0.510481
vt 0.5312500 0.9687500
vn -0.0276104 0.5580319 0.8293601
f 2977/2977/2977 2978/2978/2978 2979/2979/2979
v -0.393707 1.101282 0.535706
vt 0.5312500 0.9687500
vn -0.0563498 0.5514731 0.8322873
v -0.192562 1.154287 0.510481
vt 0.5312500 0.9687500
vn -0.0276083 0.5580345 0.8293582
v -0.196853 1.169887 0.499813
vt 0.5312500 0.9687500
vn -0.0282323 0.5599390 0.8280528
f 2980/2980/2980 2981/2981/2981 2982/2982/2982
v -0.385125 1.069991 0.556910
vt 0.5312500 0.9687500
vn -0.0551315 0.5476506 0.8348888
v -0.383137 1.062729 0.561798
vt 0.5312500 0.9687500
vn -0.0548396 0.5467679 0.8354864
v -0.191569 1.150670 0.512946
vt 0.5312500 0.9687500
vn -0.0274752 0.5575851 0.8296648
f 2983/2983/2983 2984/2984/2984 2985/2985/2985
v -0.385125 1.069991 0.556910
vt 0.5312500 0.9687500
vn -0.0551269 0.5476547 0.8348864
v -0.191569 1.150670 0.512946
vt 0.5312500 0.9687500
vn -0.0274653 0.5575908 0.8296615
v -0.192562 1.154287 0.510481
vt 0.5312500 0.9687500
vn -0.0275879 0.5580376 0.8293570
f 2986/2986/2986 2987/2987/2987 2988/2988/2988
v -0.383137 1.062729 0.561798
vt 0.5312500 0.9687500
vn -0.0548318 0.5467690 0.8354862
v -0.381494 1.056720 0.565834
vt 0.5312500 0.9687500
vn -0.0546299 0.5460275 0.8359842
v -0.190747 1.147678 0.514983
vt 0.5312500 0.9687500
vn -0.0273478 0.5572245 0.8299114
f 2989/2989/2989 2990/2990/2990 2991/2991/2991
v -0.383137 1.062729 0.561798
vt 0.5312500 0.9687500
vn -0.0548513 0.5467624 0.8354890
v -0.190747 1.147678 0.514983
vt 0.5312500 0.9687500
vn -0.0273112 0.5572331 0.8299067
v -0.191569 1.150670 0.512946
vt 0.5312500 0.9687500
vn -0.0274597 0.5575926 0.8296603
f 2992/2992/2992 2993/2993/2993 2994/2994/2994
v -0.381494 1.056720 0.565834
vt 0.5312500 0.9687500
vn -0.0546160 0.5460296 0.8359836
v -0.366631 1.044312 0.574874
vt 0.5312500 0.9687500
vn -0.0524781 0.5445343 0.8370953
v -0.183316 1.141419 0.519421
vt 0.5312500 0.9687500
vn -0.0262728 0.5564643 0.8304561
f 2995/2995/2995 2996/2996/2996 2997/2997/2997
v -0.381494 1.056720 0.565834
vt 0.5312500 0.9687500
vn -0.0546132 0.5460311 0.8359829
v -0.183316 1.141419 0.519421
vt 0.5312500 0.9687500
vn -0.0262802 0.5564598 0.8304589
v -0.190747 1.147678 0.514983
vt 0.5312500 0.9687500
vn -0.0273347 0.5572336 0.8299058
f 2998/2998/2998 2999/2999/2999 3000/3000/3000
v -0.366631 1.044312 0.574874
vt 0.5312500 0.9687500
vn -0.0524972 0.5445148 0.8371067
v -0.366109 1.043876 0.575190
vt 0.5312500 0.9687500
vn -0.0524278 0.5444582 0.8371480
v -0.183055 1.141199 0.519577
vt 0.5312500 0.9687500
vn -0.0262302 0.5564383 0.8304749
f 3001/3001/3001 3002/3002/3002 3003/3003/3003
v -0.366631 1.044312 0.574874
vt 0.5312500 0.9687500
vn -0.0525051 0.5445211 0.8371022
v -0.183055 1.141199 0.519577
vt 0.5312500 0.9687500
vn -0.0262326 0.5564433 0.8304715
v -0.183316 1.141419 0.519421
vt 0.5312500 0.9687500
vn -0.0262674 0.5564727 0.8304507
f 3004/3004/3004 3005/3005/3005 3006/3006/3006
v -0.366109 1.043876 0.575190
vt 0.5312500 0.9687500
vn -0.0524250 0.5444527 0.8371516
v -0.346953 1.036733 0.580998
vt 0.5312500 0.9687500
vn -0.0496769 0.5436057 0.8378693
v -0.173477 1.137525 0.522332
vt 0.5312500 0.9687500
vn -0.0248879 0.5559919 0.8308150
f 3007/3007/3007 3008/3008/3008 3009/3009/3009
v -0.366109 1.043876 0.575190
vt 0.5312500 0.9687500
vn -0.0524311 0.5444739 0.8371375
v -0.173477 1.137525 0.522332
vt 0.5312500 0.9687500
vn -0.0248683 0.5559899 0.8308170
v -0.183055 1.141199 0.519577
vt 0.5312500 0.9687500
vn -0.0262436 0.5564284 0.8304811
f 3010/3010/3010 3011/3011/3011 3012/3012/3012
v -0.346953 1.036733 0.580998
vt 0.5312500 0.9687500
vn -0.0496714 0.5436177 0.8378618
v -0.341050 1.034524 0.582777
vt 0.5312500 0.9687500
vn -0.0488297 0.5433471 0.8380869
v -0.170525 1.136391 0.523178
vt 0.5312500 0.9687500
vn -0.0244506 0.5558506 0.8309224
f 3013/3013/3013 3014/3014/3014 3015/3015/3015
v -0.346953 1.036733 0.580998
vt 0.5312500 0.9687500
vn -0.0497035 0.5436057 0.8378677
v -0.170525 1.136391 0.523178
vt 0.5312500 0.9687500
vn -0.0244351 0.5558686 0.8309109
v -0.173477 1.137525 0.522332
vt 0.5312500 0.9687500
vn -0.0248665 0.5559905 0.8308166
f 3016/3016/3016 3017/3017/3017 3018/3018/3018
v -0.341050 1.034524 0.582777
vt 0.5312500 0.9687500
vn -0.0488333 0.5433285 0.8380987
v -0.331839 1.034776 0.583143
vt 0.5312500 0.9687500
vn -0.0475161 0.5433652 0.8381506
v -0.165920 1.136454 0.523270
vt 0.5312500 0.9687500
vn -0.0237702 0.5558538 0.8309401
f 3019/3019/3019 3020/3020/3020 3021/3021/3021
v -0.341050 1.034524 0.582777
vt 0.5312500 0.9687500
vn -0.0488522 0.5433484 0.8380847
v -0.165920 1.136454 0.523270
vt 0.5312500 0.9687500
vn -0.0237839 0.5558544 0.8309394
v -0.170525 1.136391 0.523178
vt 0.5312500 0.9687500
vn -0.0244450 0.5558456 0.8309261
f 3022/3022/3022 3023/3023/3023 3024/3024/3024
v -0.331839 1.034776 0.583143
vt 0.5312500 0.9687500
vn -0.0475173 0.5433666 0.8381496
v -0.303779 1.035500 0.584198
vt 0.5312500 0.9687500
vn -0.0435063 0.5434704 0.8383000
v -0.151890 1.136635 0.523533
vt 0.5312500 0.9687500
vn -0.0217555 0.5558782 0.8309790
f 3025/3025/3025 3026/3026/3026 3027/3027/3027
v -0.331839 1.034776 0.583143
vt 0.5312500 0.9687500
vn -0.0475171 0.5433729 0.8381456
v -0.151890 1.136635 0.523533
vt 0.5312500 0.9687500
vn -0.0217743 0.5558674 0.8309858
v -0.165920 1.136454 0.523270
vt 0.5312500 0.9687500
vn -0.0237857 0.5558412 0.8309482
f 3028/3028/3028 3029/3029/3029 3030/3030/3030
v -0.303779 1.035500 0.584198
vt 0.5312500 0.9687500
vn -0.0435072 0.5434550 0.8383101
v -0.286179 1.035921 0.584811
vt 0.5312500 0.9687500
vn -0.0409909 0.5435154 0.8383977
v -0.143090 1.136740 0.523687
vt 0.5312500 0.9687500
vn -0.0204939 0.5558950 0.8309999
f 3031/3031/3031 3032/3032/3032 3033/3033/3033
v -0.303779 1.035500 0.584198
vt 0.5312500 0.9687500
vn -0.0435265 0.5434797 0.8382931
v -0.143090 1.136740 0.523687
vt 0.5312500 0.9687500
vn -0.0205149 0.5558895 0.8310030
v -0.151890 1.136635 0.523533
vt 0.5312500 0.9687500
vn -0.0217757 0.5558743 0.8309811
f 3034/3034/3034 3035/3035/3035 3036/3036/3036
v -0.286179 1.035921 0.584811
vt 0.5312500 0.9687500
vn -0.0409909 0.5435199 0.8383948
v -0.260624 1.036489 0.585637
vt 0.5312500 0.9687500
vn -0.0373343 0.5436006 0.8385133
v -0.130312 1.136882 0.523893
vt 0.5312500 0.9687500
vn -0.0186817 0.5559201 0.8310257
f 3037/3037/3037 3038/3038/3038 3039/3039/3039
v -0.286179 1.035921 0.584811
vt 0.5312500 0.9687500
vn -0.0409914 0.5435307 0.8383878
v -0.130312 1.136882 0.523893
vt 0.5312500 0.9687500
vn -0.0186814 0.5559229 0.8310238
v -0.143090 1.136740 0.523687
vt 0.5312500 0.9687500
vn -0.0205152 0.5559028 0.8309941
f 3040/3040/3040 3041/3041/3041 3042/3042/3042
v -0.260624 1.036489 0.585637
vt 0.5312500 0.9687500
vn -0.0373359 0.5435939 0.8385175
v -0.240975 1.036889 0.586220
vt 0.5312500 0.9687500
vn -0.0345240 0.5436511 0.8386010
v -0.120487 1.136982 0.524039
vt 0.5312500 0.9687500
vn -0.0172640 0.5559340 0.8310471
f 3043/3043/3043 3044/3044/3044 3045/3045/3045
v -0.260624 1.036489 0.585637
vt 0.5312500 0.9687500
vn -0.0373237 0.5436083 0.8385088
v -0.120487 1.136982 0.524039
vt 0.5312500 0.9687500
vn -0.0172767 0.5559156 0.8310592
v -0.130312 1.136882 0.523893
vt 0.5312500 0.9687500
vn -0.0186843 0.5559412 0.8310116
f 3046/3046/3046 3047/3047/3047 3048/3048/3048
v -0.240975 1.036889 0.586220
vt 0.5312500 0.9687500
vn -0.0345257 0.5436467 0.8386039
v -0.217336 1.037329 0.586860
vt 0.5312500 0.9687500
vn -0.0311395 0.5437088 0.8386961
v -0.108668 1.137092 0.524199
vt 0.5312500 0.9687500
vn -0.0155593 0.5559493 0.8310706
f 3049/3049/3049 3050/3050/3050 3051/3051/3051
v -0.240975 1.036889 0.586220
vt 0.5312500 0.9687500
vn -0.0345195 0.5436646 0.8385924
v -0.108668 1.137092 0.524199
vt 0.5312500 0.9687500
vn -0.0155808 0.5559450 0.8310730
v -0.120487 1.136982 0.524039
vt 0.5312500 0.9687500
vn -0.0172736 0.5559304 0.8310494
f 3052/3052/3052 3053/3053/3053 3054/3054/3054
v -0.217336 1.037329 0.586860
vt 0.5312500 0.9687500
vn -0.0311394 0.5437388 0.8386766
v -0.195861 1.037689 0.587384
vt 0.5312500 0.9687500
vn -0.0280687 0.5437908 0.8387512
v -0.097931 1.137182 0.524330
vt 0.5312500 0.9687500
vn -0.0140393 0.5559625 0.8310888
f 3055/3055/3055 3056/3056/3056 3057/3057/3057
v -0.217336 1.037329 0.586860
vt 0.5312500 0.9687500
vn -0.0311399 0.5437253 0.8386853
v -0.097931 1.137182 0.524330
vt 0.5312500 0.9687500
vn -0.0140428 0.5559461 0.8310997
v -0.108668 1.137092 0.524199
vt 0.5312500 0.9687500
vn -0.0155802 0.5559337 0.8310806
f 3058/3058/3058 3059/3059/3059 3060/3060/3060
v -0.195861 1.037689 0.587384
vt 0.5312500 0.9687500
vn -0.0280637 0.5437917 0.8387509
v -0.174008 1.038017 0.587862
vt 0.5312500 0.9687500
vn -0.0249395 0.5438378 0.8388197
v -0.087004 1.137264 0.524449
vt 0.5312500 0.9687500
vn -0.0124871 0.5559738 0.8311061
f 3061/3061/3061 3062/3062/3062 3063/3063/3063
v -0.195861 1.037689 0.587384
vt 0.5312500 0.9687500
vn -0.0280417 0.5437756 0.8387620
v -0.087004 1.137264 0.524449
vt 0.5312500 0.9687500
vn -0.0124758 0.5559660 0.8311113
v -0.097931 1.137182 0.524330
vt 0.5312500 0.9687500
vn -0.0140407 0.5559537 0.8310946
f 3064/3064/3064 3065/3065/3065 3066/3066/3066
v -0.174008 1.038017 0.587862
vt 0.5312500 0.9687500
vn -0.0249363 0.5438216 0.8388304
v -0.150846 1.038323 0.588307
vt 0.5312500 0.9687500
vn -0.0216195 0.5438651 0.8388942
v -0.075423 1.137341 0.524560
vt 0.5312500 0.9687500
vn -0.0108160 0.5559846 0.8311223
f 3067/3067/3067 3068/3068/3068 3069/3069/3069
v -0.174008 1.038017 0.587862
vt 0.5312500 0.9687500
vn -0.0249252 0.5438219 0.8388305
v -0.075423 1.137341 0.524560
vt 0.5312500 0.9687500
vn -0.0108151 0.5559906 0.8311182
v -0.087004 1.137264 0.524449
vt 0.5312500 0.9687500
vn -0.0124750 0.5559805 0.8311017
f 3070/3070/3070 3071/3071/3071 3072/3072/3072
v -0.150846 1.038323 0.588307
vt 0.5312500 0.9687500
vn -0.0216176 0.5438700 0.8388909
v -0.130609 1.038554 0.588643
vt 0.5312500 0.9687500
vn -0.0187218 0.5439037 0.8389387
v -0.065305 1.137398 0.524645
vt 0.5312500 0.9687500
vn -0.0093675 0.5559909 0.8311355
f 3073/3073/3073 3074/3074/3074 3075/3075/3075
v -0.150846 1.038323 0.588307
vt 0.5312500 0.9687500
vn -0.0216176 0.5438612 0.8388966
v -0.065305 1.137398 0.524645
vt 0.5312500 0.9687500
vn -0.0093640 0.5560001 0.8311294
v -0.075423 1.137341 0.524560
vt 0.5312500 0.9687500
vn -0.0108150 0.5559918 0.8311173
f 3076/3076/3076 3077/3077/3077 3078/3078/3078
v -0.130609 1.038554 0.588643
vt 0.5312500 0.9687500
vn -0.0187228 0.5438839 0.8389515
v -0.106304 1.038788 0.588984
vt 0.5312500 0.9687500
vn -0.0152353 0.5439174 0.8390004
v -0.053152 1.137457 0.524730
vt 0.5312500 0.9687500
vn -0.0076407 0.5559936 0.8311514
f 3079/3079/3079 3080/3080/3080 3081/3081/3081
v -0.130609 1.038554 0.588643
vt 0.5312500 0.9687500
vn -0.0187194 0.5438941 0.8389450
v -0.053152 1.137457 0.524730
vt 0.5312500 0.9687500
vn -0.0076230 0.5559892 0.8311545
v -0.065305 1.137398 0.524645
vt 0.5312500 0.9687500
vn -0.0093631 0.5559809 0.8311422
f 3082/3082/3082 3083/3083/3083 3084/3084/3084
v -0.106304 1.038788 0.588984
vt 0.5312500 0.9687500
vn -0.0152362 0.5439293 0.8389927
v -0.087113 1.038939 0.589203
vt 0.5312500 0.9687500
vn -0.0124886 0.5439509 0.8390241
v -0.043557 1.137494 0.524785
vt 0.5312500 0.9687500
vn -0.0062266 0.5560187 0.8311465
f 3085/3085/3085 3086/3086/3086 3087/3087/3087
v -0.106304 1.038788 0.588984
vt 0.5312500 0.9687500
vn -0.0152380 0.5439245 0.8389959
v -0.043557 1.137494 0.524785
vt 0.5312500 0.9687500
vn -0.0062466 0.5559973 0.8311607
v -0.053152 1.137457 0.524730
vt 0.5312500 0.9687500
vn -0.0076212 0.5559922 0.8311526
f 3088/3088/3088 3089/3089/3089 3090/3090/3090
v -0.087113 1.038939 0.589203
vt 0.5312500 0.9687500
vn -0.0124839 0.5439574 0.8390200
v -0.062044 1.039090 0.589424
vt 0.5312500 0.9687500
vn -0.0088967 0.5439793 0.8390514
v -0.031022 1.137532 0.524840
vt 0.5312500 0.9687500
vn -0.0044399 0.5560190 0.8311577
f 3091/3091/3091 3092/3092/3092 3093/3093/3093
v -0.087113 1.038939 0.589203
vt 0.5312500 0.9687500
vn -0.0124951 0.5439398 0.8390312
v -0.031022 1.137532 0.524840
vt 0.5312500 0.9687500
vn -0.0044497 0.5560062 0.8311662
v -0.043557 1.137494 0.524785
vt 0.5312500 0.9687500
vn -0.0062455 0.5560013 0.8311579
f 3094/3094/3094 3095/3095/3095 3096/3096/3096
v -0.062044 1.039090 0.589424
vt 0.5312500 0.9687500
vn -0.0088967 0.5439560 0.8390666
v -0.043570 1.039170 0.589539
vt 0.5312500 0.9687500
vn -0.0062443 0.5439670 0.8390834
v -0.021785 1.137552 0.524869
vt 0.5312500 0.9687500
vn -0.0031285 0.5560092 0.8311701
f 3097/3097/3097 3098/3098/3098 3099/3099/3099
v -0.062044 1.039090 0.589424
vt 0.5312500 0.9687500
vn -0.0088780 0.5439849 0.8390480
v -0.021785 1.137552 0.524869
vt 0.5312500 0.9687500
vn -0.0031224 0.5560250 0.8311596
v -0.031022 1.137532 0.524840
vt 0.5312500 0.9687500
vn -0.0044490 0.5560207 0.8311565
f 3100/3100/3100 3101/3101/3101 3102/3102/3102
v -0.043570 1.039170 0.589539
vt 0.5312500 0.9687500
vn -0.0062475 0.5439734 0.8390792
v -0.017833 1.039234 0.589633
vt 0.5312500 0.9687500
vn -0.0025549 0.5439824 0.8390927
v -0.008917 1.137568 0.524892
vt 0.5312500 0.9687500
vn -0.0012809 0.5560114 0.8311735
f 3103/3103/3103 3104/3104/3104 3105/3105/3105
v -0.043570 1.039170 0.589539
vt 0.5312500 0.9687500
vn -0.0062471 0.5439758 0.8390776
v -0.008917 1.137568 0.524892
vt 0.5312500 0.9687500
vn -0.0012788 0.5560147 0.8311714
v -0.021785 1.137552 0.524869
vt 0.5312500 0.9687500
vn -0.0031231 0.5560122 0.8311682
f 3106/3106/3106 3107/3107/3107 3108/3108/3108
v -0.017833 1.039234 0.589633
vt 0.5312500 0.9687500
vn -0.0025606 0.5439696 0.8391009
v -0.000000 1.039247 0.589651
vt 0.5312500 0.9687500
vn -0.0000043 0.5440098 0.8390788
v -0.000000 1.137571 0.524897
vt 0.5312500 0.9687500
vn 0.0000032 0.5560338 0.8311596
f 3109/3109/3109 3110/3110/3110 3111/3111/3111
v -0.017833 1.039234 0.589633
vt 0.5312500 0.9687500
vn -0.0025508 0.5440061 0.8390774
v -0.000000 1.137571 0.524897
vt 0.5312500 0.9687500
vn 0.0000000 0.5560230 0.8311669
v -0.008917 1.137568 0.524892
vt 0.5312500 0.9687500
vn -0.0012795 0.5560219 0.8311667
f 3112/3112/3112 3113/3113/3113 3114/3114/3114
v -0.000000 1.039247 0.589651
vt 0.5312500 0.9687500
vn -0.0000037 0.5439705 0.8391043
v 0.017833 1.039234 0.589633
vt 0.5312500 0.9687500
vn 0.0025598 0.5439700 0.8391008
v 0.008916 1.137568 0.524892
vt 0.5312500 0.9687500
vn 0.0012787 0.5560067 0.8311768
f 3115/3115/3115 3116/3116/3116 3117/3117/3117
v -0.000000 1.039247 0.589651
vt 0.5312500 0.9687500
vn -0.0000004 0.5439796 0.8390984
v 0.008916 1.137568 0.524892
vt 0.5312500 0.9687500
vn 0.0012797 0.5560226 0.8311661
v -0.000000 1.137571 0.524897
vt 0.5312500 0.9687500
vn -0.0000008 0.5560237 0.8311664
f 3118/3118/3118 3119/3119/3119 3120/3120/3120
v 0.017833 1.039234 0.589633
vt 0.5312500 0.9687500
vn 0.0025559 0.5439864 0.8390901
v 0.043570 1.039170 0.589539
vt 0.5312500 0.9687500
vn 0.0062459 0.5439773 0.8390766
v 0.021785 1.137552 0.524869
vt 0.5312500 0.9687500
vn 0.0031215 0.5560274 0.8311581
f 3121/3121/3121 3122/3122/3122 3123/3123/3123
v 0.017833 1.039234 0.589633
vt 0.5312500 0.9687500
vn 0.0025569 0.5439798 0.8390945
v 0.021785 1.137552 0.524869
vt 0.5312500 0.9687500
vn 0.0031240 0.5560129 0.8311679
v 0.008916 1.137568 0.524892
vt 0.5312500 0.9687500
vn 0.0012789 0.5560155 0.8311710
f 3124/3124/3124 3125/3125/3125 3126/3126/3126
v 0.043570 1.039170 0.589539
vt 0.5312500 0.9687500
vn 0.0062509 0.5440015 0.8390610
v 0.062044 1.039090 0.589424
vt 0.5312500 0.9687500
vn 0.0088890 0.5439904 0.8390443
v 0.031022 1.137532 0.524840
vt 0.5312500 0.9687500
vn 0.0044530 0.5560039 0.8311678
f 3127/3127/3127 3128/3128/3128 3129/3129/3129
v 0.043570 1.039170 0.589539
vt 0.5312500 0.9687500
vn 0.0062381 0.5439951 0.8390653
v 0.031022 1.137532 0.524840
vt 0.5312500 0.9687500
vn 0.0044468 0.5559998 0.8311706
v 0.021785 1.137552 0.524869
vt 0.5312500 0.9687500
vn 0.0031248 0.5560021 0.8311751
f 3130/3130/3130 3131/3131/3131 3132/3132/3132
v 0.062044 1.039090 0.589424
vt 0.5312500 0.9687500
vn 0.0088909 0.5439572 0.8390658
v 0.087113 1.038939 0.589203
vt 0.5312500 0.9687500
vn 0.0124898 0.5439362 0.8390335
v 0.043556 1.137494 0.524785
vt 0.5312500 0.9687500
vn 0.0062435 0.5560088 0.8311530
f 3133/3133/3133 3134/3134/3134 3135/3135/3135
v 0.062044 1.039090 0.589424
vt 0.5312500 0.9687500
vn 0.0088944 0.5439661 0.8390599
v 0.043556 1.137494 0.524785
vt 0.5312500 0.9687500
vn 0.0062478 0.5560215 0.8311443
v 0.031022 1.137532 0.524840
vt 0.5312500 0.9687500
vn 0.0044461 0.5560272 0.8311521
f 3136/3136/3136 3137/3137/3137 3138/3138/3138
v 0.087113 1.038939 0.589203
vt 0.5312500 0.9687500
vn 0.0124825 0.5439241 0.8390416
v 0.106304 1.038788 0.588984
vt 0.5312500 0.9687500
vn 0.0152419 0.5439024 0.8390101
v 0.053152 1.137457 0.524730
vt 0.5312500 0.9687500
vn 0.0076267 0.5559962 0.8311498
f 3139/3139/3139 3140/3140/3140 3141/3141/3141
v 0.087113 1.038939 0.589203
vt 0.5312500 0.9687500
vn 0.0124822 0.5439517 0.8390236
v 0.053152 1.137457 0.524730
vt 0.5312500 0.9687500
vn 0.0076234 0.5560161 0.8311365
v 0.043556 1.137494 0.524785
vt 0.5312500 0.9687500
vn 0.0062443 0.5560212 0.8311447
f 3142/3142/3142 3143/3143/3143 3144/3144/3144
v 0.106304 1.038788 0.588984
vt 0.5312500 0.9687500
vn 0.0152355 0.5439146 0.8390022
v 0.130609 1.038554 0.588643
vt 0.5312500 0.9687500
vn 0.0187234 0.5438813 0.8389532
v 0.065305 1.137398 0.524645
vt 0.5312500 0.9687500
vn 0.0093606 0.5559950 0.8311328
f 3145/3145/3145 3146/3146/3146 3147/3147/3147
v 0.106304 1.038788 0.588984
vt 0.5312500 0.9687500
vn 0.0152500 0.5439155 0.8390015
v 0.065305 1.137398 0.524645
vt 0.5312500 0.9687500
vn 0.0093656 0.5560030 0.8311275
v 0.053152 1.137457 0.524730
vt 0.5312500 0.9687500
vn 0.0076199 0.5560113 0.8311398
f 3148/3148/3148 3149/3149/3149 3150/3150/3150
v 0.130609 1.038554 0.588643
vt 0.5312500 0.9687500
vn 0.0187223 0.5439059 0.8389375
v 0.150846 1.038323 0.588307
vt 0.5312500 0.9687500
vn 0.0216184 0.5438724 0.8388895
v 0.075423 1.137341 0.524560
vt 0.5312500 0.9687500
vn 0.0108246 0.5559812 0.8311244
f 3151/3151/3151 3152/3152/3152 3153/3153/3153
v 0.130609 1.038554 0.588643
vt 0.5312500 0.9687500
vn 0.0187137 0.5438970 0.8389435
v 0.075423 1.137341 0.524560
vt 0.5312500 0.9687500
vn 0.0108122 0.5559609 0.8311382
v 0.065305 1.137398 0.524645
vt 0.5312500 0.9687500
vn 0.0093665 0.5559691 0.8311503
f 3154/3154/3154 3155/3155/3155 3156/3156/3156
v 0.150846 1.038323 0.588307
vt 0.5312500 0.9687500
vn 0.0216154 0.5438377 0.8389120
v 0.174008 1.038017 0.587862
vt 0.5312500 0.9687500
vn 0.0249410 0.5437949 0.8388474
v 0.087004 1.137264 0.524449
vt 0.5312500 0.9687500
vn 0.0124786 0.5559719 0.8311074
f 3157/3157/3157 3158/3158/3158 3159/3159/3159
v 0.150846 1.038323 0.588307
vt 0.5312500 0.9687500
vn 0.0216048 0.5438670 0.8388933
v 0.087004 1.137264 0.524449
vt 0.5312500 0.9687500
vn 0.0124749 0.5559699 0.8311088
v 0.075423 1.137341 0.524560
vt 0.5312500 0.9687500
vn 0.0108159 0.5559806 0.8311250
f 3160/3160/3160 3161/3161/3161 3162/3162/3162
v 0.174008 1.038017 0.587862
vt 0.5312500 0.9687500
vn 0.0249372 0.5438169 0.8388333
v 0.195861 1.037689 0.587384
vt 0.5312500 0.9687500
vn 0.0280671 0.5437701 0.8387647
v 0.097930 1.137182 0.524330
vt 0.5312500 0.9687500
vn 0.0140404 0.5559630 0.8310884
f 3163/3163/3163 3164/3164/3164 3165/3165/3165
v 0.174008 1.038017 0.587862
vt 0.5312500 0.9687500
vn 0.0249539 0.5438150 0.8388340
v 0.097930 1.137182 0.524330
vt 0.5312500 0.9687500
vn 0.0140411 0.5559641 0.8310876
v 0.087004 1.137264 0.524449
vt 0.5312500 0.9687500
vn 0.0124739 0.5559765 0.8311043
f 3166/3166/3166 3167/3167/3167 3168/3168/3168
v 0.195861 1.037689 0.587384
vt 0.5312500 0.9687500
vn 0.0280700 0.5437922 0.8387503
v 0.217336 1.037329 0.586860
vt 0.5312500 0.9687500
vn 0.0311395 0.5437397 0.8386760
v 0.108668 1.137092 0.524199
vt 0.5312500 0.9687500
vn 0.0155999 0.5559477 0.8310710
f 3169/3169/3169 3170/3170/3170 3171/3171/3171
v 0.195861 1.037689 0.587384
vt 0.5312500 0.9687500
vn 0.0280820 0.5437713 0.8387635
v 0.108668 1.137092 0.524199
vt 0.5312500 0.9687500
vn 0.0155811 0.5559468 0.8310719
v 0.097930 1.137182 0.524330
vt 0.5312500 0.9687500
vn 0.0140415 0.5559592 0.8310910
f 3172/3172/3172 3173/3173/3173 3174/3174/3174
v 0.217336 1.037329 0.586860
vt 0.5312500 0.9687500
vn 0.0311422 0.5437376 0.8386773
v 0.240975 1.036889 0.586220
vt 0.5312500 0.9687500
vn 0.0345225 0.5436745 0.8385859
v 0.120487 1.136982 0.524039
vt 0.5312500 0.9687500
vn 0.0172679 0.5559353 0.8310462
f 3175/3175/3175 3176/3176/3176 3177/3177/3177
v 0.217336 1.037329 0.586860
vt 0.5312500 0.9687500
vn 0.0311532 0.5437240 0.8386856
v 0.120487 1.136982 0.524039
vt 0.5312500 0.9687500
vn 0.0172768 0.5559533 0.8310339
v 0.108668 1.137092 0.524199
vt 0.5312500 0.9687500
vn 0.0155793 0.5559702 0.8310561
f 3178/3178/3178 3179/3179/3179 3180/3180/3180
v 0.240975 1.036889 0.586220
vt 0.5312500 0.9687500
vn 0.0345236 0.5436505 0.8386014
v 0.260624 1.036489 0.585637
vt 0.5312500 0.9687500
vn 0.0373379 0.5435923 0.8385185
v 0.130312 1.136882 0.523893
vt 0.5312500 0.9687500
vn 0.0186726 0.5559196 0.8310263
f 3181/3181/3181 3182/3182/3182 3183/3183/3183
v 0.240975 1.036889 0.586220
vt 0.5312500 0.9687500
vn 0.0345237 0.5436648 0.8385922
v 0.130312 1.136882 0.523893
vt 0.5312500 0.9687500
vn 0.0186830 0.5559226 0.8310242
v 0.120487 1.136982 0.524039
vt 0.5312500 0.9687500
vn 0.0172753 0.5559373 0.8310447
f 3184/3184/3184 3185/3185/3185 3186/3186/3186
v 0.260624 1.036489 0.585637
vt 0.5312500 0.9687500
vn 0.0373341 0.5435992 0.8385143
v 0.286179 1.035921 0.584811
vt 0.5312500 0.9687500
vn 0.0409931 0.5435174 0.8383964
v 0.143089 1.136740 0.523687
vt 0.5312500 0.9687500
vn 0.0204992 0.5558972 0.8309982
f 3187/3187/3187 3188/3188/3188 3189/3189/3189
v 0.260624 1.036489 0.585637
vt 0.5312500 0.9687500
vn 0.0373361 0.5436083 0.8385082
v 0.143089 1.136740 0.523687
vt 0.5312500 0.9687500
vn 0.0205120 0.5558834 0.8310072
v 0.130312 1.136882 0.523893
vt 0.5312500 0.9687500
vn 0.0186846 0.5559039 0.8310366
f 3190/3190/3190 3191/3191/3191 3192/3192/3192
v 0.286179 1.035921 0.584811
vt 0.5312500 0.9687500
vn 0.0409890 0.5435188 0.8383957
v 0.303779 1.035500 0.584198
vt 0.5312500 0.9687500
vn 0.0435097 0.5434586 0.8383077
v 0.151889 1.136635 0.523533
vt 0.5312500 0.9687500
vn 0.0217830 0.5558865 0.8309727
f 3193/3193/3193 3194/3194/3194 3195/3195/3195
v 0.286179 1.035921 0.584811
vt 0.5312500 0.9687500
vn 0.0409862 0.5435292 0.8383890
v 0.151889 1.136635 0.523533
vt 0.5312500 0.9687500
vn 0.0217757 0.5559031 0.8309618
v 0.143089 1.136740 0.523687
vt 0.5312500 0.9687500
vn 0.0205134 0.5558790 0.8310101
f 3196/3196/3196 3197/3197/3197 3198/3198/3198
v 0.303779 1.035500 0.584198
vt 0.5312500 0.9687500
vn 0.0435059 0.5434564 0.8383091
v 0.331839 1.034776 0.583143
vt 0.5312500 0.9687500
vn 0.0475187 0.5433518 0.8381590
v 0.165920 1.136454 0.523270
vt 0.5312500 0.9687500
vn 0.0237935 0.5558636 0.8309329
f 3199/3199/3199 3200/3200/3200 3201/3201/3201
v 0.303779 1.035500 0.584198
vt 0.5312500 0.9687500
vn 0.0435063 0.5434741 0.8382977
v 0.165920 1.136454 0.523270
vt 0.5312500 0.9687500
vn 0.0237854 0.5558435 0.8309465
v 0.151889 1.136635 0.523533
vt 0.5312500 0.9687500
vn 0.0217749 0.5558698 0.8309841
f 3202/3202/3202 3203/3203/3203 3204/3204/3204
v 0.331839 1.034776 0.583143
vt 0.5312500 0.9687500
vn 0.0475160 0.5433773 0.8381428
v 0.341050 1.034524 0.582777
vt 0.5312500 0.9687500
vn 0.0488312 0.5433409 0.8380908
v 0.170525 1.136391 0.523178
vt 0.5312500 0.9687500
vn 0.0244562 0.5558550 0.8309194
f 3205/3205/3205 3206/3206/3206 3207/3207/3207
v 0.331839 1.034776 0.583143
vt 0.5312500 0.9687500
vn 0.0474989 0.5433697 0.8381487
v 0.170525 1.136391 0.523178
vt 0.5312500 0.9687500
vn 0.0244455 0.5558495 0.8309234
v 0.165920 1.136454 0.523270
vt 0.5312500 0.9687500
vn 0.0237852 0.5558588 0.8309364
f 3208/3208/3208 3209/3209/3209 3210/3210/3210
v 0.341050 1.034524 0.582777
vt 0.5312500 0.9687500
vn 0.0488293 0.5433444 0.8380886
v 0.346953 1.036733 0.580998
vt 0.5312500 0.9687500
vn 0.0496724 0.5436154 0.8378633
v 0.173476 1.137525 0.522332
vt 0.5312500 0.9687500
vn 0.0248515 0.5559891 0.8308179
f 3211/3211/3211 3212/3212/3212 3213/3213/3213
v 0.341050 1.034524 0.582777
vt 0.5312500 0.9687500
vn 0.0488496 0.5433393 0.8380908
v 0.173476 1.137525 0.522332
vt 0.5312500 0.9687500
vn 0.0248662 0.5559927 0.8308151
v 0.170525 1.136391 0.523178
vt 0.5312500 0.9687500
vn 0.0244321 0.5558710 0.8309095
f 3214/3214/3214 3215/3215/3215 3216/3216/3216
v 0.346953 1.036733 0.580998
vt 0.5312500 0.9687500
vn 0.0496714 0.5436178 0.8378618
v 0.366109 1.043876 0.575190
vt 0.5312500 0.9687500
vn 0.0524182 0.5444634 0.8371450
v 0.183055 1.141199 0.519577
vt 0.5312500 0.9687500
vn 0.0262184 0.5564354 0.8304771
f 3217/3217/3217 3218/3218/3218 3219/3219/3219
v 0.346953 1.036733 0.580998
vt 0.5312500 0.9687500
vn 0.0496946 0.5436075 0.8378671
v 0.183055 1.141199 0.519577
vt 0.5312500 0.9687500
vn 0.0262280 0.5564597 0.8304604
v 0.173476 1.137525 0.522332
vt 0.5312500 0.9687500
vn 0.0248718 0.5559838 0.8308209
f 3220/3220/3220 3221/3221/3221 3222/3222/3222
v 0.366109 1.043876 0.575190
vt 0.5312500 0.9687500
vn 0.0524160 0.5444697 0.8371412
v 0.366631 1.044312 0.574874
vt 0.5312500 0.9687500
vn 0.0524845 0.5445267 0.8370999
v 0.183315 1.141419 0.519421
vt 0.5312500 0.9687500
vn 0.0262589 0.5564660 0.8304554
f 3223/3223/3223 3224/3224/3224 3225/3225/3225
v 0.366109 1.043876 0.575190
vt 0.5312500 0.9687500
vn 0.0524235 0.5444688 0.8371413
v 0.183315 1.141419 0.519421
vt 0.5312500 0.9687500
vn 0.0262901 0.5564520 0.8304637
v 0.183055 1.141199 0.519577
vt 0.5312500 0.9687500
vn 0.0262570 0.5564231 0.8304841
f 3226/3226/3226 3227/3227/3227 3228/3228/3228
v 0.366631 1.044312 0.574874
vt 0.5312500 0.9687500
vn 0.0524981 0.5445142 0.8371071
v 0.381494 1.056720 0.565834
vt 0.5312500 0.9687500
vn 0.0546020 0.5460380 0.8359792
v 0.190747 1.147678 0.514983
vt 0.5312500 0.9687500
vn 0.0273397 0.5572267 0.8299102
f 3229/3229/3229 3230/3230/3230 3231/3231/3231
v 0.366631 1.044312 0.574874
vt 0.5312500 0.9687500
vn 0.0524863 0.5445242 0.8371013
v 0.190747 1.147678 0.514983
vt 0.5312500 0.9687500
vn 0.0273565 0.5572143 0.8299180
v 0.183315 1.141419 0.519421
vt 0.5312500 0.9687500
vn 0.0262689 0.5564697 0.8304524
f 3232/3232/3232 3233/3233/3233 3234/3234/3234
v 0.381494 1.056720 0.565834
vt 0.5312500 0.9687500
vn 0.0546151 0.5460314 0.8359827
v 0.383137 1.062729 0.561798
vt 0.5312500 0.9687500
vn 0.0548631 0.5467615 0.8354891
v 0.191568 1.150670 0.512946
vt 0.5312500 0.9687500
vn 0.0274810 0.5575783 0.8296695
f 3235/3235/3235 3236/3236/3236 3237/3237/3237
v 0.381494 1.056720 0.565834
vt 0.5312500 0.9687500
vn 0.0546236 0.5460250 0.8359863
v 0.191568 1.150670 0.512946
vt 0.5312500 0.9687500
vn 0.0274380 0.5575973 0.8296580
v 0.190747 1.147678 0.514983
vt 0.5312500 0.9687500
vn 0.0273360 0.5572283 0.8299092
f 3238/3238/3238 3239/3239/3239 3240/3240/3240
v 0.383137 1.062729 0.561798
vt 0.5312500 0.9687500
vn 0.0548639 0.5467613 0.8354892
v 0.385125 1.069991 0.556910
vt 0.5312500 0.9687500
vn 0.0551079 0.5476549 0.8348876
v 0.192562 1.154287 0.510481
vt 0.5312500 0.9687500
vn 0.0276052 0.5580338 0.8293590
f 3241/3241/3241 3242/3242/3242 3243/3243/3243
v 0.383137 1.062729 0.561798
vt 0.5312500 0.9687500
vn 0.0548623 0.5467560 0.8354926
v 0.192562 1.154287 0.510481
vt 0.5312500 0.9687500
vn 0.0275850 0.5580384 0.8293565
v 0.191568 1.150670 0.512946
vt 0.5312500 0.9687500
vn 0.0274639 0.5575911 0.8296613
f 3244/3244/3244 3245/3245/3245 3246/3246/3246
v 0.385125 1.069991 0.556910
vt 0.5312500 0.9687500
vn 0.0551181 0.5476555 0.8348866
v 0.393706 1.101282 0.535706
vt 0.5312500 0.9687500
vn 0.0563635 0.5514677 0.8322900
v 0.196853 1.169887 0.499813
vt 0.5312500 0.9687500
vn 0.0282351 0.5599321 0.8280573
f 3247/3247/3247 3248/3248/3248 3249/3249/3249
v 0.385125 1.069991 0.556910
vt 0.5312500 0.9687500
vn 0.0551337 0.5476518 0.8348879
v 0.196853 1.169887 0.499813
vt 0.5312500 0.9687500
vn 0.0282262 0.5599405 0.8280519
v 0.192562 1.154287 0.510481
vt 0.5312500 0.9687500
vn 0.0276033 0.5580345 0.8293585
f 3250/3250/3250 3251/3251/3251 3252/3252/3252
v 0.393706 1.101282 0.535706
vt 0.5312500 0.9687500
vn 0.0563859 0.5514637 0.8322909
v 0.394784 1.105203 0.533033
vt 0.5312500 0.9687500
vn 0.0565182 0.5519462 0.8319622
v 0.197392 1.171844 0.498471
vt 0.5312500 0.9687500
vn 0.0282909 0.5601827 0.8278857
f 3253/3253/3253 3254/3254/3254 3255/3255/3255
v 0.393706 1.101282 0.535706
vt 0.5312500 0.9687500
vn 0.0563704 0.5514639 0.8322920
v 0.197392 1.171844 0.498471
vt 0.5312500 0.9687500
vn 0.0283037 0.5601791 0.8278878
v 0.196853 1.169887 0.499813
vt 0.5312500 0.9687500
vn 0.0282376 0.5599377 0.8280533
f 3256/3256/3256 3257/3257/3257 3258/3258/3258
v 0.394784 1.105203 0.533033
vt 0.5312500 0.9687500
vn 0.0565147 0.5519476 0.8319616
v 0.404317 1.139822 0.509281
vt 0.5312500 0.9687500
vn 0.0578802 0.5561702 0.8290505
v 0.202158 1.189138 0.486572
vt 0.5312500 0.9687500
vn 0.0289971 0.5622896 0.8264318
f 3259/3259/3259 3260/3260/3260 3261/3261/3261
v 0.394784 1.105203 0.533033
vt 0.5312500 0.9687500
vn 0.0565355 0.5519389 0.8319659
v 0.202158 1.189138 0.486572
vt 0.5312500 0.9687500
vn 0.0289967 0.5622910 0.8264309
v 0.197392 1.171844 0.498471
vt 0.5312500 0.9687500
vn 0.0283143 0.5601784 0.8278880
f 3262/3262/3262 3263/3263/3263 3264/3264/3264
v 0.404317 1.139822 0.509281
vt 0.5312500 0.9687500
vn 0.0579031 0.5561655 0.8290520
v 0.404695 1.141195 0.508333
vt 0.5312500 0.9687500
vn 0.0579519 0.5563344 0.8289351
v 0.202348 1.189824 0.486098
vt 0.5312500 0.9687500
vn 0.0290143 0.5623784 0.8263707
f 3265/3265/3265 3266/3266/3266 3267/3267/3267
v 0.404317 1.139822 0.509281
vt 0.5312500 0.9687500
vn 0.0578680 0.5561743 0.8290485
v 0.202348 1.189824 0.486098
vt 0.5312500 0.9687500
vn 0.0290242 0.5623761 0.8263721
v 0.202158 1.189138 0.486572
vt 0.5312500 0.9687500
vn 0.0289526 0.5623001 0.8264261
f 3268/3268/3268 3269/3269/3269 3270/3270/3270
v 0.404695 1.141195 0.508333
vt 0.5312500 0.9687500
vn 0.0579401 0.5563372 0.8289341
v 0.412085 1.167940 0.489785
vt 0.5312500 0.9687500
vn 0.0589919 0.5596023 0.8266591
v 0.206043 1.203207 0.476840
vt 0.5312500 0.9687500
vn 0.0295519 0.5640128 0.8252370
f 3271/3271/3271 3272/3272/3272 3273/3273/3273
v 0.404695 1.141195 0.508333
vt 0.5312500 0.9687500
vn 0.0579304 0.5563400 0.8289330
v 0.206043 1.203207 0.476840
vt 0.5312500 0.9687500
vn 0.0295556 0.5640104 0.8252386
v 0.202348 1.189824 0.486098
vt 0.5312500 0.9687500
vn 0.0290060 0.5623791 0.8263705
f 3274/3274/3274 3275/3275/3275 3276/3276/3276
v 0.412085 1.167940 0.489785
vt 0.5312500 0.9687500
vn 0.0590074 0.5595969 0.8266616
v 0.415112 1.178872 0.482154
vt 0.5312500 0.9687500
vn 0.0594276 0.5609344 0.8257245
v 0.207556 1.208684 0.473040
vt 0.5312500 0.9687500
vn 0.0297493 0.5646849 0.8247703
f 3277/3277/3277 3278/3278/3278 3279/3279/3279
v 0.412085 1.167940 0.489785
vt 0.5312500 0.9687500
vn 0.0590154 0.5595996 0.8266591
v 0.207556 1.208684 0.473040
vt 0.5312500 0.9687500
vn 0.0297320 0.5646891 0.8247679
v 0.206043 1.203207 0.476840
vt 0.5312500 0.9687500
vn 0.0295450 0.5640142 0.8252363
f 3280/3280/3280 3281/3281/3281 3282/3282/3282
v 0.415112 1.178872 0.482154
vt 0.5312500 0.9687500
vn 0.0594288 0.5609338 0.8257248
v 0.415240 1.179334 0.481831
vt 0.5312500 0.9687500
vn 0.0594437 0.5609915 0.8256846
v 0.207620 1.208915 0.472879
vt 0.5312500 0.9687500
vn 0.0297729 0.5647123 0.8247507
f 3283/3283/3283 3284/3284/3284 3285/3285/3285
v 0.415112 1.178872 0.482154
vt 0.5312500 0.9687500
vn 0.0594106 0.5609369 0.8257241
v 0.207620 1.208915 0.472879
vt 0.5312500 0.9687500
vn 0.0297819 0.5647100 0.8247519
v 0.207556 1.208684 0.473040
vt 0.5312500 0.9687500
vn 0.0297754 0.5646812 0.8247718
f 3286/3286/3286 3287/3287/3287 3288/3288/3288
v 0.415240 1.179334 0.481831
vt 0.5312500 0.9687500
vn 0.0594252 0.5609986 0.8256811
v 0.426080 1.218374 0.454347
vt 0.5312500 0.9687500
vn 0.0609978 0.5657548 0.8223143
v 0.213040 1.228499 0.459229
vt 0.5312500 0.9687500
vn 0.0305498 0.5671064 0.8230778
f 3289/3289/3289 3290/3290/3290 3291/3291/3291
v 0.415240 1.179334 0.481831
vt 0.5312500 0.9687500
vn 0.0594440 0.5609923 0.8256840
v 0.213040 1.228499 0.459229
vt 0.5312500 0.9687500
vn 0.0305406 0.5671065 0.8230781
v 0.207620 1.208915 0.472879
vt 0.5312500 0.9687500
vn 0.0297783 0.5647106 0.8247516
f 3292/3292/3292 3293/3293/3293 3294/3294/3294
v 0.426080 1.218374 0.454347
vt 0.5312500 0.9687500
vn 0.0609782 0.5657579 0.8223136
v 0.426284 1.219110 0.453826
vt 0.5312500 0.9687500
vn 0.0610044 0.5658467 0.8222505
v 0.213142 1.228868 0.458971
vt 0.5312500 0.9687500
vn 0.0305736 0.5671548 0.8230436
f 3295/3295/3295 3296/3296/3296 3297/3297/3297
v 0.426080 1.218374 0.454347
vt 0.5312500 0.9687500
vn 0.0609914 0.5657545 0.8223149
v 0.213142 1.228868 0.458971
vt 0.5312500 0.9687500
vn 0.0305547 0.5671524 0.8230458
v 0.213040 1.228499 0.459229
vt 0.5312500 0.9687500
vn 0.0305436 0.5671074 0.8230772
f 3298/3298/3298 3299/3299/3299 3300/3300/3300
v 0.426284 1.219110 0.453826
vt 0.5312500 0.9687500
vn 0.0610054 0.5658499 0.8222482
v 0.435671 1.252779 0.429824
vt 0.5312500 0.9687500
vn 0.0623497 0.5699511 0.8193095
v 0.217836 1.245793 0.447101
vt 0.5312500 0.9687500
vn 0.0312136 0.5692196 0.8215927
f 3301/3301/3301 3302/3302/3302 3303/3303/3303
v 0.426284 1.219110 0.453826
vt 0.5312500 0.9687500
vn 0.0610039 0.5658426 0.8222535
v 0.217836 1.245793 0.447101
vt 0.5312500 0.9687500
vn 0.0312466 0.5692149 0.8215949
v 0.213142 1.228868 0.458971
vt 0.5312500 0.9687500
vn 0.0305750 0.5671508 0.8230463
f 3304/3304/3304 3305/3305/3305 3306/3306/3306
v 0.435671 1.252779 0.429824
vt 0.5312500 0.9687500
vn 0.0623778 0.5699457 0.8193113
v 0.436957 1.258262 0.425909
vt 0.5312500 0.9687500
vn 0.0625356 0.5706209 0.8188291
v 0.218478 1.248549 0.445166
vt 0.5312500 0.9687500
vn 0.0312946 0.5695536 0.8213583
f 3307/3307/3307 3308/3308/3308 3309/3309/3309
v 0.435671 1.252779 0.429824
vt 0.5312500 0.9687500
vn 0.0623429 0.5699493 0.8193114
v 0.218478 1.248549 0.445166
vt 0.5312500 0.9687500
vn 0.0313140 0.5695600 0.8213531
v 0.217836 1.245793 0.447101
vt 0.5312500 0.9687500
vn 0.0312338 0.5692213 0.8215910
f 3310/3310/3310 3311/3311/3311 3312/3312/3312
v 0.436957 1.258262 0.425909
vt 0.5312500 0.9687500
vn 0.0625397 0.5706187 0.8188303
v 0.437117 1.258945 0.425421
vt 0.5312500 0.9687500
vn 0.0625618 0.5707040 0.8187691
v 0.218558 1.248893 0.444924
vt 0.5312500 0.9687500
vn 0.0313205 0.5695996 0.8213254
f 3313/3313/3313 3314/3314/3314 3315/3315/3315
v 0.436957 1.258262 0.425909
vt 0.5312500 0.9687500
vn 0.0625248 0.5706167 0.8188329
v 0.218558 1.248893 0.444924
vt 0.5312500 0.9687500
vn 0.0313248 0.5696006 0.8213245
v 0.218478 1.248549 0.445166
vt 0.5312500 0.9687500
vn 0.0313146 0.5695595 0.8213533
f 3316/3316/3316 3317/3317/3317 3318/3318/3318
v 0.437117 1.258945 0.425421
vt 0.5312500 0.9687500
vn 0.0625821 0.5706968 0.8187727
v 0.443747 1.287169 0.405147
vt 0.5312500 0.9687500
vn 0.0634921 0.5741473 0.8162866
v 0.221873 1.263098 0.434923
vt 0.5312500 0.9687500
vn 0.0317851 0.5713344 0.8201018
f 3319/3319/3319 3320/3320/3320 3321/3321/3321
v 0.437117 1.258945 0.425421
vt 0.5312500 0.9687500
vn 0.0625402 0.5706978 0.8187752
v 0.221873 1.263098 0.434923
vt 0.5312500 0.9687500
vn 0.0318105 0.5713360 0.8200996
v 0.218558 1.248893 0.444924
vt 0.5312500 0.9687500
vn 0.0313074 0.5696025 0.8213239
f 3322/3322/3322 3323/3323/3323 3324/3324/3324
v 0.443747 1.287169 0.405147
vt 0.5312500 0.9687500
vn 0.0634814 0.5741408 0.8162919
v 0.443709 1.287279 0.405073
vt 0.5312500 0.9687500
vn 0.0634801 0.5741554 0.8162819
v 0.221854 1.263153 0.434885
vt 0.5312500 0.9687500
vn 0.0317954 0.5713431 0.8200953
f 3325/3325/3325 3326/3326/3326 3327/3327/3327
v 0.443747 1.287169 0.405147
vt 0.5312500 0.9687500
vn 0.0635175 0.5741443 0.8162867
v 0.221854 1.263153 0.434885
vt 0.5312500 0.9687500
vn 0.0318083 0.5713464 0.8200923
v 0.221873 1.263098 0.434923
vt 0.5312500 0.9687500
vn 0.0318005 0.5713379 0.8200987
f 3328/3328/3328 3329/3329/3329 3330/3330/3330
v 0.443709 1.287279 0.405073
vt 0.5312500 0.9687500
vn 0.0634792 0.5741571 0.8162807
v 0.439122 1.300614 0.396029
vt 0.5312500 0.9687500
vn 0.0628643 0.5757978 0.8151718
v 0.219561 1.269802 0.430337
vt 0.5312500 0.9687500
vn 0.0314795 0.5721576 0.8195394
f 3331/3331/3331 3332/3332/3332 3333/3333/3333
v 0.443709 1.287279 0.405073
vt 0.5312500 0.9687500
vn 0.0634899 0.5741588 0.8162786
v 0.219561 1.269802 0.430337
vt 0.5312500 0.9687500
vn 0.0314729 0.5721601 0.8195379
v 0.221854 1.263153 0.434885
vt 0.5312500 0.9687500
vn 0.0318043 0.5713448 0.8200937
f 3334/3334/3334 3335/3335/3335 3336/3336/3336
v 0.439122 1.300614 0.396029
vt 0.5312500 0.9687500
vn 0.0628239 0.5757876 0.8151821
v 0.438111 1.303552 0.394031
vt 0.5312500 0.9687500
vn 0.0626987 0.5761506 0.8149352
v 0.219055 1.271267 0.429333
vt 0.5312500 0.9687500
vn 0.0313787 0.5723383 0.8194170
f 3337/3337/3337 3338/3338/3338 3339/3339/3339
v 0.439122 1.300614 0.396029
vt 0.5312500 0.9687500
vn 0.0628592 0.5757908 0.8151771
v 0.219055 1.271267 0.429333
vt 0.5312500 0.9687500
vn 0.0313881 0.5723371 0.8194176
v 0.219561 1.269802 0.430337
vt 0.5312500 0.9687500
vn 0.0314509 0.5721539 0.8195429
f 3340/3340/3340 3341/3341/3341 3342/3342/3342
v 0.438111 1.303552 0.394031
vt 0.5312500 0.9687500
vn 0.0626988 0.5761516 0.8149344
v 0.436234 1.309002 0.390318
vt 0.5312500 0.9687500
vn 0.0624209 0.5768156 0.8144860
v 0.218117 1.273987 0.427468
vt 0.5312500 0.9687500
vn 0.0312679 0.5726727 0.8191877
f 3343/3343/3343 3344/3344/3344 3345/3345/3345
v 0.438111 1.303552 0.394031
vt 0.5312500 0.9687500
vn 0.0627007 0.5761519 0.8149342
v 0.218117 1.273987 0.427468
vt 0.5312500 0.9687500
vn 0.0312632 0.5726709 0.8191890
v 0.219055 1.271267 0.429333
vt 0.5312500 0.9687500
vn 0.0314259 0.5723453 0.8194104
f 3346/3346/3346 3347/3347/3347 3348/3348/3348
v 0.436234 1.309002 0.390318
vt 0.5312500 0.9687500
vn 0.0624380 0.5768232 0.8144793
v 0.429034 1.315035 0.386589
vt 0.5312500 0.9687500
vn 0.0614135 0.5775703 0.8140276
v 0.214517 1.276953 0.425530
vt 0.5312500 0.9687500
vn 0.0307408 0.5730383 0.8189518
f 3349/3349/3349 3350/3350/3350 3351/3351/3351
v 0.436234 1.309002 0.390318
vt 0.5312500 0.9687500
vn 0.0624225 0.5768226 0.8144807
v 0.214517 1.276953 0.425530
vt 0.5312500 0.9687500
vn 0.0307388 0.5730279 0.8189591
v 0.218117 1.273987 0.427468
vt 0.5312500 0.9687500
vn 0.0312516 0.5726616 0.8191959
f 3352/3352/3352 3353/3353/3353 3354/3354/3354
v 0.429034 1.315035 0.386589
vt 0.5312500 0.9687500
vn 0.0614162 0.5775689 0.8140283
v 0.415626 1.326250 0.379614
vt 0.5312500 0.9687500
vn 0.0595009 0.5789519 0.8131877
v 0.207813 1.282471 0.421913
vt 0.5312500 0.9687500
vn 0.0298064 0.5737081 0.8185172
f 3355/3355/3355 3356/3356/3356 3357/3357/3357
v 0.429034 1.315035 0.386589
vt 0.5312500 0.9687500
vn 0.0614183 0.5775570 0.8140367
v 0.207813 1.282471 0.421913
vt 0.5312500 0.9687500
vn 0.0297988 0.5737214 0.8185082
v 0.214517 1.276953 0.425530
vt 0.5312500 0.9687500
vn 0.0307576 0.5730435 0.8189476
f 3358/3358/3358 3359/3359/3359 3360/3360/3360
v 0.415626 1.326250 0.379614
vt 0.5312500 0.9687500
vn 0.0594868 0.5789271 0.8132065
v 0.406308 1.327574 0.379346
vt 0.5312500 0.9687500
vn 0.0581603 0.5791155 0.8131683
v 0.203154 1.283058 0.421669
vt 0.5312500 0.9687500
vn 0.0291323 0.5737759 0.8184942
f 3361/3361/3361 3362/3362/3362 3363/3363/3363
v 0.415626 1.326250 0.379614
vt 0.5312500 0.9687500
vn 0.0594869 0.5789447 0.8131939
v 0.203154 1.283058 0.421669
vt 0.5312500 0.9687500
vn 0.0291209 0.5738014 0.8184765
v 0.207813 1.282471 0.421913
vt 0.5312500 0.9687500
vn 0.0297869 0.5737174 0.8185115
f 3364/3364/3364 3365/3365/3365 3366/3366/3366
v 0.406308 1.327574 0.379346
vt 0.5312500 0.9687500
vn 0.0581575 0.5791065 0.8131748
v 0.363423 1.333577 0.377974
vt 0.5312500 0.9687500
vn 0.0520398 0.5798834 0.8130357
v 0.181712 1.285737 0.420514
vt 0.5312500 0.9687500
vn 0.0260593 0.5741091 0.8183640
f 3367/3367/3367 3368/3368/3368 3369/3369/3369
v 0.406308 1.327574 0.379346
vt 0.5312500 0.9687500
vn 0.0581637 0.5791084 0.8131732
v 0.181712 1.285737 0.420514
vt 0.5312500 0.9687500
vn 0.0260420 0.5741062 0.8183666
v 0.203154 1.283058 0.421669
vt 0.5312500 0.9687500
vn 0.0291225 0.5738006 0.8184772
f 3370/3370/3370 3371/3371/3371 3372/3372/3372
v 0.363423 1.333577 0.377974
vt 0.5312500 0.9687500
vn 0.0520424 0.5798845 0.8130347
v 0.357941 1.334333 0.377783
vt 0.5312500 0.9687500
vn 0.0512590 0.5799928 0.8130072
v 0.178970 1.286076 0.420362
vt 0.5312500 0.9687500
vn 0.0256655 0.5741559 0.8183436
f 3373/3373/3373 3374/3374/3374 3375/3375/3375
v 0.363423 1.333577 0.377974
vt 0.5312500 0.9687500
vn 0.0520469 0.5798672 0.8130468
v 0.178970 1.286076 0.420362
vt 0.5312500 0.9687500
vn 0.0256582 0.5741722 0.8183324
v 0.181712 1.285737 0.420514
vt 0.5312500 0.9687500
vn 0.0260478 0.5741239 0.8183540
f 3376/3376/3376 3377/3377/3377 3378/3378/3378
v 0.357941 1.334333 0.377783
vt 0.5312500 0.9687500
vn 0.0512539 0.5799580 0.8130324
v 0.351346 1.335240 0.377548
vt 0.5312500 0.9687500
vn 0.0503144 0.5800869 0.8129992
v 0.175673 1.286484 0.420178
vt 0.5312500 0.9687500
vn 0.0251776 0.5742234 0.8183115
f 3379/3379/3379 3380/3380/3380 3381/3381/3381
v 0.357941 1.334333 0.377783
vt 0.5312500 0.9687500
vn 0.0512419 0.5799857 0.8130134
v 0.175673 1.286484 0.420178
vt 0.5312500 0.9687500
vn 0.0251858 0.5742338 0.8183039
v 0.178970 1.286076 0.420362
vt 0.5312500 0.9687500
vn 0.0256562 0.5741757 0.8183301
f 3382/3382/3382 3383/3383/3383 3384/3384/3384
v 0.351346 1.335240 0.377548
vt 0.5312500 0.9687500
vn 0.0503125 0.5800956 0.8129931
v 0.343436 1.335900 0.377560
vt 0.5312500 0.9687500
vn 0.0491858 0.5801899 0.8129948
v 0.171718 1.286760 0.420105
vt 0.5312500 0.9687500
vn 0.0246176 0.5742465 0.8183123
f 3385/3385/3385 3386/3386/3386 3387/3387/3387
v 0.351346 1.335240 0.377548
vt 0.5312500 0.9687500
vn 0.0503005 0.5800995 0.8129911
v 0.171718 1.286760 0.420105
vt 0.5312500 0.9687500
vn 0.0246164 0.5742458 0.8183128
v 0.175673 1.286484 0.420178
vt 0.5312500 0.9687500
vn 0.0251817 0.5742065 0.8183231
f 3388/3388/3388 3389/3389/3389 3390/3390/3390
v 0.343436 1.335900 0.377560
vt 0.5312500 0.9687500
vn 0.0491788 0.5801580 0.8130180
v 0.308067 1.338793 0.377525
vt 0.5312500 0.9687500
vn 0.0441288 0.5805702 0.8130134
v 0.154033 1.287978 0.419755
vt 0.5312500 0.9687500
vn 0.0220891 0.5744001 0.8182766
f 3391/3391/3391 3392/3392/3392 3393/3393/3393
v 0.343436 1.335900 0.377560
vt 0.5312500 0.9687500
vn 0.0491797 0.5801751 0.8130057
v 0.154033 1.287978 0.419755
vt 0.5312500 0.9687500
vn 0.0220864 0.5744130 0.8182676
v 0.171718 1.286760 0.420105
vt 0.5312500 0.9687500
vn 0.0246182 0.5742388 0.8183177
f 3394/3394/3394 3395/3395/3395 3396/3396/3396
v 0.308067 1.338793 0.377525
vt 0.5312500 0.9687500
vn 0.0441234 0.5805284 0.8130437
v 0.263216 1.342313 0.377268
vt 0.5312500 0.9687500
vn 0.0377159 0.5809920 0.8130351
v 0.131608 1.289485 0.419258
vt 0.5312500 0.9687500
vn 0.0188507 0.5746073 0.8182123
f 3397/3397/3397 3398/3398/3398 3399/3399/3399
v 0.308067 1.338793 0.377525
vt 0.5312500 0.9687500
vn 0.0441132 0.5805610 0.8130210
v 0.131608 1.289485 0.419258
vt 0.5312500 0.9687500
vn 0.0188655 0.5745867 0.8182263
v 0.154033 1.287978 0.419755
vt 0.5312500 0.9687500
vn 0.0220825 0.5744095 0.8182701
f 3400/3400/3400 3401/3401/3401 3402/3402/3402
v 0.263216 1.342313 0.377268
vt 0.5312500 0.9687500
vn 0.0377158 0.5810138 0.8130193
v 0.257842 1.342724 0.377221
vt 0.5312500 0.9687500
vn 0.0369446 0.5810730 0.8130125
v 0.128921 1.289663 0.419195
vt 0.5312500 0.9687500
vn 0.0184682 0.5746248 0.8182086
f 3403/3403/3403 3404/3404/3404 3405/3405/3405
v 0.263216 1.342313 0.377268
vt 0.5312500 0.9687500
vn 0.0376975 0.5810165 0.8130183
v 0.128921 1.289663 0.419195
vt 0.5312500 0.9687500
vn 0.0184846 0.5746171 0.8182136
v 0.131608 1.289485 0.419258
vt 0.5312500 0.9687500
vn 0.0188693 0.5745913 0.8182230
f 3406/3406/3406 3407/3407/3407 3408/3408/3408
v 0.257842 1.342724 0.377221
vt 0.5312500 0.9687500
vn 0.0369448 0.5810572 0.8130238
v 0.253016 1.343091 0.377176
vt 0.5312500 0.9687500
vn 0.0362533 0.5811095 0.8130175
v 0.126508 1.289822 0.419137
vt 0.5312500 0.9687500
vn 0.0181225 0.5746470 0.8182008
f 3409/3409/3409 3410/3410/3410 3411/3411/3411
v 0.257842 1.342724 0.377221
vt 0.5312500 0.9687500
vn 0.0369496 0.5810589 0.8130222
v 0.126508 1.289822 0.419137
vt 0.5312500 0.9687500
vn 0.0181372 0.5746450 0.8182017
v 0.128921 1.289663 0.419195
vt 0.5312500 0.9687500
vn 0.0184850 0.5746223 0.8182098
f 3412/3412/3412 3413/3413/3413 3414/3414/3414
v 0.253016 1.343091 0.377176
vt 0.5312500 0.9687500
vn 0.0362579 0.5811236 0.8130071
v 0.206899 1.346502 0.376606
vt 0.5312500 0.9687500
vn 0.0296537 0.5815333 0.8129820
v 0.103449 1.291319 0.418549
vt 0.5312500 0.9687500
vn 0.0148275 0.5748292 0.8181390
f 3415/3415/3415 3416/3416/3416 3417/3417/3417
v 0.253016 1.343091 0.377176
vt 0.5312500 0.9687500
vn 0.0362513 0.5811075 0.8130190
v 0.103449 1.291319 0.418549
vt 0.5312500 0.9687500
vn 0.0148299 0.5748088 0.8181533
v 0.126508 1.289822 0.419137
vt 0.5312500 0.9687500
vn 0.0181384 0.5746333 0.8182098
f 3418/3418/3418 3419/3419/3419 3420/3420/3420
v 0.206899 1.346502 0.376606
vt 0.5312500 0.9687500
vn 0.0296504 0.5815322 0.8129829
v 0.199003 1.347068 0.376484
vt 0.5312500 0.9687500
vn 0.0285218 0.5816134 0.8129651
v 0.099502 1.291572 0.418443
vt 0.5312500 0.9687500
vn 0.0142556 0.5748613 0.8181266
f 3421/3421/3421 3422/3422/3422 3423/3423/3423
v 0.206899 1.346502 0.376606
vt 0.5312500 0.9687500
vn 0.0296632 0.5815412 0.8129759
v 0.099502 1.291572 0.418443
vt 0.5312500 0.9687500
vn 0.0142677 0.5748624 0.8181257
v 0.103449 1.291319 0.418549
vt 0.5312500 0.9687500
vn 0.0148332 0.5748262 0.8181410
f 3424/3424/3424 3425/3425/3425 3426/3426/3426
v 0.199003 1.347068 0.376484
vt 0.5312500 0.9687500
vn 0.0285172 0.5816063 0.8129704
v 0.170311 1.349085 0.375975
vt 0.5312500 0.9687500
vn 0.0244093 0.5818934 0.8128986
v 0.085156 1.292477 0.418039
vt 0.5312500 0.9687500
vn 0.0122302 0.5749648 0.8180867
f 3427/3427/3427 3428/3428/3428 3429/3429/3429
v 0.199003 1.347068 0.376484
vt 0.5312500 0.9687500
vn 0.0285345 0.5816135 0.8129647
v 0.085156 1.292477 0.418039
vt 0.5312500 0.9687500
vn 0.0122118 0.5749745 0.8180803
v 0.099502 1.291572 0.418443
vt 0.5312500 0.9687500
vn 0.0142666 0.5748451 0.8181380
f 3430/3430/3430 3431/3431/3431 3432/3432/3432
v 0.170311 1.349085 0.375975
vt 0.5312500 0.9687500
vn 0.0244126 0.5818771 0.8129103
v 0.155500 1.349555 0.376064
vt 0.5312500 0.9687500
vn 0.0222900 0.5819448 0.8129227
v 0.077750 1.292664 0.418013
vt 0.5312500 0.9687500
vn 0.0111696 0.5749921 0.8180827
f 3433/3433/3433 3434/3434/3434 3435/3435/3435
v 0.170311 1.349085 0.375975
vt 0.5312500 0.9687500
vn 0.0243951 0.5818796 0.8129089
v 0.077750 1.292664 0.418013
vt 0.5312500 0.9687500
vn 0.0111489 0.5750108 0.8180698
v 0.085156 1.292477 0.418039
vt 0.5312500 0.9687500
vn 0.0122104 0.5749840 0.8180735
f 3436/3436/3436 3437/3437/3437 3438/3438/3438
v 0.155500 1.349555 0.376064
vt 0.5312500 0.9687500
vn 0.0222906 0.5819461 0.8129218
v 0.141709 1.349976 0.376123
vt 0.5312500 0.9687500
vn 0.0203126 0.5820072 0.8129300
v 0.070855 1.292834 0.417983
vt 0.5312500 0.9687500
vn 0.0101492 0.5750180 0.8180778
f 3439/3439/3439 3440/3440/3440 3441/3441/3441
v 0.155500 1.349555 0.376064
vt 0.5312500 0.9687500
vn 0.0222624 0.5819416 0.8129259
v 0.070855 1.292834 0.417983
vt 0.5312500 0.9687500
vn 0.0101583 0.5750064 0.8180859
v 0.077750 1.292664 0.418013
vt 0.5312500 0.9687500
vn 0.0111487 0.5749818 0.8180903
f 3442/3442/3442 3443/3443/3443 3444/3444/3444
v 0.141709 1.349976 0.376123
vt 0.5312500 0.9687500
vn 0.0203095 0.5819839 0.8129466
v 0.103771 1.351057 0.376171
vt 0.5312500 0.9687500
vn 0.0148757 0.5821375 0.8129543
v 0.051885 1.293282 0.417872
vt 0.5312500 0.9687500
vn 0.0074275 0.5750742 0.8180676
f 3445/3445/3445 3446/3446/3446 3447/3447/3447
v 0.141709 1.349976 0.376123
vt 0.5312500 0.9687500
vn 0.0202932 0.5819962 0.8129382
v 0.051885 1.293282 0.417872
vt 0.5312500 0.9687500
vn 0.0074411 0.5750806 0.8180628
v 0.070855 1.292834 0.417983
vt 0.5312500 0.9687500
vn 0.0101602 0.5750163 0.8180788
f 3448/3448/3448 3449/3449/3449 3450/3450/3450
v 0.103771 1.351057 0.376171
vt 0.5312500 0.9687500
vn 0.0148780 0.5821386 0.8129535
v 0.086543 1.351509 0.376136
vt 0.5312500 0.9687500
vn 0.0124058 0.5822029 0.8129489
v 0.043271 1.293475 0.417808
vt 0.5312500 0.9687500
vn 0.0061911 0.5750957 0.8180628
f 3451/3451/3451 3452/3452/3452 3453/3453/3453
v 0.103771 1.351057 0.376171
vt 0.5312500 0.9687500
vn 0.0148946 0.5821373 0.8129539
v 0.043271 1.293475 0.417808
vt 0.5312500 0.9687500
vn 0.0062024 0.5750829 0.8180715
v 0.051885 1.293282 0.417872
vt 0.5312500 0.9687500
vn 0.0074418 0.5750536 0.8180819
f 3454/3454/3454 3455/3455/3455 3456/3456/3456
v 0.086543 1.351509 0.376136
vt 0.5312500 0.9687500
vn 0.0124057 0.5821915 0.8129571
v 0.051938 1.352344 0.375961
vt 0.5312500 0.9687500
vn 0.0074430 0.5823077 0.8129345
v 0.025969 1.293846 0.417652
vt 0.5312500 0.9687500
vn 0.0037301 0.5751471 0.8180415
f 3457/3457/3457 3458/3458/3458 3459/3459/3459
v 0.086543 1.351509 0.376136
vt 0.5312500 0.9687500
vn 0.0124146 0.5821957 0.8129538
v 0.025969 1.293846 0.417652
vt 0.5312500 0.9687500
vn 0.0037249 0.5751467 0.8180417
v 0.043271 1.293475 0.417808
vt 0.5312500 0.9687500
vn 0.0062055 0.5750954 0.8180628
f 3460/3460/3460 3461/3461/3461 3462/3462/3462
v 0.051938 1.352344 0.375961
vt 0.5312500 0.9687500
vn 0.0074415 0.5822883 0.8129483
v 0.031220 1.352797 0.375788
vt 0.5312500 0.9687500
vn 0.0044781 0.5823528 0.8129238
v 0.015610 1.294057 0.417542
vt 0.5312500 0.9687500
vn 0.0022511 0.5751827 0.8180218
f 3463/3463/3463 3464/3464/3464 3465/3465/3465
v 0.051938 1.352344 0.375961
vt 0.5312500 0.9687500
vn 0.0074710 0.5823171 0.8129274
v 0.015610 1.294057 0.417542
vt 0.5312500 0.9687500
vn 0.0022416 0.5751854 0.8180200
v 0.025969 1.293846 0.417652
vt 0.5312500 0.9687500
vn 0.0037224 0.5751563 0.8180350
f 3466/3466/3466 3467/3467/3467 3468/3468/3468
v 0.031220 1.352797 0.375788
vt 0.5312500 0.9687500
vn 0.0044778 0.5823612 0.8129178
v -0.000000 1.353415 0.375432
vt 0.5312500 0.9687500
vn -0.0000081 0.5824482 0.8128678
v -0.000000 1.294357 0.417352
vt 0.5312500 0.9687500
vn -0.0000077 0.5751948 0.8180164
f 3469/3469/3469 3470/3470/3470 3471/3471/3471
v 0.031220 1.352797 0.375788
vt 0.5312500 0.9687500
vn 0.0044896 0.5823716 0.8129104
v -0.000000 1.294357 0.417352
vt 0.5312500 0.9687500
vn -0.0000003 0.5752073 0.8180076
v 0.015610 1.294057 0.417542
vt 0.5312500 0.9687500
vn 0.0022400 0.5751638 0.8180352
f 3472/3472/3472 3473/3473/3473 3474/3474/3474
v -0.000000 1.353415 0.375432
vt 0.5312500 0.9687500
vn -0.0000002 0.5824171 0.8128902
v -0.000000 1.353415 0.375432
vt 0.5312500 0.9687500
vn 0.0000002 0.5824171 0.8128902
v -0.000000 1.294357 0.417352
vt 0.5312500 0.9687500
vn 0.0000004 0.5752243 0.8179958
f 3475/3475/3475 3476/3476/3476 3477/3477/3477
v -0.000000 1.353415 0.375432
vt 0.5312500 0.9687500
vn -0.0000004 0.5824192 0.8128887
v -0.000000 1.294357 0.417352
vt 0.5312500 0.9687500
vn 0.0000002 0.5752264 0.8179943
v -0.000000 1.294357 0.417352
vt 0.5312500 0.9687500
vn -0.0000002 0.5752264 0.8179943
f 3478/3478/3478 3479/3479/3479 3480/3480/3480
v -0.000000 1.353415 0.375432
vt 0.5312500 0.9687500
vn 0.0000000 0.5824351 0.8128774
v -0.031199 1.352798 0.375788
vt 0.5312500 0.9687500
vn -0.0044673 0.5823495 0.8129264
v -0.015599 1.294057 0.417542
vt 0.5312500 0.9687500
vn -0.0022363 0.5751889 0.8180176
f 3481/3481/3481 3482/3482/3482 3483/3483/3483
v -0.000000 1.353415 0.375432
vt 0.5312500 0.9687500
vn 0.0000014 0.5824399 0.8128738
v -0.015599 1.294057 0.417542
vt 0.5312500 0.9687500
vn -0.0022396 0.5751606 0.8180375
v -0.000000 1.294357 0.417352
vt 0.5312500 0.9687500
vn 0.0000016 0.5752034 0.8180104
f 3484/3484/3484 3485/3485/3485 3486/3486/3486
v -0.031199 1.352798 0.375788
vt 0.5312500 0.9687500
vn -0.0044627 0.5823869 0.8128995
v -0.051917 1.352344 0.375961
vt 0.5312500 0.9687500
vn -0.0074534 0.5823236 0.8129228
v -0.025959 1.293846 0.417652
vt 0.5312500 0.9687500
vn -0.0037247 0.5751484 0.8180405
f 3487/3487/3487 3488/3488/3488 3489/3489/3489
v -0.031199 1.352798 0.375788
vt 0.5312500 0.9687500
vn -0.0044694 0.5823475 0.8129277
v -0.025959 1.293846 0.417652
vt 0.5312500 0.9687500
vn -0.0037238 0.5751367 0.8180488
v -0.015599 1.294057 0.417542
vt 0.5312500 0.9687500
vn -0.0022354 0.5751658 0.8180338
f 3490/3490/3490 3491/3491/3491 3492/3492/3492
v -0.051917 1.352344 0.375961
vt 0.5312500 0.9687500
vn -0.0074287 0.5823257 0.8129216
v -0.086496 1.351510 0.376136
vt 0.5312500 0.9687500
vn -0.0124100 0.5822077 0.8129453
v -0.043248 1.293476 0.417808
vt 0.5312500 0.9687500
vn -0.0061804 0.5750794 0.8180741
f 3493/3493/3493 3494/3494/3494 3495/3495/3495
v -0.051917 1.352344 0.375961
vt 0.5312500 0.9687500
vn -0.0074477 0.5823062 0.8129353
v -0.043248 1.293476 0.417808
vt 0.5312500 0.9687500
vn -0.0062078 0.5750768 0.8180758
v -0.025959 1.293846 0.417652
vt 0.5312500 0.9687500
vn -0.0037167 0.5751293 0.8180540
f 3496/3496/3496 3497/3497/3497 3498/3498/3498
v -0.086496 1.351510 0.376136
vt 0.5312500 0.9687500
vn -0.0123977 0.5822068 0.8129461
v -0.103725 1.351058 0.376171
vt 0.5312500 0.9687500
vn -0.0148728 0.5821424 0.8129508
v -0.051863 1.293282 0.417872
vt 0.5312500 0.9687500
vn -0.0074366 0.5750738 0.8180677
f 3499/3499/3499 3500/3500/3500 3501/3501/3501
v -0.086496 1.351510 0.376136
vt 0.5312500 0.9687500
vn -0.0123929 0.5821912 0.8129575
v -0.051863 1.293282 0.417872
vt 0.5312500 0.9687500
vn -0.0074372 0.5750697 0.8180707
v -0.043248 1.293476 0.417808
vt 0.5312500 0.9687500
vn -0.0062019 0.5750976 0.8180614
f 3502/3502/3502 3503/3503/3503 3504/3504/3504
v -0.103725 1.351058 0.376171
vt 0.5312500 0.9687500
vn -0.0148834 0.5821090 0.8129746
v -0.141632 1.349979 0.376124
vt 0.5312500 0.9687500
vn -0.0203018 0.5819919 0.8129412
v -0.070816 1.292835 0.417983
vt 0.5312500 0.9687500
vn -0.0101650 0.5750192 0.8180768
f 3505/3505/3505 3506/3506/3506 3507/3507/3507
v -0.103725 1.351058 0.376171
vt 0.5312500 0.9687500
vn -0.0148974 0.5821451 0.8129483
v -0.070816 1.292835 0.417983
vt 0.5312500 0.9687500
vn -0.0101603 0.5749943 0.8180943
v -0.051863 1.293282 0.417872
vt 0.5312500 0.9687500
vn -0.0074319 0.5750589 0.8180782
f 3508/3508/3508 3509/3509/3509 3510/3510/3510
v -0.141632 1.349979 0.376124
vt 0.5312500 0.9687500
vn -0.0203034 0.5819920 0.8129411
v -0.155426 1.349557 0.376064
vt 0.5312500 0.9687500
vn -0.0222782 0.5819308 0.8129333
v -0.077713 1.292665 0.418013
vt 0.5312500 0.9687500
vn -0.0111705 0.5749947 0.8180809
f 3511/3511/3511 3512/3512/3512 3513/3513/3513
v -0.141632 1.349979 0.376124
vt 0.5312500 0.9687500
vn -0.0202867 0.5819948 0.8129394
v -0.077713 1.292665 0.418013
vt 0.5312500 0.9687500
vn -0.0111435 0.5749970 0.8180795
v -0.070816 1.292835 0.417983
vt 0.5312500 0.9687500
vn -0.0101553 0.5750211 0.8180755
f 3514/3514/3514 3515/3515/3515 3516/3516/3516
v -0.155426 1.349557 0.376064
vt 0.5312500 0.9687500
vn -0.0222824 0.5819147 0.8129447
v -0.170311 1.349085 0.375975
vt 0.5312500 0.9687500
vn -0.0244137 0.5818862 0.8129038
v -0.085156 1.292477 0.418039
vt 0.5312500 0.9687500
vn -0.0121987 0.5749729 0.8180816
f 3517/3517/3517 3518/3518/3518 3519/3519/3519
v -0.155426 1.349557 0.376064
vt 0.5312500 0.9687500
vn -0.0223008 0.5819359 0.8129289
v -0.085156 1.292477 0.418039
vt 0.5312500 0.9687500
vn -0.0122103 0.5749784 0.8180774
v -0.077713 1.292665 0.418013
vt 0.5312500 0.9687500
vn -0.0111446 0.5750055 0.8180736
f 3520/3520/3520 3521/3521/3521 3522/3522/3522
v -0.170311 1.349085 0.375975
vt 0.5312500 0.9687500
vn -0.0244088 0.5818952 0.8128973
v -0.198876 1.347078 0.376482
vt 0.5312500 0.9687500
vn -0.0284993 0.5816095 0.8129686
v -0.099438 1.291576 0.418441
vt 0.5312500 0.9687500
vn -0.0142665 0.5748567 0.8181297
f 3523/3523/3523 3524/3524/3524 3525/3525/3525
v -0.170311 1.349085 0.375975
vt 0.5312500 0.9687500
vn -0.0244286 0.5818737 0.8129122
v -0.099438 1.291576 0.418441
vt 0.5312500 0.9687500
vn -0.0142576 0.5748559 0.8181303
v -0.085156 1.292477 0.418039
vt 0.5312500 0.9687500
vn -0.0122136 0.5749838 0.8180736
f 3526/3526/3526 3527/3527/3527 3528/3528/3528
v -0.198876 1.347078 0.376482
vt 0.5312500 0.9687500
vn -0.0285036 0.5816225 0.8129593
v -0.206786 1.346510 0.376605
vt 0.5312500 0.9687500
vn -0.0296356 0.5815411 0.8129770
v -0.103393 1.291323 0.418548
vt 0.5312500 0.9687500
vn -0.0148370 0.5748241 0.8181425
f 3529/3529/3529 3530/3530/3530 3531/3531/3531
v -0.198876 1.347078 0.376482
vt 0.5312500 0.9687500
vn -0.0285169 0.5816146 0.8129646
v -0.103393 1.291323 0.418548
vt 0.5312500 0.9687500
vn -0.0148248 0.5748317 0.8181374
v -0.099438 1.291576 0.418441
vt 0.5312500 0.9687500
vn -0.0142579 0.5748681 0.8181219
f 3532/3532/3532 3533/3533/3533 3534/3534/3534
v -0.206786 1.346510 0.376605
vt 0.5312500 0.9687500
vn -0.0296412 0.5815265 0.8129873
v -0.253030 1.343090 0.377176
vt 0.5312500 0.9687500
vn -0.0362593 0.5811161 0.8130126
v -0.126515 1.289822 0.419137
vt 0.5312500 0.9687500
vn -0.0181263 0.5746429 0.8182036
f 3535/3535/3535 3536/3536/3536 3537/3537/3537
v -0.206786 1.346510 0.376605
vt 0.5312500 0.9687500
vn -0.0296256 0.5815502 0.8129708
v -0.126515 1.289822 0.419137
vt 0.5312500 0.9687500
vn -0.0181410 0.5746197 0.8182194
v -0.103393 1.291323 0.418548
vt 0.5312500 0.9687500
vn -0.0148275 0.5748343 0.8181353
f 3538/3538/3538 3539/3539/3539 3540/3540/3540
v -0.253030 1.343090 0.377176
vt 0.5312500 0.9687500
vn -0.0362553 0.5810965 0.8130266
v -0.257689 1.342736 0.377220
vt 0.5312500 0.9687500
vn -0.0369210 0.5810460 0.8130327
v -0.128845 1.289668 0.419193
vt 0.5312500 0.9687500
vn -0.0184630 0.5746234 0.8182095
f 3541/3541/3541 3542/3542/3542 3543/3543/3543
v -0.253030 1.343090 0.377176
vt 0.5312500 0.9687500
vn -0.0362705 0.5810993 0.8130240
v -0.128845 1.289668 0.419193
vt 0.5312500 0.9687500
vn -0.0184724 0.5746058 0.8182219
v -0.126515 1.289822 0.419137
vt 0.5312500 0.9687500
vn -0.0181398 0.5746276 0.8182141
f 3544/3544/3544 3545/3545/3545 3546/3546/3546
v -0.257689 1.342736 0.377220
vt 0.5312500 0.9687500
vn -0.0369230 0.5810625 0.8130209
v -0.262895 1.342338 0.377265
vt 0.5312500 0.9687500
vn -0.0376673 0.5810058 0.8130274
v -0.131447 1.289496 0.419254
vt 0.5312500 0.9687500
vn -0.0188425 0.5745995 0.8182178
f 3547/3547/3547 3548/3548/3548 3549/3549/3549
v -0.257689 1.342736 0.377220
vt 0.5312500 0.9687500
vn -0.0369105 0.5810671 0.8130183
v -0.131447 1.289496 0.419254
vt 0.5312500 0.9687500
vn -0.0188467 0.5746090 0.8182111
v -0.128845 1.289668 0.419193
vt 0.5312500 0.9687500
vn -0.0184739 0.5746335 0.8182023
f 3550/3550/3550 3551/3551/3551 3552/3552/3552
v -0.262895 1.342338 0.377265
vt 0.5312500 0.9687500
vn -0.0376684 0.5810075 0.8130261
v -0.307994 1.338798 0.377525
vt 0.5312500 0.9687500
vn -0.0441158 0.5805413 0.8130348
v -0.153997 1.287980 0.419755
vt 0.5312500 0.9687500
vn -0.0220810 0.5744027 0.8182750
f 3553/3553/3553 3554/3554/3554 3555/3555/3555
v -0.262895 1.342338 0.377265
vt 0.5312500 0.9687500
vn -0.0376604 0.5810147 0.8130213
v -0.153997 1.287980 0.419755
vt 0.5312500 0.9687500
vn -0.0220768 0.5744095 0.8182703
v -0.131447 1.289496 0.419254
vt 0.5312500 0.9687500
vn -0.0188438 0.5745876 0.8182262
f 3556/3556/3556 3557/3557/3557 3558/3558/3558
v -0.307994 1.338798 0.377525
vt 0.5312500 0.9687500
vn -0.0441197 0.5805427 0.8130336
v -0.343435 1.335900 0.377560
vt 0.5312500 0.9687500
vn -0.0491824 0.5801682 0.8130105
v -0.171718 1.286760 0.420105
vt 0.5312500 0.9687500
vn -0.0246311 0.5742429 0.8183144
f 3559/3559/3559 3560/3560/3560 3561/3561/3561
v -0.307994 1.338798 0.377525
vt 0.5312500 0.9687500
vn -0.0441218 0.5805479 0.8130297
v -0.171718 1.286760 0.420105
vt 0.5312500 0.9687500
vn -0.0246158 0.5742630 0.8183007
v -0.153997 1.287980 0.419755
vt 0.5312500 0.9687500
vn -0.0220751 0.5743989 0.8182777
f 3562/3562/3562 3563/3563/3563 3564/3564/3564
v -0.343435 1.335900 0.377560
vt 0.5312500 0.9687500
vn -0.0491847 0.5801821 0.8130003
v -0.351346 1.335240 0.377548
vt 0.5312500 0.9687500
vn -0.0503159 0.5800875 0.8129985
v -0.175673 1.286484 0.420178
vt 0.5312500 0.9687500
vn -0.0251846 0.5742137 0.8183179
f 3565/3565/3565 3566/3566/3566 3567/3567/3567
v -0.343435 1.335900 0.377560
vt 0.5312500 0.9687500
vn -0.0491949 0.5801657 0.8130115
v -0.175673 1.286484 0.420178
vt 0.5312500 0.9687500
vn -0.0251855 0.5742307 0.8183060
v -0.171718 1.286760 0.420105
vt 0.5312500 0.9687500
vn -0.0246172 0.5742702 0.8182957
f 3568/3568/3568 3569/3569/3569 3570/3570/3570
v -0.351346 1.335240 0.377548
vt 0.5312500 0.9687500
vn -0.0503117 0.5800811 0.8130035
v -0.357941 1.334333 0.377783
vt 0.5312500 0.9687500
vn -0.0512590 0.5799907 0.8130088
v -0.178971 1.286076 0.420362
vt 0.5312500 0.9687500
vn -0.0256636 0.5741571 0.8183429
f 3571/3571/3571 3572/3572/3572 3573/3573/3573
v -0.351346 1.335240 0.377548
vt 0.5312500 0.9687500
vn -0.0503069 0.5800930 0.8129953
v -0.178971 1.286076 0.420362
vt 0.5312500 0.9687500
vn -0.0256594 0.5741843 0.8183239
v -0.175673 1.286484 0.420178
vt 0.5312500 0.9687500
vn -0.0251798 0.5742036 0.8183252
f 3574/3574/3574 3575/3575/3575 3576/3576/3576
v -0.357941 1.334333 0.377783
vt 0.5312500 0.9687500
vn -0.0512573 0.5799761 0.8130192
v -0.363424 1.333577 0.377974
vt 0.5312500 0.9687500
vn -0.0520373 0.5798684 0.8130466
v -0.181712 1.285737 0.420514
vt 0.5312500 0.9687500
vn -0.0260433 0.5741243 0.8183538
f 3577/3577/3577 3578/3578/3578 3579/3579/3579
v -0.357941 1.334333 0.377783
vt 0.5312500 0.9687500
vn -0.0512464 0.5799827 0.8130153
v -0.181712 1.285737 0.420514
vt 0.5312500 0.9687500
vn -0.0260478 0.5741264 0.8183522
v -0.178971 1.286076 0.420362
vt 0.5312500 0.9687500
vn -0.0256555 0.5741754 0.8183302
f 3580/3580/3580 3581/3581/3581 3582/3582/3582
v -0.363424 1.333577 0.377974
vt 0.5312500 0.9687500
vn -0.0520380 0.5798746 0.8130421
v -0.406308 1.327574 0.379346
vt 0.5312500 0.9687500
vn -0.0581555 0.5790980 0.8131810
v -0.203154 1.283058 0.421669
vt 0.5312500 0.9687500
vn -0.0291101 0.5737951 0.8184814
f 3583/3583/3583 3584/3584/3584 3585/3585/3585
v -0.363424 1.333577 0.377974
vt 0.5312500 0.9687500
vn -0.0520350 0.5798823 0.8130369
v -0.203154 1.283058 0.421669
vt 0.5312500 0.9687500
vn -0.0291204 0.5737968 0.8184799
v -0.181712 1.285737 0.420514
vt 0.5312500 0.9687500
vn -0.0260544 0.5741401 0.8183424
f 3586/3586/3586 3587/3587/3587 3588/3588/3588
v -0.406308 1.327574 0.379346
vt 0.5312500 0.9687500
vn -0.0581603 0.5791095 0.8131725
v -0.415627 1.326250 0.379614
vt 0.5312500 0.9687500
vn -0.0594924 0.5789598 0.8131828
v -0.207813 1.282471 0.421913
vt 0.5312500 0.9687500
vn -0.0297852 0.5737132 0.8185144
f 3589/3589/3589 3590/3590/3590 3591/3591/3591
v -0.406308 1.327574 0.379346
vt 0.5312500 0.9687500
vn -0.0581599 0.5791136 0.8131697
v -0.207813 1.282471 0.421913
vt 0.5312500 0.9687500
vn -0.0297865 0.5736994 0.8185242
v -0.203154 1.283058 0.421669
vt 0.5312500 0.9687500
vn -0.0291187 0.5737834 0.8184894
f 3592/3592/3592 3593/3593/3593 3594/3594/3594
v -0.415627 1.326250 0.379614
vt 0.5312500 0.9687500
vn -0.0594816 0.5789346 0.8132014
v -0.429034 1.315035 0.386589
vt 0.5312500 0.9687500
vn -0.0613928 0.5775551 0.8140398
v -0.214517 1.276953 0.425530
vt 0.5312500 0.9687500
vn -0.0307355 0.5730380 0.8189520
f 3595/3595/3595 3596/3596/3596 3597/3597/3597
v -0.415627 1.326250 0.379614
vt 0.5312500 0.9687500
vn -0.0594795 0.5789459 0.8131936
v -0.214517 1.276953 0.425530
vt 0.5312500 0.9687500
vn -0.0307565 0.5730432 0.8189478
v -0.207813 1.282471 0.421913
vt 0.5312500 0.9687500
vn -0.0297991 0.5737212 0.8185084
f 3598/3598/3598 3599/3599/3599 3600/3600/3600
v -0.429034 1.315035 0.386589
vt 0.5312500 0.9687500
vn -0.0613885 0.5775499 0.8140440
v -0.436234 1.309002 0.390318
vt 0.5312500 0.9687500
vn -0.0624459 0.5768285 0.8144749
v -0.218117 1.273987 0.427468
vt 0.5312500 0.9687500
vn -0.0312735 0.5726674 0.8191910
f 3601/3601/3601 3602/3602/3602 3603/3603/3603
v -0.429034 1.315035 0.386589
vt 0.5312500 0.9687500
vn -0.0613991 0.5775617 0.8140348
v -0.218117 1.273987 0.427468
vt 0.5312500 0.9687500
vn -0.0312780 0.5726825 0.8191804
v -0.214517 1.276953 0.425530
vt 0.5312500 0.9687500
vn -0.0307647 0.5730506 0.8189424
f 3604/3604/3604 3605/3605/3605 3606/3606/3606
v -0.436234 1.309002 0.390318
vt 0.5312500 0.9687500
vn -0.0624233 0.5768166 0.8144851
v -0.438111 1.303552 0.394031
vt 0.5312500 0.9687500
vn -0.0627002 0.5761524 0.8149338
v -0.219056 1.271267 0.429333
vt 0.5312500 0.9687500
vn -0.0314017 0.5723384 0.8194161
f 3607/3607/3607 3608/3608/3608 3609/3609/3609
v -0.436234 1.309002 0.390318
vt 0.5312500 0.9687500
vn -0.0624272 0.5768179 0.8144838
v -0.219056 1.271267 0.429333
vt 0.5312500 0.9687500
vn -0.0314149 0.5723417 0.8194132
v -0.218117 1.273987 0.427468
vt 0.5312500 0.9687500
vn -0.0312529 0.5726696 0.8191904
f 3610/3610/3610 3611/3611/3611 3612/3612/3612
v -0.438111 1.303552 0.394031
vt 0.5312500 0.9687500
vn -0.0626915 0.5761490 0.8149368
v -0.439122 1.300614 0.396029
vt 0.5312500 0.9687500
vn -0.0628610 0.5757957 0.8151734
v -0.219561 1.269802 0.430337
vt 0.5312500 0.9687500
vn -0.0314745 0.5721585 0.8195389
f 3613/3613/3613 3614/3614/3614 3615/3615/3615
v -0.438111 1.303552 0.394031
vt 0.5312500 0.9687500
vn -0.0626803 0.5761516 0.8149358
v -0.219561 1.269802 0.430337
vt 0.5312500 0.9687500
vn -0.0314827 0.5721607 0.8195370
v -0.219056 1.271267 0.429333
vt 0.5312500 0.9687500
vn -0.0313750 0.5723335 0.8194205
f 3616/3616/3616 3617/3617/3617 3618/3618/3618
v -0.439122 1.300614 0.396029
vt 0.5312500 0.9687500
vn -0.0628653 0.5757968 0.8151723
v -0.443709 1.287279 0.405073
vt 0.5312500 0.9687500
vn -0.0634797 0.5741573 0.8162803
v -0.221855 1.263153 0.434885
vt 0.5312500 0.9687500
vn -0.0317995 0.5713433 0.8200949
f 3619/3619/3619 3620/3620/3620 3621/3621/3621
v -0.439122 1.300614 0.396029
vt 0.5312500 0.9687500
vn -0.0628476 0.5757922 0.8151770
v -0.221855 1.263153 0.434885
vt 0.5312500 0.9687500
vn -0.0317976 0.5713441 0.8200943
v -0.219561 1.269802 0.430337
vt 0.5312500 0.9687500
vn -0.0314672 0.5721583 0.8195394
f 3622/3622/3622 3623/3623/3623 3624/3624/3624
v -0.443709 1.287279 0.405073
vt 0.5312500 0.9687500
vn -0.0635023 0.5741605 0.8162764
v -0.443747 1.287169 0.405147
vt 0.5312500 0.9687500
vn -0.0635044 0.5741460 0.8162864
v -0.221874 1.263098 0.434923
vt 0.5312500 0.9687500
vn -0.0317917 0.5713373 0.8200994
f 3625/3625/3625 3626/3626/3626 3627/3627/3627
v -0.443709 1.287279 0.405073
vt 0.5312500 0.9687500
vn -0.0635040 0.5741593 0.8162772
v -0.221874 1.263098 0.434923
vt 0.5312500 0.9687500
vn -0.0318039 0.5713386 0.8200980
v -0.221855 1.263153 0.434885
vt 0.5312500 0.9687500
vn -0.0317881 0.5713415 0.8200967
f 3628/3628/3628 3629/3629/3629 3630/3630/3630
v -0.221874 1.263098 0.434923
vt 0.5312500 0.9687500
vn -0.0317926 0.5713392 0.8200980
v -0.218559 1.248893 0.444924
vt 0.5312500 0.9687500
vn -0.0313372 0.5695984 0.8213254
v -0.000000 1.234936 0.458744
vt 0.5312500 0.9687500
vn -0.0000097 0.5679372 0.8230720
f 3631/3631/3631 3632/3632/3632 3633/3633/3633
v -0.218559 1.248893 0.444924
vt 0.5312500 0.9687500
vn -0.0313375 0.5696003 0.8213241
v -0.218479 1.248549 0.445166
vt 0.5312500 0.9687500
vn -0.0313333 0.5695564 0.8213549
v -0.000000 1.234936 0.458744
vt 0.5312500 0.9687500
vn 0.0000073 0.5679333 0.8230746
f 3634/3634/3634 3635/3635/3635 3636/3636/3636
v -0.218479 1.248549 0.445166
vt 0.5312500 0.9687500
vn -0.0313049 0.5695615 0.8213525
v -0.217836 1.245793 0.447101
vt 0.5312500 0.9687500
vn -0.0312237 0.5692219 0.8215910
v -0.000000 1.234936 0.458744
vt 0.5312500 0.9687500
vn 0.0000204 0.5679302 0.8230768
f 3637/3637/3637 3638/3638/3638 3639/3639/3639
v -0.217836 1.245793 0.447101
vt 0.5312500 0.9687500
vn -0.0312363 0.5692201 0.8215917
v -0.213142 1.228868 0.458971
vt 0.5312500 0.9687500
vn -0.0305640 0.5671502 0.8230471
v -0.000000 1.234936 0.458744
vt 0.5312500 0.9687500
vn -0.0000234 0.5679411 0.8230692
f 3640/3640/3640 3641/3641/3641 3642/3642/3642
v -0.213142 1.228868 0.458971
vt 0.5312500 0.9687500
vn -0.0305471 0.5671542 0.8230450
v -0.213040 1.228499 0.459229
vt 0.5312500 0.9687500
vn -0.0305320 0.5671095 0.8230764
v -0.000000 1.234936 0.458744
vt 0.5312500 0.9687500
vn 0.0000031 0.5679337 0.8230744
f 3643/3643/3643 3644/3644/3644 3645/3645/3645
v -0.213040 1.228499 0.459229
vt 0.5312500 0.9687500
vn -0.0305313 0.5671079 0.8230774
v -0.207620 1.208915 0.472879
vt 0.5312500 0.9687500
vn -0.0297679 0.5647110 0.8247517
v -0.000000 1.234936 0.458744
vt 0.5312500 0.9687500
vn -0.0000244 0.5679354 0.8230731
f 3646/3646/3646 3647/3647/3647 3648/3648/3648
v -0.207620 1.208915 0.472879
vt 0.5312500 0.9687500
vn -0.0297511 0.5647157 0.8247489
v -0.207556 1.208684 0.473040
vt 0.5312500 0.9687500
vn -0.0297440 0.5646870 0.8247689
v -0.000000 1.234936 0.458744
vt 0.5312500 0.9687500
vn 0.0000090 0.5679346 0.8230736
f 3649/3649/3649 3650/3650/3650 3651/3651/3651
v -0.207556 1.208684 0.473040
vt 0.5312500 0.9687500
vn -0.0297537 0.5646843 0.8247705
v -0.206042 1.203206 0.476841
vt 0.5312500 0.9687500
vn -0.0295210 0.5640192 0.8252337
v -0.000000 1.234936 0.458744
vt 0.5312500 0.9687500
vn -0.0000024 0.5679348 0.8230735
f 3652/3652/3652 3653/3653/3653 3654/3654/3654
v -0.206042 1.203206 0.476841
vt 0.5312500 0.9687500
vn -0.0295110 0.5640197 0.8252338
v -0.202348 1.189824 0.486098
vt 0.5312500 0.9687500
vn -0.0290083 0.5623798 0.8263701
v -0.000000 1.234936 0.458744
vt 0.5312500 0.9687500
vn 0.0000159 0.5679380 0.8230714
f 3655/3655/3655 3656/3656/3656 3657/3657/3657
v -0.202348 1.189824 0.486098
vt 0.5312500 0.9687500
vn -0.0290269 0.5623752 0.8263726
v -0.202158 1.189138 0.486572
vt 0.5312500 0.9687500
vn -0.0289561 0.5623010 0.8264256
v -0.000000 1.234936 0.458744
vt 0.5312500 0.9687500
vn -0.0000163 0.5679310 0.8230762
f 3658/3658/3658 3659/3659/3659 3660/3660/3660
v -0.202158 1.189138 0.486572
vt 0.5312500 0.9687500
vn -0.0289774 0.5622953 0.8264285
v -0.197392 1.171844 0.498471
vt 0.5312500 0.9687500
vn -0.0282951 0.5601808 0.8278869
v -0.000000 1.234936 0.458744
vt 0.5312500 0.9687500
vn -0.0000094 0.5679322 0.8230752
f 3661/3661/3661 3662/3662/3662 3663/3663/3663
v -0.197392 1.171844 0.498471
vt 0.5312500 0.9687500
vn -0.0282906 0.5601819 0.8278864
v -0.196853 1.169887 0.499813
vt 0.5312500 0.9687500
vn -0.0282249 0.5599407 0.8280518
v -0.000000 1.234936 0.458744
vt 0.5312500 0.9687500
vn -0.0000107 0.5679300 0.8230769
f 3664/3664/3664 3665/3665/3665 3666/3666/3666
v -0.196853 1.169887 0.499813
vt 0.5312500 0.9687500
vn -0.0282167 0.5599425 0.8280510
v -0.192562 1.154287 0.510481
vt 0.5312500 0.9687500
vn -0.0275939 0.5580376 0.8293568
v -0.000000 1.234936 0.458744
vt 0.5312500 0.9687500
vn -0.0000232 0.5679235 0.8230815
f 3667/3667/3667 3668/3668/3668 3669/3669/3669
v -0.192562 1.154287 0.510481
vt 0.5312500 0.9687500
vn -0.0276209 0.5580308 0.8293605
v -0.191569 1.150670 0.512946
vt 0.5312500 0.9687500
vn -0.0274509 0.5575954 0.8296588
v -0.000000 1.234936 0.458744
vt 0.5312500 0.9687500
vn -0.0000137 0.5679271 0.8230788
f 3670/3670/3670 3671/3671/3671 3672/3672/3672
v -0.191569 1.150670 0.512946
vt 0.5312500 0.9687500
vn -0.0274539 0.5575944 0.8296595
v -0.190747 1.147678 0.514983
vt 0.5312500 0.9687500
vn -0.0273537 0.5572245 0.8299113
v -0.000000 1.234936 0.458744
vt 0.5312500 0.9687500
vn -0.0000069 0.5679311 0.8230761
f 3673/3673/3673 3674/3674/3674 3675/3675/3675
v -0.190747 1.147678 0.514983
vt 0.5312500 0.9687500
vn -0.0273457 0.5572248 0.8299113
v -0.183316 1.141419 0.519421
vt 0.5312500 0.9687500
vn -0.0262905 0.5564511 0.8304644
v -0.000000 1.234936 0.458744
vt 0.5312500 0.9687500
vn -0.0000148 0.5679328 0.8230749
f 3676/3676/3676 3677/3677/3677 3678/3678/3678
v -0.183316 1.141419 0.519421
vt 0.5312500 0.9687500
vn -0.0262592 0.5564784 0.8304471
v -0.183055 1.141199 0.519577
vt 0.5312500 0.9687500
vn -0.0262241 0.5564492 0.8304678
v -0.000000 1.234936 0.458744
vt 0.5312500 0.9687500
vn 0.0000060 0.5679369 0.8230721
f 3679/3679/3679 3680/3680/3680 3681/3681/3681
v -0.183055 1.141199 0.519577
vt 0.5312500 0.9687500
vn -0.0262317 0.5564504 0.8304667
v -0.173477 1.137525 0.522332
vt 0.5312500 0.9687500
vn -0.0248749 0.5559741 0.8308275
v -0.000000 1.234936 0.458744
vt 0.5312500 0.9687500
vn -0.0000221 0.5679367 0.8230723
f 3682/3682/3682 3683/3683/3683 3684/3684/3684
v -0.173477 1.137525 0.522332
vt 0.5312500 0.9687500
vn -0.0248733 0.5559788 0.8308243
v -0.170525 1.136391 0.523178
vt 0.5312500 0.9687500
vn -0.0244421 0.5558568 0.8309186
v -0.000000 1.234936 0.458744
vt 0.5312500 0.9687500
vn -0.0000168 0.5679358 0.8230729
f 3685/3685/3685 3686/3686/3686 3687/3687/3687
v -0.170525 1.136391 0.523178
vt 0.5312500 0.9687500
vn -0.0244452 0.5558725 0.8309082
v -0.165920 1.136454 0.523270
vt 0.5312500 0.9687500
vn -0.0237847 0.5558814 0.8309214
v -0.000000 1.234936 0.458744
vt 0.5312500 0.9687500
vn 0.0000115 0.5679319 0.8230755
f 3688/3688/3688 3689/3689/3689 3690/3690/3690
v -0.165920 1.136454 0.523270
vt 0.5312500 0.9687500
vn -0.0237876 0.5558528 0.8309404
v -0.151890 1.136635 0.523533
vt 0.5312500 0.9687500
vn -0.0217756 0.5558789 0.8309780
v -0.000000 1.234936 0.458744
vt 0.5312500 0.9687500
vn 0.0000089 0.5679303 0.8230767
f 3691/3691/3691 3692/3692/3692 3693/3693/3693
v -0.151890 1.136635 0.523533
vt 0.5312500 0.9687500
vn -0.0217743 0.5559010 0.8309634
v -0.143090 1.136740 0.523687
vt 0.5312500 0.9687500
vn -0.0205150 0.5559154 0.8309857
v -0.000000 1.234936 0.458744
vt 0.5312500 0.9687500
vn -0.0000211 0.5679411 0.8230692
f 3694/3694/3694 3695/3695/3695 3696/3696/3696
v -0.143090 1.136740 0.523687
vt 0.5312500 0.9687500
vn -0.0205138 0.5558928 0.8310009
v -0.130312 1.136882 0.523893
vt 0.5312500 0.9687500
vn -0.0186816 0.5559134 0.8310302
v -0.000000 1.234936 0.458744
vt 0.5312500 0.9687500
vn -0.0000027 0.5679368 0.8230721
f 3697/3697/3697 3698/3698/3698 3699/3699/3699
v -0.130312 1.136882 0.523893
vt 0.5312500 0.9687500
vn -0.0186808 0.5559356 0.8310155
v -0.120487 1.136982 0.524039
vt 0.5312500 0.9687500
vn -0.0172759 0.5559499 0.8310363
v -0.000000 1.234936 0.458744
vt 0.5312500 0.9687500
vn -0.0000148 0.5679374 0.8230717
f 3700/3700/3700 3701/3701/3701 3702/3702/3702
v -0.120487 1.136982 0.524039
vt 0.5312500 0.9687500
vn -0.0172741 0.5559389 0.8310437
v -0.108668 1.137092 0.524199
vt 0.5312500 0.9687500
vn -0.0155810 0.5559546 0.8310667
v -0.000000 1.234936 0.458744
vt 0.5312500 0.9687500
vn -0.0000038 0.5679353 0.8230733
f 3703/3703/3703 3704/3704/3704 3705/3705/3705
v -0.108668 1.137092 0.524199
vt 0.5312500 0.9687500
vn -0.0155804 0.5559479 0.8310711
v -0.097931 1.137182 0.524330
vt 0.5312500 0.9687500
vn -0.0140415 0.5559614 0.8310895
v -0.000000 1.234936 0.458744
vt 0.5312500 0.9687500
vn -0.0000230 0.5679344 0.8230738
f 3706/3706/3706 3707/3707/3707 3708/3708/3708
v -0.097931 1.137182 0.524330
vt 0.5312500 0.9687500
vn -0.0140415 0.5559618 0.8310893
v -0.087004 1.137264 0.524449
vt 0.5312500 0.9687500
vn -0.0124745 0.5559730 0.8311068
v -0.000000 1.234936 0.458744
vt 0.5312500 0.9687500
vn 0.0000167 0.5679360 0.8230728
f 3709/3709/3709 3710/3710/3710 3711/3711/3711
v -0.087004 1.137264 0.524449
vt 0.5312500 0.9687500
vn -0.0124749 0.5559825 0.8311003
v -0.075423 1.137341 0.524560
vt 0.5312500 0.9687500
vn -0.0108163 0.5559940 0.8311158
v -0.000000 1.234936 0.458744
vt 0.5312500 0.9687500
vn -0.0000052 0.5679330 0.8230747
f 3712/3712/3712 3713/3713/3713 3714/3714/3714
v -0.075423 1.137341 0.524560
vt 0.5312500 0.9687500
vn -0.0108126 0.5560024 0.8311104
v -0.065305 1.137398 0.524645
vt 0.5312500 0.9687500
vn -0.0093658 0.5560107 0.8311224
v -0.000000 1.234936 0.458744
vt 0.5312500 0.9687500
vn 0.0000006 0.5679347 0.8230737
f 3715/3715/3715 3716/3716/3716 3717/3717/3717
v -0.065305 1.137398 0.524645
vt 0.5312500 0.9687500
vn -0.0093635 0.5559995 0.8311300
v -0.053152 1.137457 0.524730
vt 0.5312500 0.9687500
vn -0.0076228 0.5560080 0.8311421
v -0.000000 1.234936 0.458744
vt 0.5312500 0.9687500
vn -0.0000251 0.5679231 0.8230817
f 3718/3718/3718 3719/3719/3719 3720/3720/3720
v -0.053152 1.137457 0.524730
vt 0.5312500 0.9687500
vn -0.0076206 0.5560154 0.8311370
v -0.043557 1.137494 0.524785
vt 0.5312500 0.9687500
vn -0.0062472 0.5560205 0.8311450
v -0.000000 1.234936 0.458744
vt 0.5312500 0.9687500
vn 0.0000218 0.5679498 0.8230631
f 3721/3721/3721 3722/3722/3722 3723/3723/3723
v -0.043557 1.137494 0.524785
vt 0.5312500 0.9687500
vn -0.0062482 0.5559883 0.8311666
v -0.031022 1.137532 0.524840
vt 0.5312500 0.9687500
vn -0.0044462 0.5559937 0.8311746
v -0.000000 1.234936 0.458744
vt 0.5312500 0.9687500
vn 0.0000115 0.5679458 0.8230658
f 3724/3724/3724 3725/3725/3725 3726/3726/3726
v -0.031022 1.137532 0.524840
vt 0.5312500 0.9687500
vn -0.0044473 0.5560248 0.8311538
v -0.021785 1.137552 0.524869
vt 0.5312500 0.9687500
vn -0.0031253 0.5560271 0.8311583
v -0.000000 1.234936 0.458744
vt 0.5312500 0.9687500
vn -0.0000070 0.5679243 0.8230808
f 3727/3727/3727 3728/3728/3728 3729/3729/3729
v -0.021785 1.137552 0.524869
vt 0.5312500 0.9687500
vn -0.0031241 0.5560132 0.8311677
v -0.008917 1.137568 0.524892
vt 0.5312500 0.9687500
vn -0.0012786 0.5560159 0.8311707
v -0.000000 1.234936 0.458744
vt 0.5312500 0.9687500
vn -0.0000114 0.5679057 0.8230938
f 3730/3730/3730 3731/3731/3731 3732/3732/3732
v -0.008917 1.137568 0.524892
vt 0.5312500 0.9687500
vn -0.0012791 0.5560122 0.8311732
v -0.000000 1.137571 0.524897
vt 0.5312500 0.9687500
vn 0.0000002 0.5560126 0.8311740
v -0.000000 1.234936 0.458744
vt 0.5312500 0.9687500
vn 0.0000008 0.5679406 0.8230696
f 3733/3733/3733 3734/3734/3734 3735/3735/3735
v -0.000000 1.137571 0.524897
vt 0.5312500 0.9687500
vn -0.0000002 0.5560122 0.8311743
v 0.008916 1.137568 0.524892
vt 0.5312500 0.9687500
vn 0.0012791 0.5560118 0.8311735
v -0.000000 1.234936 0.458744
vt 0.5312500 0.9687500
vn -0.0000008 0.5679402 0.8230700
f 3736/3736/3736 3737/3737/3737 3738/3738/3738
v 0.008916 1.137568 0.524892
vt 0.5312500 0.9687500
vn 0.0012786 0.5560148 0.8311715
v 0.021785 1.137552 0.524869
vt 0.5312500 0.9687500
vn 0.0031241 0.5560122 0.8311684
v -0.000000 1.234936 0.458744
vt 0.5312500 0.9687500
vn 0.0000114 0.5679046 0.8230944
f 3739/3739/3739 3740/3740/3740 3741/3741/3741
v 0.021785 1.137552 0.524869
vt 0.5312500 0.9687500
vn 0.0031253 0.5560286 0.8311573
v 0.031022 1.137532 0.524840
vt 0.5312500 0.9687500
vn 0.0044474 0.5560263 0.8311527
v -0.000000 1.234936 0.458744
vt 0.5312500 0.9687500
vn 0.0000057 0.5679252 0.8230802
f 3742/3742/3742 3743/3743/3743 3744/3744/3744
v 0.031022 1.137532 0.524840
vt 0.5312500 0.9687500
vn 0.0044461 0.5559937 0.8311746
v 0.043556 1.137494 0.524785
vt 0.5312500 0.9687500
vn 0.0062482 0.5559883 0.8311666
v -0.000000 1.234936 0.458744
vt 0.5312500 0.9687500
vn -0.0000115 0.5679458 0.8230659
f 3745/3745/3745 3746/3746/3746 3747/3747/3747
v 0.043556 1.137494 0.524785
vt 0.5312500 0.9687500
vn 0.0062472 0.5560175 0.8311473
v 0.053152 1.137457 0.524730
vt 0.5312500 0.9687500
vn 0.0076206 0.5560123 0.8311392
v -0.000000 1.234936 0.458744
vt 0.5312500 0.9687500
vn 0.0000172 0.5679236 0.8230813
f 3748/3748/3748 3749/3749/3749 3750/3750/3750
v 0.053152 1.137457 0.524730
vt 0.5312500 0.9687500
vn 0.0076185 0.5559782 0.8311619
v 0.065305 1.137398 0.524645
vt 0.5312500 0.9687500
vn 0.0093666 0.5559695 0.8311498
v -0.000000 1.234936 0.458744
vt 0.5312500 0.9687500
vn -0.0000217 0.5679451 0.8230663
f 3751/3751/3751 3752/3752/3752 3753/3753/3753
v 0.065305 1.137398 0.524645
vt 0.5312500 0.9687500
vn 0.0093644 0.5560051 0.8311261
v 0.075423 1.137341 0.524560
vt 0.5312500 0.9687500
vn 0.0108141 0.5559968 0.8311140
v -0.000000 1.234936 0.458744
vt 0.5312500 0.9687500
vn 0.0000017 0.5679338 0.8230742
f 3754/3754/3754 3755/3755/3755 3756/3756/3756
v 0.075423 1.137341 0.524560
vt 0.5312500 0.9687500
vn 0.0108164 0.5559980 0.8311132
v 0.087004 1.137264 0.524449
vt 0.5312500 0.9687500
vn 0.0124732 0.5559863 0.8310978
v -0.000000 1.234936 0.458744
vt 0.5312500 0.9687500
vn 0.0000041 0.5679334 0.8230745
f 3757/3757/3757 3758/3758/3758 3759/3759/3759
v 0.087004 1.137264 0.524449
vt 0.5312500 0.9687500
vn 0.0124744 0.5559685 0.8311098
v 0.097930 1.137182 0.524330
vt 0.5312500 0.9687500
vn 0.0140414 0.5559574 0.8310922
v -0.000000 1.234936 0.458744
vt 0.5312500 0.9687500
vn -0.0000157 0.5679377 0.8230714
f 3760/3760/3760 3761/3761/3761 3762/3762/3762
v 0.097930 1.137182 0.524330
vt 0.5312500 0.9687500
vn 0.0140418 0.5559716 0.8310827
v 0.108668 1.137092 0.524199
vt 0.5312500 0.9687500
vn 0.0155807 0.5559582 0.8310643
v -0.000000 1.234936 0.458744
vt 0.5312500 0.9687500
vn 0.0000225 0.5679328 0.8230749
f 3763/3763/3763 3764/3764/3764 3765/3765/3765
v 0.108668 1.137092 0.524199
vt 0.5312500 0.9687500
vn 0.0155807 0.5559445 0.8310735
v 0.120487 1.136982 0.524039
vt 0.5312500 0.9687500
vn 0.0172763 0.5559289 0.8310505
v -0.000000 1.234936 0.458744
vt 0.5312500 0.9687500
vn 0.0000030 0.5679356 0.8230731
f 3766/3766/3766 3767/3767/3767 3768/3768/3768
v 0.120487 1.136982 0.524039
vt 0.5312500 0.9687500
vn 0.0172752 0.5559249 0.8310531
v 0.130312 1.136882 0.523893
vt 0.5312500 0.9687500
vn 0.0186829 0.5559107 0.8310322
v -0.000000 1.234936 0.458744
vt 0.5312500 0.9687500
vn 0.0000106 0.5679353 0.8230733
f 3769/3769/3769 3770/3770/3770 3771/3771/3771
v 0.130312 1.136882 0.523893
vt 0.5312500 0.9687500
vn 0.0186819 0.5559216 0.8310246
v 0.143089 1.136740 0.523687
vt 0.5312500 0.9687500
vn 0.0205141 0.5559009 0.8309953
v -0.000000 1.234936 0.458744
vt 0.5312500 0.9687500
vn 0.0000053 0.5679356 0.8230729
f 3772/3772/3772 3773/3773/3773 3774/3774/3774
v 0.143089 1.136740 0.523687
vt 0.5312500 0.9687500
vn 0.0205150 0.5559172 0.8309845
v 0.151889 1.136635 0.523533
vt 0.5312500 0.9687500
vn 0.0217743 0.5559028 0.8309621
v -0.000000 1.234936 0.458744
vt 0.5312500 0.9687500
vn 0.0000221 0.5679396 0.8230702
f 3775/3775/3775 3776/3776/3776 3777/3777/3777
v 0.151889 1.136635 0.523533
vt 0.5312500 0.9687500
vn 0.0217756 0.5558792 0.8309778
v 0.165920 1.136454 0.523270
vt 0.5312500 0.9687500
vn 0.0237876 0.5558531 0.8309401
v -0.000000 1.234936 0.458744
vt 0.5312500 0.9687500
vn -0.0000089 0.5679308 0.8230764
f 3778/3778/3778 3779/3779/3779 3780/3780/3780
v 0.165920 1.136454 0.523270
vt 0.5312500 0.9687500
vn 0.0237852 0.5558655 0.8309318
v 0.170525 1.136391 0.523178
vt 0.5312500 0.9687500
vn 0.0244470 0.5558566 0.8309186
v -0.000000 1.234936 0.458744
vt 0.5312500 0.9687500
vn 0.0000008 0.5679330 0.8230746
f 3781/3781/3781 3782/3782/3782 3783/3783/3783
v 0.170525 1.136391 0.523178
vt 0.5312500 0.9687500
vn 0.0244495 0.5558416 0.8309286
v 0.173476 1.137525 0.522332
vt 0.5312500 0.9687500
vn 0.0248622 0.5560002 0.8308102
v -0.000000 1.234936 0.458744
vt 0.5312500 0.9687500
vn 0.0000182 0.5679365 0.8230725
f 3784/3784/3784 3785/3785/3785 3786/3786/3786
v 0.173476 1.137525 0.522332
vt 0.5312500 0.9687500
vn 0.0248581 0.5560110 0.8308032
v 0.183055 1.141199 0.519577
vt 0.5312500 0.9687500
vn 0.0262317 0.5564498 0.8304672
v -0.000000 1.234936 0.458744
vt 0.5312500 0.9687500
vn 0.0000221 0.5679361 0.8230728
f 3787/3787/3787 3788/3788/3788 3789/3789/3789
v 0.183055 1.141199 0.519577
vt 0.5312500 0.9687500
vn 0.0262288 0.5564449 0.8304705
v 0.183315 1.141419 0.519421
vt 0.5312500 0.9687500
vn 0.0262643 0.5564744 0.8304495
v -0.000000 1.234936 0.458744
vt 0.5312500 0.9687500
vn -0.0000042 0.5679358 0.8230729
f 3790/3790/3790 3791/3791/3791 3792/3792/3792
v 0.183315 1.141419 0.519421
vt 0.5312500 0.9687500
vn 0.0262949 0.5564484 0.8304660
v 0.190747 1.147678 0.514983
vt 0.5312500 0.9687500
vn 0.0273487 0.5572215 0.8299134
v -0.000000 1.234936 0.458744
vt 0.5312500 0.9687500
vn 0.0000157 0.5679316 0.8230757
f 3793/3793/3793 3794/3794/3794 3795/3795/3795
v 0.190747 1.147678 0.514983
vt 0.5312500 0.9687500
vn 0.0273495 0.5572255 0.8299108
v 0.191568 1.150670 0.512946
vt 0.5312500 0.9687500
vn 0.0274500 0.5575935 0.8296602
v -0.000000 1.234936 0.458744
vt 0.5312500 0.9687500
vn -0.0000031 0.5679358 0.8230729
f 3796/3796/3796 3797/3797/3797 3798/3798/3798
v 0.191568 1.150670 0.512946
vt 0.5312500 0.9687500
vn 0.0274503 0.5575942 0.8296596
v 0.192562 1.154287 0.510481
vt 0.5312500 0.9687500
vn 0.0276209 0.5580314 0.8293599
v -0.000000 1.234936 0.458744
vt 0.5312500 0.9687500
vn 0.0000137 0.5679278 0.8230783
f 3799/3799/3799 3800/3800/3800 3801/3801/3801
v 0.192562 1.154287 0.510481
vt 0.5312500 0.9687500
vn 0.0275952 0.5580370 0.8293571
v 0.196853 1.169887 0.499813
vt 0.5312500 0.9687500
vn 0.0282184 0.5599421 0.8280511
v -0.000000 1.234936 0.458744
vt 0.5312500 0.9687500
vn -0.0000169 0.5679436 0.8230674
f 3802/3802/3802 3803/3803/3803 3804/3804/3804
v 0.196853 1.169887 0.499813
vt 0.5312500 0.9687500
vn 0.0282266 0.5599393 0.8280527
v 0.197392 1.171844 0.498471
vt 0.5312500 0.9687500
vn 0.0282924 0.5601818 0.8278865
v -0.000000 1.234936 0.458744
vt 0.5312500 0.9687500
vn 0.0000151 0.5679292 0.8230774
f 3805/3805/3805 3806/3806/3806 3807/3807/3807
v 0.197392 1.171844 0.498471
vt 0.5312500 0.9687500
vn 0.0282949 0.5601814 0.8278866
v 0.202158 1.189138 0.486572
vt 0.5312500 0.9687500
vn 0.0289764 0.5622959 0.8264282
v -0.000000 1.234936 0.458744
vt 0.5312500 0.9687500
vn 0.0000087 0.5679315 0.8230758
f 3808/3808/3808 3809/3809/3809 3810/3810/3810
v 0.202158 1.189138 0.486572
vt 0.5312500 0.9687500
vn 0.0289621 0.5622986 0.8264270
v 0.202348 1.189824 0.486098
vt 0.5312500 0.9687500
vn 0.0289868 0.5623828 0.8263688
v -0.000000 1.234936 0.458744
vt 0.5312500 0.9687500
vn 0.0000241 0.5679315 0.8230758
f 3811/3811/3811 3812/3812/3812 3813/3813/3813
v 0.202348 1.189824 0.486098
vt 0.5312500 0.9687500
vn 0.0290072 0.5623794 0.8263704
v 0.206043 1.203207 0.476840
vt 0.5312500 0.9687500
vn 0.0295111 0.5640191 0.8252342
v -0.000000 1.234936 0.458744
vt 0.5312500 0.9687500
vn -0.0000158 0.5679374 0.8230718
f 3814/3814/3814 3815/3815/3815 3816/3816/3816
v 0.206043 1.203207 0.476840
vt 0.5312500 0.9687500
vn 0.0295247 0.5640171 0.8252349
v 0.207556 1.208684 0.473040
vt 0.5312500 0.9687500
vn 0.0297568 0.5646846 0.8247700
v -0.000000 1.234936 0.458744
vt 0.5312500 0.9687500
vn 0.0000028 0.5679358 0.8230728
f 3817/3817/3817 3818/3818/3818 3819/3819/3819
v 0.207556 1.208684 0.473040
vt 0.5312500 0.9687500
vn 0.0297729 0.5646800 0.8247727
v 0.207620 1.208915 0.472879
vt 0.5312500 0.9687500
vn 0.0297378 0.5647191 0.8247472
v -0.000000 1.234936 0.458744
vt 0.5312500 0.9687500
vn -0.0000200 0.5679348 0.8230736
f 3820/3820/3820 3821/3821/3821 3822/3822/3822
v 0.207620 1.208915 0.472879
vt 0.5312500 0.9687500
vn 0.0297691 0.5647106 0.8247520
v 0.213040 1.228499 0.459229
vt 0.5312500 0.9687500
vn 0.0305317 0.5671078 0.8230776
v -0.000000 1.234936 0.458744
vt 0.5312500 0.9687500
vn 0.0000238 0.5679363 0.8230726
f 3823/3823/3823 3824/3824/3824 3825/3825/3825
v 0.213040 1.228499 0.459229
vt 0.5312500 0.9687500
vn 0.0305485 0.5671046 0.8230791
v 0.213142 1.228868 0.458971
vt 0.5312500 0.9687500
vn 0.0305637 0.5671512 0.8230464
v -0.000000 1.234936 0.458744
vt 0.5312500 0.9687500
vn 0.0000151 0.5679376 0.8230717
f 3826/3826/3826 3827/3827/3827 3828/3828/3828
v 0.213142 1.228868 0.458971
vt 0.5312500 0.9687500
vn 0.0305623 0.5671497 0.8230475
v 0.217836 1.245793 0.447101
vt 0.5312500 0.9687500
vn 0.0312356 0.5692211 0.8215910
v -0.000000 1.234936 0.458744
vt 0.5312500 0.9687500
vn -0.0000216 0.5679290 0.8230776
f 3829/3829/3829 3830/3830/3830 3831/3831/3831
v 0.217836 1.245793 0.447101
vt 0.5312500 0.9687500
vn 0.0312361 0.5692191 0.8215924
v 0.218478 1.248549 0.445166
vt 0.5312500 0.9687500
vn 0.0313155 0.5695581 0.8213544
v -0.000000 1.234936 0.458744
vt 0.5312500 0.9687500
vn 0.0000097 0.5679386 0.8230711
f 3832/3832/3832 3833/3833/3833 3834/3834/3834
v 0.218478 1.248549 0.445166
vt 0.5312500 0.9687500
vn 0.0313084 0.5695602 0.8213533
v 0.218558 1.248893 0.444924
vt 0.5312500 0.9687500
vn 0.0313206 0.5696021 0.8213236
v -0.000000 1.234936 0.458744
vt 0.5312500 0.9687500
vn -0.0000134 0.5679318 0.8230757
f 3835/3835/3835 3836/3836/3836 3837/3837/3837
v 0.218558 1.248893 0.444924
vt 0.5312500 0.9687500
vn 0.0313364 0.5695979 0.8213259
v 0.221873 1.263098 0.434923
vt 0.5312500 0.9687500
vn 0.0317920 0.5713383 0.8200987
v -0.000000 1.234936 0.458744
vt 0.5312500 0.9687500
vn 0.0000094 0.5679384 0.8230711
f 3838/3838/3838 3839/3839/3839 3840/3840/3840
v 0.221873 1.263098 0.434923
vt 0.5312500 0.9687500
vn 0.0318061 0.5713379 0.8200985
v 0.221854 1.263153 0.434885
vt 0.5312500 0.9687500
vn 0.0318058 0.5713452 0.8200934
v -0.000000 1.234936 0.458744
vt 0.5312500 0.9687500
vn -0.0000099 0.5679332 0.8230747
f 3841/3841/3841 3842/3842/3842 3843/3843/3843
v 0.221854 1.263153 0.434885
vt 0.5312500 0.9687500
vn 0.0317989 0.5713446 0.8200939
v 0.219561 1.269802 0.430337
vt 0.5312500 0.9687500
vn 0.0314676 0.5721580 0.8195395
v -0.000000 1.234936 0.458744
vt 0.5312500 0.9687500
vn -0.0000102 0.5679352 0.8230733
f 3844/3844/3844 3845/3845/3845 3846/3846/3846
v 0.219561 1.269802 0.430337
vt 0.5312500 0.9687500
vn 0.0314853 0.5721624 0.8195357
v 0.219055 1.271267 0.429333
vt 0.5312500 0.9687500
vn 0.0313781 0.5723342 0.8194199
v -0.000000 1.234936 0.458744
vt 0.5312500 0.9687500
vn -0.0000145 0.5679342 0.8230740
f 3847/3847/3847 3848/3848/3848 3849/3849/3849
v 0.219055 1.271267 0.429333
vt 0.5312500 0.9687500
vn 0.0313856 0.5723348 0.8194190
v 0.218117 1.273987 0.427468
vt 0.5312500 0.9687500
vn 0.0312684 0.5726717 0.8191881
v -0.000000 1.234936 0.458744
vt 0.5312500 0.9687500
vn -0.0000002 0.5679336 0.8230743
f 3850/3850/3850 3851/3851/3851 3852/3852/3852
v 0.218117 1.273987 0.427468
vt 0.5312500 0.9687500
vn 0.0312763 0.5726814 0.8191812
v 0.214517 1.276953 0.425530
vt 0.5312500 0.9687500
vn 0.0307640 0.5730485 0.8189437
v -0.000000 1.234936 0.458744
vt 0.5312500 0.9687500
vn 0.0000141 0.5679318 0.8230757
f 3853/3853/3853 3854/3854/3854 3855/3855/3855
v 0.214517 1.276953 0.425530
vt 0.5312500 0.9687500
vn 0.0307435 0.5730320 0.8189563
v 0.207813 1.282471 0.421913
vt 0.5312500 0.9687500
vn 0.0297849 0.5737122 0.8185153
v -0.000000 1.234936 0.458744
vt 0.5312500 0.9687500
vn 0.0000065 0.5679335 0.8230746
f 3856/3856/3856 3857/3857/3857 3858/3858/3858
v 0.207813 1.282471 0.421913
vt 0.5312500 0.9687500
vn 0.0297904 0.5737301 0.8185025
v 0.203154 1.283058 0.421669
vt 0.5312500 0.9687500
vn 0.0291180 0.5737754 0.8184949
v -0.000000 1.234936 0.458744
vt 0.5312500 0.9687500
vn -0.0000127 0.5679507 0.8230625
f 3859/3859/3859 3860/3860/3860 3861/3861/3861
v 0.203154 1.283058 0.421669
vt 0.5312500 0.9687500
vn 0.0291145 0.5737703 0.8184986
v 0.181712 1.285737 0.420514
vt 0.5312500 0.9687500
vn 0.0260480 0.5741135 0.8183613
v -0.000000 1.234936 0.458744
vt 0.5312500 0.9687500
vn 0.0000069 0.5679268 0.8230791
f 3862/3862/3862 3863/3863/3863 3864/3864/3864
v 0.181712 1.285737 0.420514
vt 0.5312500 0.9687500
vn 0.0260457 0.5741023 0.8183692
v 0.178970 1.286076 0.420362
vt 0.5312500 0.9687500
vn 0.0256537 0.5741511 0.8183473
v -0.000000 1.234936 0.458744
vt 0.5312500 0.9687500
vn 0.0000035 0.5679318 0.8230755
f 3865/3865/3865 3866/3866/3866 3867/3867/3867
v 0.178970 1.286076 0.420362
vt 0.5312500 0.9687500
vn 0.0256601 0.5741815 0.8183258
v 0.175673 1.286484 0.420178
vt 0.5312500 0.9687500
vn 0.0251801 0.5742015 0.8183266
v -0.000000 1.234936 0.458744
vt 0.5312500 0.9687500
vn -0.0000022 0.5679337 0.8230743
f 3868/3868/3868 3869/3869/3869 3870/3870/3870
v 0.175673 1.286484 0.420178
vt 0.5312500 0.9687500
vn 0.0251808 0.5742170 0.8183159
v 0.171718 1.286760 0.420105
vt 0.5312500 0.9687500
vn 0.0246158 0.5742559 0.8183057
v -0.000000 1.234936 0.458744
vt 0.5312500 0.9687500
vn 0.0000046 0.5679292 0.8230775
f 3871/3871/3871 3872/3872/3872 3873/3873/3873
v 0.171718 1.286760 0.420105
vt 0.5312500 0.9687500
vn 0.0246162 0.5742537 0.8183072
v 0.154033 1.287978 0.419755
vt 0.5312500 0.9687500
vn 0.0220821 0.5743887 0.8182847
v -0.000000 1.234936 0.458744
vt 0.5312500 0.9687500
vn -0.0000109 0.5679428 0.8230680
f 3874/3874/3874 3875/3875/3875 3876/3876/3876
v 0.154033 1.287978 0.419755
vt 0.5312500 0.9687500
vn 0.0220829 0.5743985 0.8182779
v 0.131608 1.289485 0.419258
vt 0.5312500 0.9687500
vn 0.0188694 0.5746143 0.8182068
v -0.000000 1.234936 0.458744
vt 0.5312500 0.9687500
vn 0.0000052 0.5679306 0.8230764
f 3877/3877/3877 3878/3878/3878 3879/3879/3879
v 0.131608 1.289485 0.419258
vt 0.5312500 0.9687500
vn 0.0188666 0.5745790 0.8182318
v 0.128921 1.289663 0.419195
vt 0.5312500 0.9687500
vn 0.0184827 0.5746045 0.8182226
v -0.000000 1.234936 0.458744
vt 0.5312500 0.9687500
vn -0.0000154 0.5679430 0.8230681
f 3880/3880/3880 3881/3881/3881 3882/3882/3882
v 0.128921 1.289663 0.419195
vt 0.5312500 0.9687500
vn 0.0184837 0.5746325 0.8182027
v 0.126508 1.289822 0.419137
vt 0.5312500 0.9687500
vn 0.0181404 0.5746555 0.8181943
v -0.000000 1.234936 0.458744
vt 0.5312500 0.9687500
vn -0.0000197 0.5679438 0.8230674
f 3883/3883/3883 3884/3884/3884 3885/3885/3885
v 0.126508 1.289822 0.419137
vt 0.5312500 0.9687500
vn 0.0181394 0.5746499 0.8181983
v 0.103449 1.291319 0.418549
vt 0.5312500 0.9687500
vn 0.0148321 0.5748253 0.8181418
v -0.000000 1.234936 0.458744
vt 0.5312500 0.9687500
vn -0.0000063 0.5679388 0.8230708
f 3886/3886/3886 3887/3887/3887 3888/3888/3888
v 0.103449 1.291319 0.418549
vt 0.5312500 0.9687500
vn 0.0148338 0.5748259 0.8181413
v 0.099502 1.291572 0.418443
vt 0.5312500 0.9687500
vn 0.0142664 0.5748614 0.8181264
v -0.000000 1.234936 0.458744
vt 0.5312500 0.9687500
vn -0.0000080 0.5679361 0.8230726
f 3889/3889/3889 3890/3890/3890 3891/3891/3891
v 0.099502 1.291572 0.418443
vt 0.5312500 0.9687500
vn 0.0142676 0.5748600 0.8181275
v 0.085156 1.292477 0.418039
vt 0.5312500 0.9687500
vn 0.0122101 0.5749510 0.8180968
v -0.000000 1.234936 0.458744
vt 0.5312500 0.9687500
vn 0.0000184 0.5679303 0.8230767
f 3892/3892/3892 3893/3893/3893 3894/3894/3894
v 0.085156 1.292477 0.418039
vt 0.5312500 0.9687500
vn 0.0122106 0.5749797 0.8180767
v 0.077750 1.292664 0.418013
vt 0.5312500 0.9687500
vn 0.0111475 0.5750060 0.8180733
v -0.000000 1.234936 0.458744
vt 0.5312500 0.9687500
vn -0.0000129 0.5679361 0.8230728
f 3895/3895/3895 3896/3896/3896 3897/3897/3897
v 0.077750 1.292664 0.418013
vt 0.5312500 0.9687500
vn 0.0111472 0.5749879 0.8180860
v 0.070855 1.292834 0.417983
vt 0.5312500 0.9687500
vn 0.0101597 0.5750126 0.8180814
v -0.000000 1.234936 0.458744
vt 0.5312500 0.9687500
vn 0.0000286 0.5679333 0.8230746
f 3898/3898/3898 3899/3899/3899 3900/3900/3900
v 0.070855 1.292834 0.417983
vt 0.5312500 0.9687500
vn 0.0101650 0.5750360 0.8180650
v 0.051885 1.293282 0.417872
vt 0.5312500 0.9687500
vn 0.0074423 0.5750613 0.8180763
v -0.000000 1.234936 0.458744
vt 0.5312500 0.9687500
vn -0.0000202 0.5679336 0.8230743
f 3901/3901/3901 3902/3902/3902 3903/3903/3903
v 0.051885 1.293282 0.417872
vt 0.5312500 0.9687500
vn 0.0074408 0.5750768 0.8180657
v 0.043271 1.293475 0.417808
vt 0.5312500 0.9687500
vn 0.0062043 0.5751042 0.8180568
v -0.000000 1.234936 0.458744
vt 0.5312500 0.9687500
vn -0.0000164 0.5679300 0.8230768
f 3904/3904/3904 3905/3905/3905 3906/3906/3906
v 0.043271 1.293475 0.417808
vt 0.5312500 0.9687500
vn 0.0062091 0.5751133 0.8180501
v 0.025969 1.293846 0.417652
vt 0.5312500 0.9687500
vn 0.0037189 0.5751655 0.8180286
v -0.000000 1.234936 0.458744
vt 0.5312500 0.9687500
vn -0.0000193 0.5679237 0.8230811
f 3907/3907/3907 3908/3908/3908 3909/3909/3909
v 0.025969 1.293846 0.417652
vt 0.5312500 0.9687500
vn 0.0037245 0.5751465 0.8180418
v 0.015610 1.294057 0.417542
vt 0.5312500 0.9687500
vn 0.0022373 0.5751785 0.8180247
v -0.000000 1.234936 0.458744
vt 0.5312500 0.9687500
vn 0.0000035 0.5679389 0.8230706
f 3910/3910/3910 3911/3911/3911 3912/3912/3912
v 0.015610 1.294057 0.417542
vt 0.5312500 0.9687500
vn 0.0022382 0.5751697 0.8180311
v -0.000000 1.294357 0.417352
vt 0.5312500 0.9687500
vn -0.0000014 0.5752127 0.8180039
v -0.000000 1.234936 0.458744
vt 0.5312500 0.9687500
vn 0.0000091 0.5679672 0.8230513
f 3913/3913/3913 3914/3914/3914 3915/3915/3915
v -0.000000 1.294357 0.417352
vt 0.5312500 0.9687500
vn -0.0000002 0.5752298 0.8179919
v -0.000000 1.294357 0.417352
vt 0.5312500 0.9687500
vn 0.0000002 0.5752298 0.8179919
v -0.000000 1.234936 0.458744
vt 0.5312500 0.9687500
vn 0.0000004 0.5679528 0.8230612
f 3916/3916/3916 3917/3917/3917 3918/3918/3918
v -0.000000 1.294357 0.417352
vt 0.5312500 0.9687500
vn 0.0000013 0.5752133 0.8180035
v -0.015599 1.294057 0.417542
vt 0.5312500 0.9687500
vn -0.0022373 0.5751721 0.8180293
v -0.000000 1.234936 0.458744
vt 0.5312500 0.9687500
vn 0.0000014 0.5679308 0.8230763
f 3919/3919/3919 3920/3920/3920 3921/3921/3921
v -0.015599 1.294057 0.417542
vt 0.5312500 0.9687500
vn -0.0022357 0.5751780 0.8180252
v -0.025959 1.293846 0.417652
vt 0.5312500 0.9687500
vn -0.0037228 0.5751464 0.8180420
v -0.000000 1.234936 0.458744
vt 0.5312500 0.9687500
vn -0.0000032 0.5679387 0.8230709
f 3922/3922/3922 3923/3923/3923 3924/3924/3924
v -0.025959 1.293846 0.417652
vt 0.5312500 0.9687500
vn -0.0037178 0.5751646 0.8180292
v -0.043248 1.293476 0.417808
vt 0.5312500 0.9687500
vn -0.0062060 0.5751114 0.8180516
v -0.000000 1.234936 0.458744
vt 0.5312500 0.9687500
vn -0.0000155 0.5679438 0.8230673
f 3925/3925/3925 3926/3926/3926 3927/3927/3927
v -0.043248 1.293476 0.417808
vt 0.5312500 0.9687500
vn -0.0062039 0.5750722 0.8180792
v -0.051863 1.293282 0.417872
vt 0.5312500 0.9687500
vn -0.0074381 0.5750834 0.8180611
v -0.000000 1.234936 0.458744
vt 0.5312500 0.9687500
vn -0.0000256 0.5679420 0.8230686
f 3928/3928/3928 3929/3929/3929 3930/3930/3930
v -0.051863 1.293282 0.417872
vt 0.5312500 0.9687500
vn -0.0074361 0.5750755 0.8180665
v -0.070816 1.292835 0.417983
vt 0.5312500 0.9687500
vn -0.0101529 0.5750119 0.8180820
v -0.000000 1.234936 0.458744
vt 0.5312500 0.9687500
vn -0.0000258 0.5679368 0.8230721
f 3931/3931/3931 3932/3932/3932 3933/3933/3933
v -0.070816 1.292835 0.417983
vt 0.5312500 0.9687500
vn -0.0101539 0.5750181 0.8180776
v -0.077713 1.292665 0.418013
vt 0.5312500 0.9687500
vn -0.0111425 0.5749936 0.8180820
v -0.000000 1.234936 0.458744
vt 0.5312500 0.9687500
vn 0.0000221 0.5679370 0.8230720
f 3934/3934/3934 3935/3935/3935 3936/3936/3936
v -0.077713 1.292665 0.418013
vt 0.5312500 0.9687500
vn -0.0111439 0.5749891 0.8180851
v -0.085156 1.292477 0.418039
vt 0.5312500 0.9687500
vn -0.0122089 0.5749622 0.8180888
v -0.000000 1.234936 0.458744
vt 0.5312500 0.9687500
vn 0.0000180 0.5679373 0.8230719
f 3937/3937/3937 3938/3938/3938 3939/3939/3939
v -0.085156 1.292477 0.418039
vt 0.5312500 0.9687500
vn -0.0122100 0.5749730 0.8180813
v -0.099438 1.291576 0.418441
vt 0.5312500 0.9687500
vn -0.0142544 0.5748442 0.8181388
v -0.000000 1.234936 0.458744
vt 0.5312500 0.9687500
vn -0.0000132 0.5679318 0.8230757
f 3940/3940/3940 3941/3941/3941 3942/3942/3942
v -0.099438 1.291576 0.418441
vt 0.5312500 0.9687500
vn -0.0142576 0.5748604 0.8181272
v -0.103393 1.291323 0.418548
vt 0.5312500 0.9687500
vn -0.0148244 0.5748238 0.8181428
v -0.000000 1.234936 0.458744
vt 0.5312500 0.9687500
vn -0.0000034 0.5679339 0.8230741
f 3943/3943/3943 3944/3944/3944 3945/3945/3945
v -0.103393 1.291323 0.418548
vt 0.5312500 0.9687500
vn -0.0148258 0.5748177 0.8181472
v -0.126515 1.289822 0.419137
vt 0.5312500 0.9687500
vn -0.0181398 0.5746420 0.8182038
v -0.000000 1.234936 0.458744
vt 0.5312500 0.9687500
vn 0.0000060 0.5679362 0.8230726
f 3946/3946/3946 3947/3947/3947 3948/3948/3948
v -0.126515 1.289822 0.419137
vt 0.5312500 0.9687500
vn -0.0181389 0.5746451 0.8182017
v -0.128845 1.289668 0.419193
vt 0.5312500 0.9687500
vn -0.0184744 0.5746230 0.8182096
v -0.000000 1.234936 0.458744
vt 0.5312500 0.9687500
vn -0.0000038 0.5679347 0.8230736
f 3949/3949/3949 3950/3950/3950 3951/3951/3951
v -0.128845 1.289668 0.419193
vt 0.5312500 0.9687500
vn -0.0184718 0.5745982 0.8182273
v -0.131447 1.289496 0.419254
vt 0.5312500 0.9687500
vn -0.0188493 0.5746129 0.8182084
v -0.000000 1.234936 0.458744
vt 0.5312500 0.9687500
vn 0.0000156 0.5679415 0.8230690
f 3952/3952/3952 3953/3953/3953 3954/3954/3954
v -0.131447 1.289496 0.419254
vt 0.5312500 0.9687500
vn -0.0188452 0.5745900 0.8182244
v -0.153997 1.287980 0.419755
vt 0.5312500 0.9687500
vn -0.0220807 0.5744120 0.8182685
v -0.000000 1.234936 0.458744
vt 0.5312500 0.9687500
vn 0.0000116 0.5679422 0.8230684
f 3955/3955/3955 3956/3956/3956 3957/3957/3957
v -0.153997 1.287980 0.419755
vt 0.5312500 0.9687500
vn -0.0220786 0.5743982 0.8182782
v -0.171718 1.286760 0.420105
vt 0.5312500 0.9687500
vn -0.0246171 0.5742630 0.8183005
v -0.000000 1.234936 0.458744
vt 0.5312500 0.9687500
vn 0.0000152 0.5679475 0.8230647
f 3958/3958/3958 3959/3959/3959 3960/3960/3960
v -0.171718 1.286760 0.420105
vt 0.5312500 0.9687500
vn -0.0246169 0.5742580 0.8183042
v -0.175673 1.286484 0.420178
vt 0.5312500 0.9687500
vn -0.0251843 0.5742185 0.8183146
v -0.000000 1.234936 0.458744
vt 0.5312500 0.9687500
vn -0.0000025 0.5679319 0.8230755
f 3961/3961/3961 3962/3962/3962 3963/3963/3963
v -0.175673 1.286484 0.420178
vt 0.5312500 0.9687500
vn -0.0251814 0.5742117 0.8183196
v -0.178971 1.286076 0.420362
vt 0.5312500 0.9687500
vn -0.0256550 0.5741525 0.8183464
v -0.000000 1.234936 0.458744
vt 0.5312500 0.9687500
vn 0.0000042 0.5679354 0.8230732
f 3964/3964/3964 3965/3965/3965 3966/3966/3966
v -0.178971 1.286076 0.420362
vt 0.5312500 0.9687500
vn -0.0256570 0.5741693 0.8183345
v -0.181712 1.285737 0.420514
vt 0.5312500 0.9687500
vn -0.0260510 0.5741205 0.8183563
v -0.000000 1.234936 0.458744
vt 0.5312500 0.9687500
vn -0.0000023 0.5679335 0.8230745
f 3967/3967/3967 3968/3968/3968 3969/3969/3969
v -0.181712 1.285737 0.420514
vt 0.5312500 0.9687500
vn -0.0260480 0.5741123 0.8183621
v -0.203154 1.283058 0.421669
vt 0.5312500 0.9687500
vn -0.0291146 0.5737690 0.8184994
v -0.000000 1.234936 0.458744
vt 0.5312500 0.9687500
vn -0.0000068 0.5679256 0.8230799
f 3970/3970/3970 3971/3971/3971 3972/3972/3972
v -0.203154 1.283058 0.421669
vt 0.5312500 0.9687500
vn -0.0291217 0.5737981 0.8184789
v -0.207813 1.282471 0.421913
vt 0.5312500 0.9687500
vn -0.0297900 0.5737135 0.8185142
v -0.000000 1.234936 0.458744
vt 0.5312500 0.9687500
vn -0.0000055 0.5679281 0.8230782
f 3973/3973/3973 3974/3974/3974 3975/3975/3975
v -0.207813 1.282471 0.421913
vt 0.5312500 0.9687500
vn -0.0297854 0.5737103 0.8185164
v -0.214517 1.276953 0.425530
vt 0.5312500 0.9687500
vn -0.0307417 0.5730324 0.8189559
v -0.000000 1.234936 0.458744
vt 0.5312500 0.9687500
vn -0.0000097 0.5679330 0.8230746
f 3976/3976/3976 3977/3977/3977 3978/3978/3978
v -0.214517 1.276953 0.425530
vt 0.5312500 0.9687500
vn -0.0307641 0.5730495 0.8189431
v -0.218117 1.273987 0.427468
vt 0.5312500 0.9687500
vn -0.0312763 0.5726823 0.8191806
v -0.000000 1.234936 0.458744
vt 0.5312500 0.9687500
vn -0.0000127 0.5679299 0.8230770
f 3979/3979/3979 3980/3980/3980 3981/3981/3981
v -0.218117 1.273987 0.427468
vt 0.5312500 0.9687500
vn -0.0312702 0.5726722 0.8191879
v -0.219056 1.271267 0.429333
vt 0.5312500 0.9687500
vn -0.0313869 0.5723370 0.8194176
v -0.000000 1.234936 0.458744
vt 0.5312500 0.9687500
vn -0.0000003 0.5679344 0.8230739
f 3982/3982/3982 3983/3983/3983 3984/3984/3984
v -0.219056 1.271267 0.429333
vt 0.5312500 0.9687500
vn -0.0314091 0.5723405 0.8194144
v -0.219561 1.269802 0.430337
vt 0.5312500 0.9687500
vn -0.0314719 0.5721595 0.8195382
v -0.000000 1.234936 0.458744
vt 0.5312500 0.9687500
vn 0.0000101 0.5679340 0.8230742
f 3985/3985/3985 3986/3986/3986 3987/3987/3987
v -0.219561 1.269802 0.430337
vt 0.5312500 0.9687500
vn -0.0314753 0.5721604 0.8195375
v -0.221855 1.263153 0.434885
vt 0.5312500 0.9687500
vn -0.0318048 0.5713454 0.8200932
v -0.000000 1.234936 0.458744
vt 0.5312500 0.9687500
vn 0.0000111 0.5679346 0.8230736
f 3988/3988/3988 3989/3989/3989 3990/3990/3990
v -0.221855 1.263153 0.434885
vt 0.5312500 0.9687500
vn -0.0318259 0.5713515 0.8200883
v -0.221874 1.263098 0.434923
vt 0.5312500 0.9687500
vn -0.0317836 0.5713331 0.8201027
v -0.000000 1.234936 0.458744
vt 0.5312500 0.9687500
vn -0.0000148 0.5679346 0.8230736
f 3991/3991/3991 3992/3992/3992 3993/3993/3993
o mirror_left
v -1.050000 0.694247 0.167249
vt 0.2449305 0.3141050
vn 0.2505666 0.0673473 0.9657540
v -1.053037 1.111064 0.135641
vt 0.2460630 0.3392255
vn 0.2887790 0.0744865 0.9544938
v -1.059234 1.111183 0.137508
vt 0.2463000 0.3392865
vn 0.2890530 0.0744822 0.9544111
f 3994/3994/3994 3995/3995/3995 3996/3996/3996
v -1.073359 1.117707 0.208461
vt 0.0522655 0.4300545
vn 0.3458195 -0.9362710 -0.0616873
v -1.052418 1.121771 0.255083
vt 0.0498610 0.4328905
vn 0.9784996 -0.1732295 0.1119381
v -1.098601 1.106548 0.203545
vt 0.0542625 0.4301300
vn 0.4085093 -0.9105048 -0.0640410
f 3997/3997/3997 3998/3998/3998 3999/3999/3999
v -1.030787 1.188173 0.254009
vt 0.0505425 0.4093545
vn 0.2470397 0.5641755 0.7878308
v -1.052418 1.121771 0.255083
vt 0.0532365 0.4039725
vn 0.9784996 -0.1732295 0.1119381
v -1.038154 1.127305 0.256199
vt 0.0522130 0.4043650
vn 0.1557608 -0.8710302 0.4658808
f 4000/4000/4000 4001/4001/4001 4002/4002/4002
v -1.052418 1.121771 0.255083
vt 0.0532365 0.4039725
vn 0.9784996 -0.1732295 0.1119381
v -1.072176 1.164945 0.352108
vt 0.0596750 0.4068175
vn 0.7096576 0.6234162 0.3282351
v -1.051781 1.122989 0.374411
vt 0.0615760 0.4038345
vn 0.8420743 0.2880166 0.4560232
f 4003/4003/4003 4004/4004/4004 4005/4005/4005
v -1.052418 1.121771 0.255083
vt 0.0532365 0.4039725
vn 0.9784996 -0.1732295 0.1119381
v -1.049882 1.096301 0.374555
vt 0.0622395 0.4018220
vn 0.9066518 -0.1815953 0.3807959
v -1.050620 1.095556 0.255219
vt 0.0534995 0.4019225
vn 0.9370544 -0.1859087 -0.2955790
f 4006/4006/4006 4007/4007/4007 4008/4008/4008
v -1.098601 1.106548 0.203545
vt 0.0542625 0.4301300
vn 0.6248916 0.2530179 -0.7385744
v -1.050620 1.095556 0.255219
vt 0.0512690 0.4344050
vn 0.9370544 -0.1859087 -0.2955790
v -1.086739 1.080123 0.203488
vt 0.0555780 0.4320125
vn 0.7428779 -0.1058716 -0.6610019
f 4009/4009/4009 4010/4010/4010 4011/4011/4011
v -1.086739 1.080123 0.203488
vt 0.0555780 0.4320125
vn 0.7428779 -0.1058716 -0.6610019
v -1.051784 1.092990 0.255783
vt 0.0514065 0.4345565
vn 0.8701378 -0.4427799 -0.2163475
v -1.088441 1.077268 0.203709
vt 0.0557930 0.4321255
vn 0.7228460 -0.4637520 -0.5122770
f 4012/4012/4012 4013/4013/4013 4014/4014/4014
v -1.050620 1.095556 0.255219
vt 0.0534995 0.4019225
vn 0.9370544 -0.1859087 -0.2955790
v -1.051030 1.093699 0.373950
vt 0.0622910 0.4016150
vn 0.8486752 -0.4421690 0.2902360
v -1.051784 1.092990 0.255783
vt 0.0535770 0.4017085
vn 0.8701378 -0.4427799 -0.2163475
f 4015/4015/4015 4016/4016/4016 4017/4017/4017
v -1.051784 1.092990 0.255783
vt 0.0535770 0.4017085
vn 0.3964624 -0.9180508 0.0005750
v -1.055590 1.091624 0.372460
vt 0.0623020 0.4013180
vn 0.1985597 -0.9771149 -0.0762926
v -1.056356 1.091018 0.257118
vt 0.0537220 0.4013700
vn 0.1354258 -0.9869997 0.0865518
f 4018/4018/4018 4019/4019/4019 4020/4020/4020
v -1.088441 1.077268 0.203709
vt 0.0557930 0.4321255
vn 0.4108891 -0.9116555 -0.0073609
v -1.056356 1.091018 0.257118
vt 0.0516520 0.4347845
vn 0.1354258 -0.9869997 0.0865518
v -1.093573 1.074963 0.204174
vt 0.0561345 0.4322460
vn 0.1882237 -0.9559782 0.2251172
f 4021/4021/4021 4022/4022/4022 4023/4023/4023
v -1.132147 1.059805 0.168990
vt 0.0591125 0.4298180
vn 0.5052513 -0.3163290 -0.8029054
v -1.088441 1.077268 0.203709
vt 0.0557930 0.4321255
vn 0.7228460 -0.4637520 -0.5122770
v -1.131842 1.057829 0.170879
vt 0.0592035 0.4299925
vn 0.4583754 -0.5763181 -0.6765718
f 4024/4024/4024 4025/4025/4025 4026/4026/4026
v -1.131842 1.057829 0.170879
vt 0.0592035 0.4299925
vn 0.4155458 -0.9095672 -0.0030433
v -1.093573 1.074963 0.204174
vt 0.0561345 0.4322460
vn 0.1882237 -0.9559782 0.2251172
v -1.132606 1.057472 0.173746
vt 0.0592775 0.4301710
vn 0.4158726 -0.9094189 -0.0026812
f 4027/4027/4027 4028/4028/4028 4029/4029/4029
v -1.132606 1.057472 0.173746
vt 0.0592775 0.4301710
vn 0.1577319 -0.7717047 0.6161109
v -1.097321 1.075363 0.204526
vt 0.0563310 0.4323640
vn -0.3028685 -0.7426851 0.5972349
v -1.134163 1.058854 0.175877
vt 0.0593495 0.4303520
vn -0.0420303 -0.6740348 0.7375030
f 4030/4030/4030 4031/4031/4031 4032/4032/4032
v -1.093573 1.074963 0.204174
vt 0.0561345 0.4322460
vn 0.1882237 -0.9559782 0.2251172
v -1.059630 1.091645 0.257907
vt 0.0517975 0.4349395
vn -0.4183293 -0.8728334 0.2513218
v -1.097321 1.075363 0.204526
vt 0.0563310 0.4323640
vn -0.3028685 -0.7426851 0.5972349
f 4033/4033/4033 4034/4034/4034 4035/4035/4035
v -1.134163 1.058854 0.175877
vt 0.0593495 0.4303520
vn -0.0420303 -0.6740348 0.7375030
v -1.101222 1.079879 0.204915
vt 0.0565520 0.4327165
vn -0.5075732 -0.4972053 0.7036735
v -1.137302 1.063701 0.176550
vt 0.0595000 0.4307410
vn -0.4481457 -0.4012149 0.7988692
f 4036/4036/4036 4037/4037/4037 4038/4038/4038
v -1.097321 1.075363 0.204526
vt 0.0563310 0.4323640
vn -0.3028685 -0.7426851 0.5972349
v -1.063839 1.096078 0.258623
vt 0.0520125 0.4353065
vn -0.6643544 -0.6787438 0.3129537
v -1.101222 1.079879 0.204915
vt 0.0565520 0.4327165
vn -0.5075732 -0.4972053 0.7036735
f 4039/4039/4039 4040/4040/4040 4041/4041/4041
v -1.113007 1.075183 0.272137
vt 0.0548105 0.3791750
vn 0.4138845 -0.9103291 0.0008256
v -1.101222 1.079879 0.204915
vt 0.0533385 0.3727215
vn 0.4106815 -0.9117782 0.0011790
v -1.063839 1.096078 0.258623
vt 0.0500025 0.3781000
vn 0.3918477 -0.9200248 0.0031380
f 4042/4042/4042 4043/4043/4043 4044/4044/4044
v -1.142757 1.061035 0.208426
vt 0.0574155 0.3728535
vn 0.4201723 -0.9074432 -0.0014120
v -1.137302 1.063701 0.176550
vt 0.0567080 0.3697965
vn 0.4168219 -0.9089761 -0.0046876
v -1.101222 1.079879 0.204915
vt 0.0533385 0.3727215
vn 0.4106815 -0.9117782 0.0011790
f 4045/4045/4045 4046/4046/4046 4047/4047/4047
v -1.059630 1.091645 0.257907
vt 0.0538015 0.4011535
vn -0.4183293 -0.8728334 0.2513218
v -1.063298 1.096542 0.368785
vt 0.0621355 0.4006720
vn -0.6150116 -0.6860375 -0.3887331
v -1.063839 1.096078 0.258623
vt 0.0538770 0.4007105
vn -0.6643544 -0.6787438 0.3129537
f 4048/4048/4048 4049/4049/4049 4050/4050/4050
v -1.113007 1.075183 0.272137
vt 0.0548105 0.3791750
vn 0.4138845 -0.9103291 0.0008256
v -1.063298 1.096542 0.368785
vt 0.0504150 0.3887705
vn 0.3874732 -0.9218702 0.0044467
v -1.081346 1.089076 0.385339
vt 0.0522105 0.3902960
vn 0.3982251 -0.9172874 0.0007847
f 4051/4051/4051 4052/4052/4052 4053/4053/4053
v -1.164946 1.050131 0.283884
vt 0.0600405 0.3800450
vn 0.4203994 -0.9073389 -0.0007134
v -1.142757 1.061035 0.208426
vt 0.0574155 0.3728535
vn 0.4201723 -0.9074432 -0.0014120
v -1.113007 1.075183 0.272137
vt 0.0548105 0.3791750
vn 0.4138845 -0.9103291 0.0008256
f 4054/4054/4054 4055/4055/4055 4056/4056/4056
v -1.106635 1.077596 0.388547
vt 0.0546950 0.3904825
vn 0.4143514 -0.9101162 0.0012198
v -1.113007 1.075183 0.272137
vt 0.0548105 0.3791750
vn 0.4138845 -0.9103291 0.0008256
v -1.081346 1.089076 0.385339
vt 0.0522105 0.3902960
vn 0.3982251 -0.9172874 0.0007847
f 4057/4057/4057 4058/4058/4058 4059/4059/4059
v -1.059463 1.091939 0.370804
vt 0.0622585 0.4010775
vn -0.2786990 -0.9305215 -0.2376056
v -1.081346 1.089076 0.385339
vt 0.0647105 0.4018535
vn -0.1235239 -0.5451450 -0.8291917
v -1.063298 1.096542 0.368785
vt 0.0621355 0.4006720
vn -0.6150116 -0.6860375 -0.3887331
f 4060/4060/4060 4061/4061/4061 4062/4062/4062
v -1.101367 1.073622 0.390582
vt 0.0667725 0.4032445
vn 0.2404881 -0.5780009 -0.7797952
v -1.081346 1.089076 0.385339
vt 0.0647105 0.4018535
vn -0.1235239 -0.5451450 -0.8291917
v -1.077395 1.084441 0.387842
vt 0.0645740 0.4021770
vn -0.0134630 -0.7761155 -0.6304471
f 4063/4063/4063 4064/4064/4064 4065/4065/4065
v -1.275063 0.994381 0.382568
vt 0.0760735 0.4109910
vn 0.4781765 -0.4450882 -0.7571287
v -1.106635 1.077596 0.388547
vt 0.0671615 0.4030215
vn 0.1180417 -0.3240381 -0.9386508
v -1.101367 1.073622 0.390582
vt 0.0667725 0.4032445
vn 0.2404881 -0.5780009 -0.7797952
f 4066/4066/4066 4067/4067/4067 4068/4068/4068
v -1.277018 0.999842 0.380812
vt 0.0712865 0.3890410
vn 0.4250771 -0.9051470 0.0042861
v -1.164946 1.050131 0.283884
vt 0.0600405 0.3800450
vn 0.4203994 -0.9073389 -0.0007134
v -1.106635 1.077596 0.388547
vt 0.0546950 0.3904825
vn 0.4143514 -0.9101162 0.0012198
f 4069/4069/4069 4070/4070/4070 4071/4071/4071
v -1.101367 1.073622 0.390582
vt 0.0667725 0.4032445
vn 0.2404881 -0.5780009 -0.7797952
v -1.275024 0.992422 0.385026
vt 0.0759395 0.4111685
vn 0.4785622 -0.8323510 -0.2795888
v -1.275063 0.994381 0.382568
vt 0.0760735 0.4109910
vn 0.4781765 -0.4450882 -0.7571287
f 4072/4072/4072 4073/4073/4073 4074/4074/4074
v -1.098823 1.072761 0.393215
vt 0.0665485 0.4033505
vn 0.3845980 -0.8845404 -0.2639561
v -1.077395 1.084441 0.387842
vt 0.0645740 0.4021770
vn -0.0134630 -0.7761155 -0.6304471
v -1.075696 1.083308 0.390520
vt 0.0645380 0.4023625
vn 0.2895368 -0.9288282 -0.2311850
f 4075/4075/4075 4076/4076/4076 4077/4077/4077
v -1.275024 0.992422 0.385026
vt 0.0759395 0.4111685
vn 0.4785622 -0.8323510 -0.2795888
v -1.317016 0.973679 0.355740
vt 0.0779280 0.4153155
vn 0.8633084 -0.1575652 -0.4794495
v -1.275063 0.994381 0.382568
vt 0.0760735 0.4109910
vn 0.4781765 -0.4450882 -0.7571287
f 4078/4078/4078 4079/4079/4079 4080/4080/4080
v -1.317016 0.973679 0.355740
vt 0.0779280 0.4153155
vn 0.8633084 -0.1575652 -0.4794495
v -1.277018 0.999842 0.380812
vt 0.0763245 0.4106325
vn 0.3820115 -0.1512314 -0.9116996
v -1.275063 0.994381 0.382568
vt 0.0760735 0.4109910
vn 0.4781765 -0.4450882 -0.7571287
f 4081/4081/4081 4082/4082/4082 4083/4083/4083
v -1.317016 0.973679 0.355740
vt 0.0779280 0.4153155
vn 0.8633084 -0.1575652 -0.4794495
v -1.324801 0.967464 0.293714
vt 0.0775555 0.4206470
vn 0.7092795 -0.7047597 0.0153650
v -1.323515 0.970179 0.293715
vt 0.0777480 0.4206850
vn 0.9980345 -0.0529530 0.0335168
f 4084/4084/4084 4085/4085/4085 4086/4086/4086
v -1.323515 0.970179 0.293715
vt 0.0777480 0.4206850
vn 0.9980345 -0.0529530 0.0335168
v -1.319303 0.979004 0.354671
vt 0.0783155 0.4152785
vn 0.9216726 0.3698343 -0.1172268
v -1.317016 0.973679 0.355740
vt 0.0779280 0.4153155
vn 0.8633084 -0.1575652 -0.4794495
f 4087/4087/4087 4088/4088/4088 4089/4089/4089
v -1.253351 1.010773 0.292692
vt 0.0687455 0.3805165
vn 0.4200660 -0.9074908 0.0022455
v -1.319303 0.979004 0.354671
vt 0.0754010 0.3864750
vn 0.4383264 -0.8987976 0.0057278
v -1.325471 0.975670 0.293774
vt 0.0754935 0.3804015
vn 0.4376949 -0.8991128 0.0044093
f 4090/4090/4090 4091/4091/4091 4092/4092/4092
v -1.315834 0.980117 0.237268
vt 0.0745705 0.3747420
vn 0.4375183 -0.8992069 0.0021461
v -1.253351 1.010773 0.292692
vt 0.0687455 0.3805165
vn 0.4200660 -0.9074908 0.0022455
v -1.325471 0.975670 0.293774
vt 0.0754935 0.3804015
vn 0.4376949 -0.8991128 0.0044093
f 4093/4093/4093 4094/4094/4094 4095/4095/4095
v -1.323515 0.970179 0.293715
vt 0.0777480 0.4206850
vn 0.9980345 -0.0529530 0.0335168
v -1.315834 0.980117 0.237268
vt 0.0755815 0.4254780
vn 0.8569846 0.3335440 0.3928432
v -1.325471 0.975670 0.293774
vt 0.0781265 0.4207705
vn 0.9415351 0.3350772 0.0351398
f 4096/4096/4096 4097/4097/4097 4098/4098/4098
v -1.313657 0.974753 0.237111
vt 0.0752575 0.4252935
vn 0.9288091 -0.0642974 0.3649377
v -1.300064 0.987785 0.213356
vt 0.0735165 0.4274655
vn 0.5429665 0.2433826 0.8037116
v -1.315834 0.980117 0.237268
vt 0.0755815 0.4254780
vn 0.8569846 0.3335440 0.3928432
f 4099/4099/4099 4100/4100/4100 4101/4101/4101
v -1.256383 1.009015 0.224783
vt 0.0686320 0.3738705
vn 0.4254349 -0.9049881 0.0013203
v -1.300064 0.987785 0.213356
vt 0.0728965 0.3725100
vn 0.4371831 -0.8993725 -0.0002274
v -1.257359 1.008560 0.198535
vt 0.0685835 0.3713205
vn 0.4276356 -0.9039511 0.0004265
f 4102/4102/4102 4103/4103/4103 4104/4104/4104
v -1.253351 1.010773 0.292692
vt 0.0687455 0.3805165
vn 0.4200660 -0.9074908 0.0022455
v -1.185858 1.040831 0.213845
vt 0.0616965 0.3731660
vn 0.4150718 -0.9097646 -0.0066148
v -1.164946 1.050131 0.283884
vt 0.0600405 0.3800450
vn 0.4203994 -0.9073389 -0.0007134
f 4105/4105/4105 4106/4106/4106 4107/4107/4107
v -1.256383 1.009015 0.224783
vt 0.0686320 0.3738705
vn 0.4254349 -0.9049881 0.0013203
v -1.195933 1.036706 0.184860
vt 0.0625005 0.3703075
vn 0.4119537 -0.9111286 -0.0117867
v -1.185858 1.040831 0.213845
vt 0.0616965 0.3731660
vn 0.4150718 -0.9097646 -0.0066148
f 4108/4108/4108 4109/4109/4109 4110/4110/4110
v -1.254252 1.003715 0.197958
vt 0.0696100 0.4290475
vn 0.2496925 0.0442986 0.9673114
v -1.195933 1.036706 0.184860
vt 0.0643875 0.4301500
vn 0.1974816 -0.0132300 0.9802173
v -1.257359 1.008560 0.198535
vt 0.0696600 0.4294235
vn 0.2571817 0.0513596 0.9649973
f 4111/4111/4111 4112/4112/4112 4113/4113/4113
v -1.297349 0.982720 0.213107
vt 0.0733815 0.4271340
vn 0.6452958 -0.1418152 0.7506542
v -1.257359 1.008560 0.198535
vt 0.0696600 0.4294235
vn 0.2571817 0.0513596 0.9649973
v -1.300064 0.987785 0.213356
vt 0.0735165 0.4274655
vn 0.5429665 0.2433826 0.8037116
f 4114/4114/4114 4115/4115/4115 4116/4116/4116
v -1.253313 1.002085 0.195746
vt 0.0695555 0.4288750
vn 0.4691232 -0.6036653 0.6446019
v -1.192678 1.031907 0.184136
vt 0.0642880 0.4297760
vn 0.4167850 -0.6338824 0.6515239
v -1.254252 1.003715 0.197958
vt 0.0696100 0.4290475
vn 0.4726350 -0.6014416 0.6441149
f 4117/4117/4117 4118/4118/4118 4119/4119/4119
v -1.254252 1.003715 0.197958
vt 0.0696100 0.4290475
vn 0.4726350 -0.6014416 0.6441149
v -1.297586 0.980471 0.211435
vt 0.0732970 0.4269790
vn 0.6708707 -0.4863538 0.5598147
v -1.253313 1.002085 0.195746
vt 0.0695555 0.4288750
vn 0.4691232 -0.6036653 0.6446019
f 4120/4120/4120 4121/4121/4121 4122/4122/4122
v -1.253465 1.002077 0.192759
vt 0.0694640 0.4287060
vn 0.4233928 -0.9057587 -0.0184325
v -1.297586 0.980471 0.211435
vt 0.0732970 0.4269790
vn 0.4384204 -0.8987694 -0.0010870
v -1.299188 0.979691 0.209211
vt 0.0731880 0.4268495
vn 0.4385951 -0.8986846 -0.0006503
f 4123/4123/4123 4124/4124/4124 4125/4125/4125
v -1.253465 1.002077 0.192759
vt 0.0694640 0.4287060
vn 0.4233928 -0.9057587 -0.0184325
v -1.192219 1.030025 0.182014
vt 0.0642545 0.4295910
vn 0.4153947 -0.9096375 -0.0025982
v -1.253313 1.002085 0.195746
vt 0.0695555 0.4288750
vn 0.4222322 -0.9062852 -0.0191598
f 4126/4126/4126 4127/4127/4127 4128/4128/4128
v -1.299188 0.979691 0.209211
vt 0.0731880 0.4268495
vn 0.4385951 -0.8986846 -0.0006503
v -1.315112 0.971937 0.237503
vt 0.0751230 0.4251610
vn 0.6939808 -0.7052611 0.1449051
v -1.320903 0.969095 0.238688
vt 0.0749445 0.4248560
vn 0.4407855 -0.8976070 0.0031354
f 4129/4129/4129 4130/4130/4130 4131/4131/4131
v -1.313657 0.974753 0.237111
vt 0.0752575 0.4252935
vn 0.9288091 -0.0642974 0.3649377
v -1.297586 0.980471 0.211435
vt 0.0732970 0.4269790
vn 0.6708707 -0.4863538 0.5598147
v -1.297349 0.982720 0.213107
vt 0.0733815 0.4271340
vn 0.6452958 -0.1418152 0.7506542
f 4132/4132/4132 4133/4133/4133 4134/4134/4134
v -1.320903 0.969095 0.238688
vt 0.0749445 0.4248560
vn 0.4407855 -0.8976070 0.0031354
v -1.324801 0.967464 0.293714
vt 0.0775555 0.4206470
vn 0.7092795 -0.7047597 0.0153650
v -1.328043 0.965873 0.293746
vt 0.0773425 0.4206090
vn 0.4406452 -0.8976696 0.0045866
f 4135/4135/4135 4136/4136/4136 4137/4137/4137
v -1.323515 0.970179 0.293715
vt 0.0777480 0.4206850
vn 0.9980345 -0.0529530 0.0335168
v -1.315112 0.971937 0.237503
vt 0.0751230 0.4251610
vn 0.6939808 -0.7052611 0.1449051
v -1.313657 0.974753 0.237111
vt 0.0752575 0.4252935
vn 0.9288091 -0.0642974 0.3649377
f 4138/4138/4138 4139/4139/4139 4140/4140/4140
v -1.328043 0.965873 0.293746
vt 0.0773425 0.4206090
vn 0.4406452 -0.8976696 0.0045866
v -1.317919 0.971165 0.357116
vt 0.0777405 0.4153410
vn 0.5525951 -0.8282268 -0.0931603
v -1.320501 0.969910 0.358738
vt 0.0775525 0.4153785
vn 0.4401291 -0.8979114 0.0064433
f 4141/4141/4141 4142/4142/4142 4143/4143/4143
v -1.328043 0.965873 0.293746
vt 0.0773425 0.4206090
vn -0.2659484 -0.9639869 0.0008057
v -1.323942 0.969733 0.239131
vt 0.0748535 0.4246865
vn -0.2226170 -0.9340391 -0.2793076
v -1.320903 0.969095 0.238688
vt 0.0749445 0.4248560
vn -0.2449316 -0.9251388 -0.2900457
f 4144/4144/4144 4145/4145/4145 4146/4146/4146
v -1.320501 0.969910 0.358738
vt 0.0775525 0.4153785
vn -0.1719078 -0.9054717 0.3880319
v -1.330815 0.966640 0.293756
vt 0.0771715 0.4205810
vn -0.2671068 -0.9636663 0.0009909
v -1.328043 0.965873 0.293746
vt 0.0773425 0.4206090
vn -0.2659484 -0.9639869 0.0008057
f 4147/4147/4147 4148/4148/4148 4149/4149/4149
v -1.277752 0.993392 0.391273
vt 0.0755675 0.4115110
vn 0.1018231 -0.7379225 0.6671597
v -1.320501 0.969910 0.358738
vt 0.0775525 0.4153785
vn -0.1719078 -0.9054717 0.3880319
v -1.276348 0.991890 0.389384
vt 0.0757245 0.4113895
vn 0.1314936 -0.7275793 0.6733036
f 4150/4150/4150 4151/4151/4151 4152/4152/4152
v -1.276348 0.991890 0.389384
vt 0.0757245 0.4113895
vn 0.4237903 -0.9055879 0.0176798
v -1.317919 0.971165 0.357116
vt 0.0777405 0.4153410
vn 0.5525951 -0.8282268 -0.0931603
v -1.275024 0.992422 0.385026
vt 0.0759395 0.4111685
vn 0.4785622 -0.8323510 -0.2795888
f 4153/4153/4153 4154/4154/4154 4155/4155/4155
v -1.096716 1.073678 0.397938
vt 0.0662465 0.4035340
vn 0.3178128 -0.6551234 0.6854256
v -1.277752 0.993392 0.391273
vt 0.0755675 0.4115110
vn 0.1018231 -0.7379225 0.6671597
v -1.276348 0.991890 0.389384
vt 0.0757245 0.4113895
vn 0.1314936 -0.7275793 0.6733036
f 4156/4156/4156 4157/4157/4157 4158/4158/4158
v -1.276348 0.991890 0.389384
vt 0.0757245 0.4113895
vn 0.4237903 -0.9055879 0.0176798
v -1.098823 1.072761 0.393215
vt 0.0665485 0.4033505
vn 0.3845980 -0.8845404 -0.2639561
v -1.096716 1.073678 0.397938
vt 0.0662465 0.4035340
vn 0.4148096 -0.9098841 -0.0066395
f 4159/4159/4159 4160/4160/4160 4161/4161/4161
v -1.329827 0.999872 0.359967
vt 0.0753110 0.4154520
vn -0.8372670 -0.0758958 0.5415013
v -1.277752 0.993392 0.391273
vt 0.0755675 0.4115110
vn -0.2695789 -0.1106713 0.9565976
v -1.290102 1.019300 0.391112
vt 0.0740180 0.4125480
vn -0.3889011 0.0851060 0.9173401
f 4162/4162/4162 4163/4163/4163 4164/4164/4164
v -1.109061 1.102358 0.399894
vt 0.0649015 0.4052820
vn -0.0768251 0.2250893 0.9713047
v -1.277752 0.993392 0.391273
vt 0.0755675 0.4115110
vn -0.2695789 -0.1106713 0.9565976
v -1.096637 1.075805 0.399933
vt 0.0660750 0.4036620
vn 0.0246103 0.0113065 0.9996333
f 4165/4165/4165 4166/4166/4166 4167/4167/4167
v -1.086103 1.112118 0.397801
vt 0.0636900 0.4046535
vn 0.2442943 0.3221650 0.9146201
v -1.096637 1.075805 0.399933
vt 0.0660750 0.4036620
vn 0.0246103 0.0113065 0.9996333
v -1.074539 1.086057 0.397831
vt 0.0644845 0.4029305
vn 0.4996868 -0.2159796 0.8388479
f 4168/4168/4168 4169/4169/4169 4170/4170/4170
v -1.096637 1.075805 0.399933
vt 0.0660750 0.4036620
vn 0.3113635 -0.6553266 0.6881859
v -1.074279 1.084042 0.395883
vt 0.0645255 0.4027390
vn 0.5483109 -0.5442534 0.6349357
v -1.074539 1.086057 0.397831
vt 0.0644845 0.4029305
vn 0.4996868 -0.2159796 0.8388479
f 4171/4171/4171 4172/4172/4172 4173/4173/4173
v -1.086103 1.112118 0.397801
vt 0.0636900 0.4046535
vn 0.2442943 0.3221650 0.9146201
v -1.049882 1.096301 0.374555
vt 0.0622395 0.4018220
vn 0.9066518 -0.1815953 0.3807959
v -1.051781 1.122989 0.374411
vt 0.0615760 0.4038345
vn 0.8420743 0.2880166 0.4560232
f 4174/4174/4174 4175/4175/4175 4176/4176/4176
v -1.074539 1.086057 0.397831
vt 0.0644845 0.4029305
vn 0.4996868 -0.2159796 0.8388479
v -1.051030 1.093699 0.373950
vt 0.0622910 0.4016150
vn 0.8486752 -0.4421690 0.2902360
v -1.049882 1.096301 0.374555
vt 0.0622395 0.4018220
vn 0.9066518 -0.1815953 0.3807959
f 4177/4177/4177 4178/4178/4178 4179/4179/4179
v -1.096716 1.073678 0.397938
vt 0.0662465 0.4035340
vn 0.4148096 -0.9098841 -0.0066395
v -1.075696 1.083308 0.390520
vt 0.0645380 0.4023625
vn 0.2895368 -0.9288282 -0.2311850
v -1.074279 1.084042 0.395883
vt 0.0645255 0.4027390
vn 0.4094118 -0.9121663 0.0182952
f 4180/4180/4180 4181/4181/4181 4182/4182/4182
v -1.074279 1.084042 0.395883
vt 0.0645255 0.4027390
vn 0.4094118 -0.9121663 0.0182952
v -1.055590 1.091624 0.372460
vt 0.0623020 0.4013180
vn 0.1985597 -0.9771149 -0.0762926
v -1.051030 1.093699 0.373950
vt 0.0622910 0.4016150
vn 0.4100875 -0.9119230 0.0150018
f 4183/4183/4183 4184/4184/4184 4185/4185/4185
v -1.075696 1.083308 0.390520
vt 0.0645380 0.4023625
vn 0.2895368 -0.9288282 -0.2311850
v -1.059463 1.091939 0.370804
vt 0.0622585 0.4010775
vn -0.2786990 -0.9305215 -0.2376056
v -1.055590 1.091624 0.372460
vt 0.0623020 0.4013180
vn 0.1985597 -0.9771149 -0.0762926
f 4186/4186/4186 4187/4187/4187 4188/4188/4188
v -1.056356 1.091018 0.257118
vt 0.0537220 0.4013700
vn 0.1354258 -0.9869997 0.0865518
v -1.059463 1.091939 0.370804
vt 0.0622585 0.4010775
vn -0.2786990 -0.9305215 -0.2376056
v -1.059630 1.091645 0.257907
vt 0.0538015 0.4011535
vn -0.4183293 -0.8728334 0.2513218
f 4189/4189/4189 4190/4190/4190 4191/4191/4191
v -1.114205 1.171427 0.365584
vt 0.0612045 0.4083000
vn -0.1636802 0.4329982 0.8864092
v -1.086103 1.112118 0.397801
vt 0.0636900 0.4046535
vn 0.2442943 0.3221650 0.9146201
v -1.094921 1.174945 0.365584
vt 0.0606255 0.4077055
vn 0.2188718 0.7504112 0.6236810
f 4192/4192/4192 4193/4193/4193 4194/4194/4194
v -1.094921 1.174945 0.365584
vt 0.0606255 0.4077055
vn 0.2188718 0.7504112 0.6236810
v -1.051781 1.122989 0.374411
vt 0.0615760 0.4038345
vn 0.8420743 0.2880166 0.4560232
v -1.072176 1.164945 0.352108
vt 0.0596750 0.4068175
vn 0.7096576 0.6234162 0.3282351
f 4195/4195/4195 4196/4196/4196 4197/4197/4197
v -1.093678 1.214655 0.257305
vt 0.0548075 0.4126150
vn 0.0692372 0.9903411 0.1201276
v -1.072176 1.164945 0.352108
vt 0.0596750 0.4068175
vn 0.7096576 0.6234162 0.3282351
v -1.068758 1.207085 0.257305
vt 0.0535100 0.4112795
vn 0.3597385 0.8640992 0.3520238
f 4198/4198/4198 4199/4199/4199 4200/4200/4200
v -1.109108 1.212443 0.257305
vt 0.0555905 0.4132690
vn -0.3108002 0.9371606 0.1585350
v -1.094921 1.174945 0.365584
vt 0.0606255 0.4077055
vn 0.2188718 0.7504112 0.6236810
v -1.093678 1.214655 0.257305
vt 0.0548075 0.4126150
vn 0.0692372 0.9903411 0.1201276
f 4201/4201/4201 4202/4202/4202 4203/4203/4203
v -1.297187 1.102902 0.281734
vt 0.0676510 0.4179710
vn -0.6705177 0.7325155 0.1175888
v -1.114205 1.171427 0.365584
vt 0.0612045 0.4083000
vn -0.3097003 0.8921672 0.3288215
v -1.109108 1.212443 0.257305
vt 0.0555905 0.4132690
vn -0.3108002 0.9371606 0.1585350
f 4204/4204/4204 4205/4205/4205 4206/4206/4206
v -1.306290 1.062734 0.366860
vt 0.0715635 0.4143835
vn -0.5916369 0.5532292 0.5864326
v -1.109061 1.102358 0.399894
vt 0.0649015 0.4052820
vn -0.0768251 0.2250893 0.9713047
v -1.114205 1.171427 0.365584
vt 0.0612045 0.4083000
vn -0.1636802 0.4329982 0.8864092
f 4207/4207/4207 4208/4208/4208 4209/4209/4209
v -1.306290 1.062734 0.366860
vt 0.0715635 0.4143835
vn -0.5916369 0.5532292 0.5864326
v -1.346409 1.032761 0.292034
vt 0.0724385 0.4192300
vn -0.9614502 0.2732401 0.0308795
v -1.333245 1.034122 0.350739
vt 0.0731790 0.4158645
vn -0.8737599 0.2756551 0.4006970
f 4210/4210/4210 4211/4211/4211 4212/4212/4212
v -1.333245 1.034122 0.350739
vt 0.0731790 0.4158645
vn -0.8737599 0.2756551 0.4006970
v -1.290102 1.019300 0.391112
vt 0.0740180 0.4125480
vn -0.3889011 0.0851060 0.9173401
v -1.306290 1.062734 0.366860
vt 0.0715635 0.4143835
vn -0.5916369 0.5532292 0.5864326
f 4213/4213/4213 4214/4214/4214 4215/4215/4215
v -1.343789 0.992593 0.293604
vt 0.0750230 0.4199770
vn -0.9706015 -0.2398717 0.0198571
v -1.333245 1.034122 0.350739
vt 0.0731790 0.4158645
vn -0.8737599 0.2756551 0.4006970
v -1.346409 1.032761 0.292034
vt 0.0724385 0.4192300
vn -0.9614502 0.2732401 0.0308795
f 4216/4216/4216 4217/4217/4217 4218/4218/4218
v -1.343789 0.992593 0.293604
vt 0.0750230 0.4199770
vn -0.9706015 -0.2398717 0.0198571
v -1.322997 0.970826 0.359757
vt 0.0773820 0.4154065
vn -0.9380550 -0.2813277 0.2022558
v -1.329827 0.999872 0.359967
vt 0.0753110 0.4154520
vn -0.8372670 -0.0758958 0.5415013
f 4219/4219/4219 4220/4220/4220 4221/4221/4221
v -1.339314 1.035484 0.251141
vt 0.0712820 0.4213795
vn -0.9455557 0.2321096 -0.2281440
v -1.343789 0.992593 0.293604
vt 0.0750230 0.4199770
vn -0.9706015 -0.2398717 0.0198571
v -1.346409 1.032761 0.292034
vt 0.0724385 0.4192300
vn -0.9614502 0.2732401 0.0308795
f 4222/4222/4222 4223/4223/4223 4224/4224/4224
v -1.336879 0.995660 0.239079
vt 0.0732340 0.4233660
vn -0.9061030 -0.2295053 -0.3553934
v -1.330815 0.966640 0.293756
vt 0.0771715 0.4205810
vn -0.8945425 -0.4469789 -0.0019182
v -1.343789 0.992593 0.293604
vt 0.0750230 0.4199770
vn -0.9706015 -0.2398717 0.0198571
f 4225/4225/4225 4226/4226/4226 4227/4227/4227
v -1.314126 1.006818 0.207664
vt 0.0714445 0.4250600
vn -0.5468500 -0.1775074 -0.8181969
v -1.323942 0.969733 0.239131
vt 0.0748535 0.4246865
vn -0.8178177 -0.4091628 -0.4046728
v -1.336879 0.995660 0.239079
vt 0.0732340 0.4233660
vn -0.9061030 -0.2295053 -0.3553934
f 4228/4228/4228 4229/4229/4229 4230/4230/4230
v -1.323305 1.041181 0.210975
vt 0.0697205 0.4233205
vn -0.7613428 0.1658417 -0.6267804
v -1.336879 0.995660 0.239079
vt 0.0732340 0.4233660
vn -0.9061030 -0.2295053 -0.3553934
v -1.339314 1.035484 0.251141
vt 0.0712820 0.4213795
vn -0.9455557 0.2321096 -0.2281440
f 4231/4231/4231 4232/4232/4232 4233/4233/4233
v -1.320903 0.969095 0.238688
vt 0.0749445 0.4248560
vn -0.2449316 -0.9251388 -0.2900457
v -1.301187 0.980856 0.207627
vt 0.0730350 0.4267360
vn -0.0467150 -0.8275132 -0.5594994
v -1.299188 0.979691 0.209211
vt 0.0731880 0.4268495
vn -0.0137211 -0.8158645 -0.5780802
f 4234/4234/4234 4235/4235/4235 4236/4236/4236
v -1.266762 1.029818 0.190921
vt 0.0681335 0.4264690
vn -0.2470767 -0.0904375 -0.9647664
v -1.301187 0.980856 0.207627
vt 0.0730350 0.4267360
vn -0.4896539 -0.2442677 -0.8370020
v -1.314126 1.006818 0.207664
vt 0.0714445 0.4250600
vn -0.5468500 -0.1775074 -0.8181969
f 4237/4237/4237 4238/4238/4238 4239/4239/4239
v -1.254393 1.003807 0.190750
vt 0.0693490 0.4285525
vn 0.1384785 -0.7173159 -0.6828482
v -1.299188 0.979691 0.209211
vt 0.0731880 0.4268495
vn -0.0137211 -0.8158645 -0.5780802
v -1.301187 0.980856 0.207627
vt 0.0730350 0.4267360
vn -0.0467150 -0.8275132 -0.5594994
f 4240/4240/4240 4241/4241/4241 4242/4242/4242
v -1.253465 1.002077 0.192759
vt 0.0694640 0.4287060
vn 0.1445508 -0.7162101 -0.6827506
v -1.194492 1.031106 0.177621
vt 0.0641785 0.4292535
vn 0.1847339 -0.6992376 -0.6906084
v -1.193062 1.029645 0.179483
vt 0.0642335 0.4294235
vn 0.1872542 -0.6980336 -0.6911476
f 4243/4243/4243 4244/4244/4244 4245/4245/4245
v -1.206661 1.057508 0.177924
vt 0.0633890 0.4271850
vn -0.1656319 -0.0380705 -0.9854526
v -1.254393 1.003807 0.190750
vt 0.0693490 0.4285525
vn -0.2248521 -0.1000375 -0.9692439
v -1.266762 1.029818 0.190921
vt 0.0681335 0.4264690
vn -0.2470767 -0.0904375 -0.9647664
f 4246/4246/4246 4247/4247/4247 4248/4248/4248
v -1.206661 1.057508 0.177924
vt 0.0633890 0.4271850
vn -0.1656319 -0.0380705 -0.9854526
v -1.282147 1.075593 0.190921
vt 0.0663405 0.4235730
vn -0.4285355 0.1681747 -0.8877357
v -1.206585 1.142849 0.177924
vt 0.0599305 0.4216340
vn -0.3814560 0.4357081 -0.8152605
f 4249/4249/4249 4250/4250/4250 4251/4251/4251
v -1.266762 1.029818 0.190921
vt 0.0681335 0.4264690
vn -0.2470767 -0.0904375 -0.9647664
v -1.323305 1.041181 0.210975
vt 0.0697205 0.4233205
vn -0.7613428 0.1658417 -0.6267804
v -1.282147 1.075593 0.190921
vt 0.0663405 0.4235730
vn -0.4285355 0.1681747 -0.8877357
f 4252/4252/4252 4253/4253/4253 4254/4254/4254
v -1.206585 1.142849 0.177924
vt 0.0599305 0.4216340
vn -0.3814560 0.4357081 -0.8152605
v -1.287192 1.100137 0.206792
vt 0.0657385 0.4218350
vn -0.6963433 0.5820463 -0.4199145
v -1.157137 1.192092 0.203545
vt 0.0565540 0.4180365
vn -0.4598736 0.8474522 -0.2652190
f 4255/4255/4255 4256/4256/4256 4257/4257/4257
v -1.287192 1.100137 0.206792
vt 0.0657385 0.4218350
vn -0.6963433 0.5820463 -0.4199145
v -1.323305 1.041181 0.210975
vt 0.0697205 0.4233205
vn -0.7613428 0.1658417 -0.6267804
v -1.339314 1.035484 0.251141
vt 0.0712820 0.4213795
vn -0.9455557 0.2321096 -0.2281440
f 4258/4258/4258 4259/4259/4259 4260/4260/4260
v -1.157137 1.192092 0.203545
vt 0.0565540 0.4180365
vn -0.4598736 0.8474522 -0.2652190
v -1.297187 1.102902 0.281734
vt 0.0676510 0.4179710
vn -0.6705177 0.7325155 0.1175888
v -1.109108 1.212443 0.257305
vt 0.0555905 0.4132690
vn -0.3108002 0.9371606 0.1585350
f 4261/4261/4261 4262/4262/4262 4263/4263/4263
v -1.297187 1.102902 0.281734
vt 0.0676510 0.4179710
vn -0.6705177 0.7325155 0.1175888
v -1.339314 1.035484 0.251141
vt 0.0712820 0.4213795
vn -0.9455557 0.2321096 -0.2281440
v -1.346409 1.032761 0.292034
vt 0.0724385 0.4192300
vn -0.9614502 0.2732401 0.0308795
f 4264/4264/4264 4265/4265/4265 4266/4266/4266
v -1.157137 1.192092 0.203545
vt 0.0565540 0.4180365
vn -0.4598736 0.8474522 -0.2652190
v -1.182953 1.156422 0.174146
vt 0.0581510 0.4213185
vn -0.3506153 0.4362927 -0.8286843
v -1.206585 1.142849 0.177924
vt 0.0599305 0.4216340
vn -0.3814560 0.4357081 -0.8152605
f 4267/4267/4267 4268/4268/4268 4269/4269/4269
v -1.109108 1.212443 0.257305
vt 0.0555905 0.4132690
vn -0.3108002 0.9371606 0.1585350
v -1.134694 1.202800 0.203545
vt 0.0550390 0.4174135
vn -0.2900626 0.8988157 -0.3286244
v -1.157137 1.192092 0.203545
vt 0.0565540 0.4180365
vn -0.4598736 0.8474522 -0.2652190
f 4270/4270/4270 4271/4271/4271 4272/4272/4272
v -1.134694 1.202800 0.203545
vt 0.0550390 0.4174135
vn -0.2900626 0.8988157 -0.3286244
v -1.146557 1.176136 0.168660
vt 0.0553270 0.4207120
vn -0.3502285 0.5086793 -0.7865020
v -1.182953 1.156422 0.174146
vt 0.0581510 0.4213185
vn -0.3506153 0.4362927 -0.8286843
f 4273/4273/4273 4274/4274/4274 4275/4275/4275
v -1.093678 1.214655 0.257305
vt 0.0548075 0.4126150
vn 0.0692372 0.9903411 0.1201276
v -1.112252 1.206358 0.203545
vt 0.0536060 0.4168650
vn -0.2170262 0.9654788 -0.1440501
v -1.134694 1.202800 0.203545
vt 0.0550390 0.4174135
vn -0.2900626 0.8988157 -0.3286244
f 4276/4276/4276 4277/4277/4277 4278/4278/4278
v -1.097840 1.206955 0.164043
vt 0.0509245 0.4195285
vn -0.5687636 0.5654328 -0.5973221
v -1.112252 1.206358 0.203545
vt 0.0536060 0.4168650
vn -0.2170262 0.9654788 -0.1440501
v -1.052864 1.218222 0.208457
vt 0.0501530 0.4144020
vn 0.0391462 0.9854801 0.1652159
f 4279/4279/4279 4280/4280/4280 4281/4281/4281
v -1.052864 1.218222 0.208457
vt 0.0501530 0.4144020
vn -0.1824303 0.9804848 0.0732725
v -1.068758 1.207085 0.257305
vt 0.0535100 0.4112795
vn 0.3597385 0.8640992 0.3520238
v -1.030787 1.188173 0.254009
vt 0.0505425 0.4093545
vn 0.2470397 0.5641755 0.7878308
f 4282/4282/4282 4283/4283/4283 4284/4284/4284
v -1.144451 1.086157 0.169239
vt 0.0582485 0.4276230
vn -0.1087529 -0.0165769 -0.9939306
v -1.182953 1.156422 0.174146
vt 0.0581510 0.4213185
vn -0.3506153 0.4362927 -0.8286843
v -1.146557 1.176136 0.168660
vt 0.0553270 0.4207120
vn -0.3502285 0.5086793 -0.7865020
f 4285/4285/4285 4286/4286/4286 4287/4287/4287
v -1.095066 1.109210 0.164044
vt 0.0542705 0.4269390
vn -0.2169741 -0.0071696 -0.9761510
v -1.146557 1.176136 0.168660
vt 0.0553270 0.4207120
vn -0.3502285 0.5086793 -0.7865020
v -1.097840 1.206955 0.164043
vt 0.0509245 0.4195285
vn -0.5687636 0.5654328 -0.5973221
f 4288/4288/4288 4289/4289/4289 4290/4290/4290
v -1.095066 1.109210 0.164044
vt 0.0542705 0.4269390
vn 0.3973430 -0.9174605 -0.0196163
v -1.098601 1.106548 0.203545
vt 0.0542625 0.4301300
vn 0.4085093 -0.9105048 -0.0640410
v -1.144451 1.086157 0.169239
vt 0.0582485 0.4276230
vn 0.4208298 -0.9068365 -0.0234503
f 4291/4291/4291 4292/4292/4292 4293/4293/4293
v -1.184215 1.067352 0.174146
vt 0.0616325 0.4273835
vn -0.1370647 -0.0246126 -0.9902563
v -1.132147 1.059805 0.168990
vt 0.0591125 0.4298180
vn -0.1040384 -0.0387439 -0.9938184
v -1.172154 1.041356 0.173877
vt 0.0623145 0.4294590
vn -0.1203312 -0.0459126 -0.9916715
f 4294/4294/4294 4295/4295/4295 4296/4296/4296
v -1.098601 1.106548 0.203545
vt 0.0542625 0.4301300
vn 0.6248916 0.2530179 -0.7385744
v -1.132147 1.059805 0.168990
vt 0.0591125 0.4298180
vn 0.5052513 -0.3163290 -0.8029054
v -1.144451 1.086157 0.169239
vt 0.0582485 0.4276230
vn 0.5085154 0.2452374 -0.8253912
f 4297/4297/4297 4298/4298/4298 4299/4299/4299
v -1.169586 1.040394 0.175605
vt 0.0622535 0.4296495
vn 0.2143013 -0.6826630 -0.6986030
v -1.132147 1.059805 0.168990
vt 0.0591125 0.4298180
vn 0.5052513 -0.3163290 -0.8029054
v -1.131842 1.057829 0.170879
vt 0.0592035 0.4299925
vn 0.4583754 -0.5763181 -0.6765718
f 4300/4300/4300 4301/4301/4301 4302/4302/4302
v -1.184215 1.067352 0.174146
vt 0.0616325 0.4273835
vn -0.1370647 -0.0246126 -0.9902563
v -1.194492 1.031106 0.177621
vt 0.0641785 0.4292535
vn -0.1598157 -0.0629675 -0.9851365
v -1.206661 1.057508 0.177924
vt 0.0633890 0.4271850
vn -0.1656319 -0.0380705 -0.9854526
f 4303/4303/4303 4304/4304/4304 4305/4305/4305
v -1.193062 1.029645 0.179483
vt 0.0642335 0.4294235
vn 0.1872542 -0.6980336 -0.6911476
v -1.172154 1.041356 0.173877
vt 0.0623145 0.4294590
vn 0.2130422 -0.6836980 -0.6979756
v -1.169586 1.040394 0.175605
vt 0.0622535 0.4296495
vn 0.2143013 -0.6826630 -0.6986030
f 4306/4306/4306 4307/4307/4307 4308/4308/4308
v -1.131842 1.057829 0.170879
vt 0.0592035 0.4299925
vn 0.4155458 -0.9095672 -0.0030433
v -1.167236 1.041437 0.177937
vt 0.0621260 0.4298380
vn 0.4158379 -0.9093448 -0.0130728
v -1.169586 1.040394 0.175605
vt 0.0622535 0.4296495
vn 0.4157062 -0.9094243 -0.0116507
f 4309/4309/4309 4310/4310/4310 4311/4311/4311
v -1.169586 1.040394 0.175605
vt 0.0622535 0.4296495
vn 0.4157062 -0.9094243 -0.0116507
v -1.192219 1.030025 0.182014
vt 0.0642545 0.4295910
vn 0.4153947 -0.9096375 -0.0025982
v -1.193062 1.029645 0.179483
vt 0.0642335 0.4294235
vn 0.4153669 -0.9096517 -0.0020460
f 4312/4312/4312 4313/4313/4313 4314/4314/4314
v -1.166349 1.043914 0.179891
vt 0.0620260 0.4300400
vn 0.3918068 -0.6527290 0.6484074
v -1.132606 1.057472 0.173746
vt 0.0592775 0.4301710
vn 0.1577319 -0.7717047 0.6161109
v -1.134163 1.058854 0.175877
vt 0.0593495 0.4303520
vn -0.0420303 -0.6740348 0.7375030
f 4315/4315/4315 4316/4316/4316 4317/4317/4317
v -1.192678 1.031907 0.184136
vt 0.0642880 0.4297760
vn 0.4167850 -0.6338824 0.6515239
v -1.167236 1.041437 0.177937
vt 0.0621260 0.4298380
vn 0.3904836 -0.6507004 0.6512385
v -1.166349 1.043914 0.179891
vt 0.0620260 0.4300400
vn 0.3918068 -0.6527290 0.6484074
f 4318/4318/4318 4319/4319/4319 4320/4320/4320
v -1.166349 1.043914 0.179891
vt 0.0620260 0.4300400
vn 0.1588855 -0.0414142 0.9864280
v -1.137302 1.063701 0.176550
vt 0.0595000 0.4307410
vn 0.1440640 -0.0445667 0.9885643
v -1.168960 1.049014 0.180528
vt 0.0620410 0.4304235
vn 0.1616503 -0.0404052 0.9860206
f 4321/4321/4321 4322/4322/4322 4323/4323/4323
v -1.192678 1.031907 0.184136
vt 0.0642880 0.4297760
vn 0.1934476 -0.0168771 0.9809654
v -1.168960 1.049014 0.180528
vt 0.0620410 0.4304235
vn 0.1616503 -0.0404052 0.9860206
v -1.195933 1.036706 0.184860
vt 0.0643875 0.4301500
vn 0.1974816 -0.0132300 0.9802173
f 4324/4324/4324 4325/4325/4325 4326/4326/4326
v -1.185858 1.040831 0.213845
vt 0.0616965 0.3731660
vn 0.4150718 -0.9097646 -0.0066148
v -1.168960 1.049014 0.180528
vt 0.0598400 0.3700280
vn 0.4188657 -0.9080181 -0.0073927
v -1.142757 1.061035 0.208426
vt 0.0574155 0.3728535
vn 0.4201723 -0.9074432 -0.0014120
f 4327/4327/4327 4328/4328/4328 4329/4329/4329
v -1.206585 1.142849 0.177924
vt 0.0599305 0.4216340
vn -0.3814560 0.4357081 -0.8152605
v -1.184215 1.067352 0.174146
vt 0.0616325 0.4273835
vn -0.1370647 -0.0246126 -0.9902563
v -1.206661 1.057508 0.177924
vt 0.0633890 0.4271850
vn -0.1656319 -0.0380705 -0.9854526
f 4330/4330/4330 4331/4331/4331 4332/4332/4332
v -1.055141 1.126054 0.150993
vt 0.0515375 0.4262930
vn -0.3181174 -0.0149826 -0.9479330
v -1.097840 1.206955 0.164043
vt 0.0509245 0.4195285
vn -0.5687636 0.5654328 -0.5973221
v -1.058794 1.280259 0.146848
vt 0.0451890 0.4175000
vn -0.9571540 0.1984988 0.2108424
f 4333/4333/4333 4334/4334/4334 4335/4335/4335
v -1.055141 1.126054 0.150993
vt 0.0515375 0.4262930
vn 0.3463465 -0.9377347 -0.0264143
v -1.073359 1.117707 0.208461
vt 0.0522655 0.4300545
vn 0.3458195 -0.9362710 -0.0616873
v -1.095066 1.109210 0.164044
vt 0.0542705 0.4269390
vn 0.3973430 -0.9174605 -0.0196163
f 4336/4336/4336 4337/4337/4337 4338/4338/4338
v -1.017730 1.118198 0.231934
vt 0.2411840 0.3399090
vn -0.9056199 0.0121951 0.4239149
v -1.055141 1.126054 0.150993
vt 0.2454850 0.3402850
vn -0.8959984 0.0596949 0.4400266
v -1.064235 1.114542 0.134217
vt 0.2465690 0.3395105
vn -0.8963215 0.0609317 0.4391981
f 4339/4339/4339 4340/4340/4340 4341/4341/4341
v -1.064235 1.114542 0.134217
vt 0.2465690 0.3395105
vn -0.8879441 0.0171289 0.4596322
v -1.058794 1.280259 0.146848
vt 0.2458320 0.3493120
vn -0.9571540 0.1984988 0.2108424
v -1.067898 1.314590 0.128044
vt 0.2469420 0.3513115
vn -0.8959943 0.0206178 0.4435865
f 4342/4342/4342 4343/4343/4343 4344/4344/4344
v -1.059234 1.111183 0.137508
vt 0.2463000 0.3392865
vn -0.5238181 0.0513921 0.8502785
v -1.055812 0.695546 0.164740
vt 0.2452120 0.3141950
vn -0.3745188 0.0619146 0.9251499
v -1.050000 0.694247 0.167249
vt 0.2449305 0.3141050
vn -0.3736122 0.0620985 0.9255040
f 4345/4345/4345 4346/4346/4346 4347/4347/4347
v -1.017730 1.118198 0.231934
vt 0.2411840 0.3399090
vn -0.6152474 -0.7352555 0.2843765
v -1.059234 1.111183 0.137508
vt 0.2463000 0.3392865
vn -0.6672106 -0.6614887 0.3424365
v -1.013710 1.114475 0.230883
vt 0.2411570 0.3395580
vn -0.6148009 -0.7374845 0.2795289
f 4348/4348/4348 4349/4349/4349 4350/4350/4350
v -1.007111 1.256569 0.219194
vt 0.2411995 0.3480145
vn -0.3306018 0.6663195 0.6683715
v -1.067898 1.314590 0.128044
vt 0.2469420 0.3513115
vn -0.4874887 0.6704940 0.5592787
v -1.015733 1.249463 0.222366
vt 0.2413720 0.3474315
vn -0.3280050 0.6706118 0.6653515
f 4351/4351/4351 4352/4352/4352 4353/4353/4353
v -1.015733 1.249463 0.222366
vt 0.2413720 0.3474315
vn -0.8767461 0.0562772 0.4776496
v -1.058794 1.280259 0.146848
vt 0.2458320 0.3493120
vn -0.9571540 0.1984988 0.2108424
v -1.016368 1.224093 0.224309
vt 0.2413865 0.3459675
vn -0.6368658 0.4139824 0.6504004
f 4354/4354/4354 4355/4355/4355 4356/4356/4356
v -1.058794 1.280259 0.146848
vt 0.0451890 0.4175000
vn -0.9571540 0.1984988 0.2108424
v -1.052864 1.218222 0.208457
vt 0.0501530 0.4144020
vn -0.3816978 0.6442831 0.6627263
v -1.016368 1.224093 0.224309
vt 0.0487300 0.4125390
vn -0.6368658 0.4139824 0.6504004
f 4357/4357/4357 4358/4358/4358 4359/4359/4359
v -1.050000 0.694247 0.167249
vt 0.2449305 0.3141050
vn 0.2505666 0.0673473 0.9657540
v -1.043744 0.694117 0.165563
vt 0.2446480 0.3141010
vn 0.2502897 0.0673485 0.9658256
v -1.053037 1.111064 0.135641
vt 0.2460630 0.3392255
vn 0.2887790 0.0744865 0.9544938
f 4360/4360/4360 4361/4361/4361 4362/4362/4362
v -1.073359 1.117707 0.208461
vt 0.0522655 0.4300545
vn 0.3458195 -0.9362710 -0.0616873
v -1.038154 1.127305 0.256199
vt 0.0488800 0.4326035
vn 0.1557608 -0.8710302 0.4658808
v -1.052418 1.121771 0.255083
vt 0.0498610 0.4328905
vn 0.9784996 -0.1732295 0.1119381
f 4363/4363/4363 4364/4364/4364 4365/4365/4365
v -1.030787 1.188173 0.254009
vt 0.0505425 0.4093545
vn 0.2470397 0.5641755 0.7878308
v -1.068758 1.207085 0.257305
vt 0.0535100 0.4112795
vn 0.3597385 0.8640992 0.3520238
v -1.052418 1.121771 0.255083
vt 0.0532365 0.4039725
vn 0.9784996 -0.1732295 0.1119381
f 4366/4366/4366 4367/4367/4367 4368/4368/4368
v -1.052418 1.121771 0.255083
vt 0.0532365 0.4039725
vn 0.9784996 -0.1732295 0.1119381
v -1.068758 1.207085 0.257305
vt 0.0535100 0.4112795
vn 0.3597385 0.8640992 0.3520238
v -1.072176 1.164945 0.352108
vt 0.0596750 0.4068175
vn 0.7096576 0.6234162 0.3282351
f 4369/4369/4369 4370/4370/4370 4371/4371/4371
v -1.052418 1.121771 0.255083
vt 0.0532365 0.4039725
vn 0.9784996 -0.1732295 0.1119381
v -1.051781 1.122989 0.374411
vt 0.0615760 0.4038345
vn 0.8420743 0.2880166 0.4560232
v -1.049882 1.096301 0.374555
vt 0.0622395 0.4018220
vn 0.9066518 -0.1815953 0.3807959
f 4372/4372/4372 4373/4373/4373 4374/4374/4374
v -1.098601 1.106548 0.203545
vt 0.0542625 0.4301300
vn 0.6248916 0.2530179 -0.7385744
v -1.052418 1.121771 0.255083
vt 0.0498610 0.4328905
vn 0.9784996 -0.1732295 0.1119381
v -1.050620 1.095556 0.255219
vt 0.0512690 0.4344050
vn 0.9370544 -0.1859087 -0.2955790
f 4375/4375/4375 4376/4376/4376 4377/4377/4377
v -1.086739 1.080123 0.203488
vt 0.0555780 0.4320125
vn 0.7428779 -0.1058716 -0.6610019
v -1.050620 1.095556 0.255219
vt 0.0512690 0.4344050
vn 0.9370544 -0.1859087 -0.2955790
v -1.051784 1.092990 0.255783
vt 0.0514065 0.4345565
vn 0.8701378 -0.4427799 -0.2163475
f 4378/4378/4378 4379/4379/4379 4380/4380/4380
v -1.050620 1.095556 0.255219
vt 0.0534995 0.4019225
vn 0.9370544 -0.1859087 -0.2955790
v -1.049882 1.096301 0.374555
vt 0.0622395 0.4018220
vn 0.9066518 -0.1815953 0.3807959
v -1.051030 1.093699 0.373950
vt 0.0622910 0.4016150
vn 0.8486752 -0.4421690 0.2902360
f 4381/4381/4381 4382/4382/4382 4383/4383/4383
v -1.051784 1.092990 0.255783
vt 0.0535770 0.4017085
vn 0.3964624 -0.9180508 0.0005750
v -1.051030 1.093699 0.373950
vt 0.0622910 0.4016150
vn 0.4100875 -0.9119230 0.0150018
v -1.055590 1.091624 0.372460
vt 0.0623020 0.4013180
vn 0.1985597 -0.9771149 -0.0762926
f 4384/4384/4384 4385/4385/4385 4386/4386/4386
v -1.088441 1.077268 0.203709
vt 0.0557930 0.4321255
vn 0.4108891 -0.9116555 -0.0073609
v -1.051784 1.092990 0.255783
vt 0.0514065 0.4345565
vn 0.3964624 -0.9180508 0.0005750
v -1.056356 1.091018 0.257118
vt 0.0516520 0.4347845
vn 0.1354258 -0.9869997 0.0865518
f 4387/4387/4387 4388/4388/4388 4389/4389/4389
v -1.132147 1.059805 0.168990
vt 0.0591125 0.4298180
vn 0.5052513 -0.3163290 -0.8029054
v -1.086739 1.080123 0.203488
vt 0.0555780 0.4320125
vn 0.7428779 -0.1058716 -0.6610019
v -1.088441 1.077268 0.203709
vt 0.0557930 0.4321255
vn 0.7228460 -0.4637520 -0.5122770
f 4390/4390/4390 4391/4391/4391 4392/4392/4392
v -1.131842 1.057829 0.170879
vt 0.0592035 0.4299925
vn 0.4155458 -0.9095672 -0.0030433
v -1.088441 1.077268 0.203709
vt 0.0557930 0.4321255
vn 0.4108891 -0.9116555 -0.0073609
v -1.093573 1.074963 0.204174
vt 0.0561345 0.4322460
vn 0.1882237 -0.9559782 0.2251172
f 4393/4393/4393 4394/4394/4394 4395/4395/4395
v -1.132606 1.057472 0.173746
vt 0.0592775 0.4301710
vn 0.1577319 -0.7717047 0.6161109
v -1.093573 1.074963 0.204174
vt 0.0561345 0.4322460
vn 0.1882237 -0.9559782 0.2251172
v -1.097321 1.075363 0.204526
vt 0.0563310 0.4323640
vn -0.3028685 -0.7426851 0.5972349
f 4396/4396/4396 4397/4397/4397 4398/4398/4398
v -1.093573 1.074963 0.204174
vt 0.0561345 0.4322460
vn 0.1882237 -0.9559782 0.2251172
v -1.056356 1.091018 0.257118
vt 0.0516520 0.4347845
vn 0.1354258 -0.9869997 0.0865518
v -1.059630 1.091645 0.257907
vt 0.0517975 0.4349395
vn -0.4183293 -0.8728334 0.2513218
f 4399/4399/4399 4400/4400/4400 4401/4401/4401
v -1.134163 1.058854 0.175877
vt 0.0593495 0.4303520
vn -0.0420303 -0.6740348 0.7375030
v -1.097321 1.075363 0.204526
vt 0.0563310 0.4323640
vn -0.3028685 -0.7426851 0.5972349
v -1.101222 1.079879 0.204915
vt 0.0565520 0.4327165
vn -0.5075732 -0.4972053 0.7036735
f 4402/4402/4402 4403/4403/4403 4404/4404/4404
v -1.097321 1.075363 0.204526
vt 0.0563310 0.4323640
vn -0.3028685 -0.7426851 0.5972349
v -1.059630 1.091645 0.257907
vt 0.0517975 0.4349395
vn -0.4183293 -0.8728334 0.2513218
v -1.063839 1.096078 0.258623
vt 0.0520125 0.4353065
vn -0.6643544 -0.6787438 0.3129537
f 4405/4405/4405 4406/4406/4406 4407/4407/4407
v -1.113007 1.075183 0.272137
vt 0.0548105 0.3791750
vn 0.4138845 -0.9103291 0.0008256
v -1.142757 1.061035 0.208426
vt 0.0574155 0.3728535
vn 0.4201723 -0.9074432 -0.0014120
v -1.101222 1.079879 0.204915
vt 0.0533385 0.3727215
vn 0.4106815 -0.9117782 0.0011790
f 4408/4408/4408 4409/4409/4409 4410/4410/4410
v -1.142757 1.061035 0.208426
vt 0.0574155 0.3728535
vn 0.4201723 -0.9074432 -0.0014120
v -1.168960 1.049014 0.180528
vt 0.0598400 0.3700280
vn 0.4188657 -0.9080181 -0.0073927
v -1.137302 1.063701 0.176550
vt 0.0567080 0.3697965
vn 0.4168219 -0.9089761 -0.0046876
f 4411/4411/4411 4412/4412/4412 4413/4413/4413
v -1.059630 1.091645 0.257907
vt 0.0538015 0.4011535
vn -0.4183293 -0.8728334 0.2513218
v -1.059463 1.091939 0.370804
vt 0.0622585 0.4010775
vn -0.2786990 -0.9305215 -0.2376056
v -1.063298 1.096542 0.368785
vt 0.0621355 0.4006720
vn -0.6150116 -0.6860375 -0.3887331
f 4414/4414/4414 4415/4415/4415 4416/4416/4416
v -1.113007 1.075183 0.272137
vt 0.0548105 0.3791750
vn 0.4138845 -0.9103291 0.0008256
v -1.063839 1.096078 0.258623
vt 0.0500025 0.3781000
vn 0.3918477 -0.9200248 0.0031380
v -1.063298 1.096542 0.368785
vt 0.0504150 0.3887705
vn 0.3874732 -0.9218702 0.0044467
f 4417/4417/4417 4418/4418/4418 4419/4419/4419
v -1.164946 1.050131 0.283884
vt 0.0600405 0.3800450
vn 0.4203994 -0.9073389 -0.0007134
v -1.185858 1.040831 0.213845
vt 0.0616965 0.3731660
vn 0.4150718 -0.9097646 -0.0066148
v -1.142757 1.061035 0.208426
vt 0.0574155 0.3728535
vn 0.4201723 -0.9074432 -0.0014120
f 4420/4420/4420 4421/4421/4421 4422/4422/4422
v -1.106635 1.077596 0.388547
vt 0.0546950 0.3904825
vn 0.4143514 -0.9101162 0.0012198
v -1.164946 1.050131 0.283884
vt 0.0600405 0.3800450
vn 0.4203994 -0.9073389 -0.0007134
v -1.113007 1.075183 0.272137
vt 0.0548105 0.3791750
vn 0.4138845 -0.9103291 0.0008256
f 4423/4423/4423 4424/4424/4424 4425/4425/4425
v -1.059463 1.091939 0.370804
vt 0.0622585 0.4010775
vn -0.2786990 -0.9305215 -0.2376056
v -1.077395 1.084441 0.387842
vt 0.0645740 0.4021770
vn -0.0134630 -0.7761155 -0.6304471
v -1.081346 1.089076 0.385339
vt 0.0647105 0.4018535
vn -0.1235239 -0.5451450 -0.8291917
f 4426/4426/4426 4427/4427/4427 4428/4428/4428
v -1.101367 1.073622 0.390582
vt 0.0667725 0.4032445
vn 0.2404881 -0.5780009 -0.7797952
v -1.106635 1.077596 0.388547
vt 0.0671615 0.4030215
vn 0.1180417 -0.3240381 -0.9386508
v -1.081346 1.089076 0.385339
vt 0.0647105 0.4018535
vn -0.1235239 -0.5451450 -0.8291917
f 4429/4429/4429 4430/4430/4430 4431/4431/4431
v -1.275063 0.994381 0.382568
vt 0.0760735 0.4109910
vn 0.4781765 -0.4450882 -0.7571287
v -1.277018 0.999842 0.380812
vt 0.0763245 0.4106325
vn 0.3820115 -0.1512314 -0.9116996
v -1.106635 1.077596 0.388547
vt 0.0671615 0.4030215
vn 0.1180417 -0.3240381 -0.9386508
f 4432/4432/4432 4433/4433/4433 4434/4434/4434
v -1.277018 0.999842 0.380812
vt 0.0712865 0.3890410
vn 0.4250771 -0.9051470 0.0042861
v -1.253351 1.010773 0.292692
vt 0.0687455 0.3805165
vn 0.4200660 -0.9074908 0.0022455
v -1.164946 1.050131 0.283884
vt 0.0600405 0.3800450
vn 0.4203994 -0.9073389 -0.0007134
f 4435/4435/4435 4436/4436/4436 4437/4437/4437
v -1.101367 1.073622 0.390582
vt 0.0667725 0.4032445
vn 0.2404881 -0.5780009 -0.7797952
v -1.098823 1.072761 0.393215
vt 0.0665485 0.4033505
vn 0.3845980 -0.8845404 -0.2639561
v -1.275024 0.992422 0.385026
vt 0.0759395 0.4111685
vn 0.4785622 -0.8323510 -0.2795888
f 4438/4438/4438 4439/4439/4439 4440/4440/4440
v -1.098823 1.072761 0.393215
vt 0.0665485 0.4033505
vn 0.3845980 -0.8845404 -0.2639561
v -1.101367 1.073622 0.390582
vt 0.0667725 0.4032445
vn 0.2404881 -0.5780009 -0.7797952
v -1.077395 1.084441 0.387842
vt 0.0645740 0.4021770
vn -0.0134630 -0.7761155 -0.6304471
f 4441/4441/4441 4442/4442/4442 4443/4443/4443
v -1.275024 0.992422 0.385026
vt 0.0759395 0.4111685
vn 0.4785622 -0.8323510 -0.2795888
v -1.317919 0.971165 0.357116
vt 0.0777405 0.4153410
vn 0.5525951 -0.8282268 -0.0931603
v -1.317016 0.973679 0.355740
vt 0.0779280 0.4153155
vn 0.8633084 -0.1575652 -0.4794495
f 4444/4444/4444 4445/4445/4445 4446/4446/4446
v -1.317016 0.973679 0.355740
vt 0.0779280 0.4153155
vn 0.8633084 -0.1575652 -0.4794495
v -1.319303 0.979004 0.354671
vt 0.0783155 0.4152785
vn 0.5088282 0.0458722 -0.8596451
v -1.277018 0.999842 0.380812
vt 0.0763245 0.4106325
vn 0.3820115 -0.1512314 -0.9116996
f 4447/4447/4447 4448/4448/4448 4449/4449/4449
v -1.317016 0.973679 0.355740
vt 0.0779280 0.4153155
vn 0.8633084 -0.1575652 -0.4794495
v -1.317919 0.971165 0.357116
vt 0.0777405 0.4153410
vn 0.5525951 -0.8282268 -0.0931603
v -1.324801 0.967464 0.293714
vt 0.0775555 0.4206470
vn 0.7092795 -0.7047597 0.0153650
f 4450/4450/4450 4451/4451/4451 4452/4452/4452
v -1.323515 0.970179 0.293715
vt 0.0777480 0.4206850
vn 0.9980345 -0.0529530 0.0335168
v -1.325471 0.975670 0.293774
vt 0.0781265 0.4207705
vn 0.9415351 0.3350772 0.0351398
v -1.319303 0.979004 0.354671
vt 0.0783155 0.4152785
vn 0.9216726 0.3698343 -0.1172268
f 4453/4453/4453 4454/4454/4454 4455/4455/4455
v -1.253351 1.010773 0.292692
vt 0.0687455 0.3805165
vn 0.4200660 -0.9074908 0.0022455
v -1.277018 0.999842 0.380812
vt 0.0712865 0.3890410
vn 0.4250771 -0.9051470 0.0042861
v -1.319303 0.979004 0.354671
vt 0.0754010 0.3864750
vn 0.4383264 -0.8987976 0.0057278
f 4456/4456/4456 4457/4457/4457 4458/4458/4458
v -1.315834 0.980117 0.237268
vt 0.0745705 0.3747420
vn 0.4375183 -0.8992069 0.0021461
v -1.256383 1.009015 0.224783
vt 0.0686320 0.3738705
vn 0.4254349 -0.9049881 0.0013203
v -1.253351 1.010773 0.292692
vt 0.0687455 0.3805165
vn 0.4200660 -0.9074908 0.0022455
f 4459/4459/4459 4460/4460/4460 4461/4461/4461
v -1.323515 0.970179 0.293715
vt 0.0777480 0.4206850
vn 0.9980345 -0.0529530 0.0335168
v -1.313657 0.974753 0.237111
vt 0.0752575 0.4252935
vn 0.9288091 -0.0642974 0.3649377
v -1.315834 0.980117 0.237268
vt 0.0755815 0.4254780
vn 0.8569846 0.3335440 0.3928432
f 4462/4462/4462 4463/4463/4463 4464/4464/4464
v -1.313657 0.974753 0.237111
vt 0.0752575 0.4252935
vn 0.9288091 -0.0642974 0.3649377
v -1.297349 0.982720 0.213107
vt 0.0733815 0.4271340
vn 0.6452958 -0.1418152 0.7506542
v -1.300064 0.987785 0.213356
vt 0.0735165 0.4274655
vn 0.5429665 0.2433826 0.8037116
f 4465/4465/4465 4466/4466/4466 4467/4467/4467
v -1.256383 1.009015 0.224783
vt 0.0686320 0.3738705
vn 0.4254349 -0.9049881 0.0013203
v -1.315834 0.980117 0.237268
vt 0.0745705 0.3747420
vn 0.4375183 -0.8992069 0.0021461
v -1.300064 0.987785 0.213356
vt 0.0728965 0.3725100
vn 0.4371831 -0.8993725 -0.0002274
f 4468/4468/4468 4469/4469/4469 4470/4470/4470
v -1.253351 1.010773 0.292692
vt 0.0687455 0.3805165
vn 0.4200660 -0.9074908 0.0022455
v -1.256383 1.009015 0.224783
vt 0.0686320 0.3738705
vn 0.4254349 -0.9049881 0.0013203
v -1.185858 1.040831 0.213845
vt 0.0616965 0.3731660
vn 0.4150718 -0.9097646 -0.0066148
f 4471/4471/4471 4472/4472/4472 4473/4473/4473
v -1.256383 1.009015 0.224783
vt 0.0686320 0.3738705
vn 0.4254349 -0.9049881 0.0013203
v -1.257359 1.008560 0.198535
vt 0.0685835 0.3713205
vn 0.4276356 -0.9039511 0.0004265
v -1.195933 1.036706 0.184860
vt 0.0625005 0.3703075
vn 0.4119537 -0.9111286 -0.0117867
f 4474/4474/4474 4475/4475/4475 4476/4476/4476
v -1.254252 1.003715 0.197958
vt 0.0696100 0.4290475
vn 0.2496925 0.0442986 0.9673114
v -1.192678 1.031907 0.184136
vt 0.0642880 0.4297760
vn 0.1934476 -0.0168771 0.9809654
v -1.195933 1.036706 0.184860
vt 0.0643875 0.4301500
vn 0.1974816 -0.0132300 0.9802173
f 4477/4477/4477 4478/4478/4478 4479/4479/4479
v -1.297349 0.982720 0.213107
vt 0.0733815 0.4271340
vn 0.6452958 -0.1418152 0.7506542
v -1.254252 1.003715 0.197958
vt 0.0696100 0.4290475
vn 0.2496925 0.0442986 0.9673114
v -1.257359 1.008560 0.198535
vt 0.0696600 0.4294235
vn 0.2571817 0.0513596 0.9649973
f 4480/4480/4480 4481/4481/4481 4482/4482/4482
v -1.253313 1.002085 0.195746
vt 0.0695555 0.4288750
vn 0.4691232 -0.6036653 0.6446019
v -1.192219 1.030025 0.182014
vt 0.0642545 0.4295910
vn 0.4151786 -0.6343412 0.6521028
v -1.192678 1.031907 0.184136
vt 0.0642880 0.4297760
vn 0.4167850 -0.6338824 0.6515239
f 4483/4483/4483 4484/4484/4484 4485/4485/4485
v -1.254252 1.003715 0.197958
vt 0.0696100 0.4290475
vn 0.4726350 -0.6014416 0.6441149
v -1.297349 0.982720 0.213107
vt 0.0733815 0.4271340
vn 0.6452958 -0.1418152 0.7506542
v -1.297586 0.980471 0.211435
vt 0.0732970 0.4269790
vn 0.6708707 -0.4863538 0.5598147
f 4486/4486/4486 4487/4487/4487 4488/4488/4488
v -1.253465 1.002077 0.192759
vt 0.0694640 0.4287060
vn 0.4233928 -0.9057587 -0.0184325
v -1.253313 1.002085 0.195746
vt 0.0695555 0.4288750
vn 0.4222322 -0.9062852 -0.0191598
v -1.297586 0.980471 0.211435
vt 0.0732970 0.4269790
vn 0.4384204 -0.8987694 -0.0010870
f 4489/4489/4489 4490/4490/4490 4491/4491/4491
v -1.253465 1.002077 0.192759
vt 0.0694640 0.4287060
vn 0.4233928 -0.9057587 -0.0184325
v -1.193062 1.029645 0.179483
vt 0.0642335 0.4294235
vn 0.4153669 -0.9096517 -0.0020460
v -1.192219 1.030025 0.182014
vt 0.0642545 0.4295910
vn 0.4153947 -0.9096375 -0.0025982
f 4492/4492/4492 4493/4493/4493 4494/4494/4494
v -1.299188 0.979691 0.209211
vt 0.0731880 0.4268495
vn 0.4385951 -0.8986846 -0.0006503
v -1.297586 0.980471 0.211435
vt 0.0732970 0.4269790
vn 0.4384204 -0.8987694 -0.0010870
v -1.315112 0.971937 0.237503
vt 0.0751230 0.4251610
vn 0.6939808 -0.7052611 0.1449051
f 4495/4495/4495 4496/4496/4496 4497/4497/4497
v -1.313657 0.974753 0.237111
vt 0.0752575 0.4252935
vn 0.9288091 -0.0642974 0.3649377
v -1.315112 0.971937 0.237503
vt 0.0751230 0.4251610
vn 0.6939808 -0.7052611 0.1449051
v -1.297586 0.980471 0.211435
vt 0.0732970 0.4269790
vn 0.6708707 -0.4863538 0.5598147
f 4498/4498/4498 4499/4499/4499 4500/4500/4500
v -1.320903 0.969095 0.238688
vt 0.0749445 0.4248560
vn 0.4407855 -0.8976070 0.0031354
v -1.315112 0.971937 0.237503
vt 0.0751230 0.4251610
vn 0.6939808 -0.7052611 0.1449051
v -1.324801 0.967464 0.293714
vt 0.0775555 0.4206470
vn 0.7092795 -0.7047597 0.0153650
f 4501/4501/4501 4502/4502/4502 4503/4503/4503
v -1.323515 0.970179 0.293715
vt 0.0777480 0.4206850
vn 0.9980345 -0.0529530 0.0335168
v -1.324801 0.967464 0.293714
vt 0.0775555 0.4206470
vn 0.7092795 -0.7047597 0.0153650
v -1.315112 0.971937 0.237503
vt 0.0751230 0.4251610
vn 0.6939808 -0.7052611 0.1449051
f 4504/4504/4504 4505/4505/4505 4506/4506/4506
v -1.328043 0.965873 0.293746
vt 0.0773425 0.4206090
vn 0.4406452 -0.8976696 0.0045866
v -1.324801 0.967464 0.293714
vt 0.0775555 0.4206470
vn 0.7092795 -0.7047597 0.0153650
v -1.317919 0.971165 0.357116
vt 0.0777405 0.4153410
vn 0.5525951 -0.8282268 -0.0931603
f 4507/4507/4507 4508/4508/4508 4509/4509/4509
v -1.328043 0.965873 0.293746
vt 0.0773425 0.4206090
vn -0.2659484 -0.9639869 0.0008057
v -1.330815 0.966640 0.293756
vt 0.0771715 0.4205810
vn -0.2671068 -0.9636663 0.0009909
v -1.323942 0.969733 0.239131
vt 0.0748535 0.4246865
vn -0.2226170 -0.9340391 -0.2793076
f 4510/4510/4510 4511/4511/4511 4512/4512/4512
v -1.320501 0.969910 0.358738
vt 0.0775525 0.4153785
vn -0.1719078 -0.9054717 0.3880319
v -1.322997 0.970826 0.359757
vt 0.0773820 0.4154065
vn -0.1925282 -0.9155995 0.3530023
v -1.330815 0.966640 0.293756
vt 0.0771715 0.4205810
vn -0.2671068 -0.9636663 0.0009909
f 4513/4513/4513 4514/4514/4514 4515/4515/4515
v -1.277752 0.993392 0.391273
vt 0.0755675 0.4115110
vn 0.1018231 -0.7379225 0.6671597
v -1.322997 0.970826 0.359757
vt 0.0773820 0.4154065
vn -0.1925282 -0.9155995 0.3530023
v -1.320501 0.969910 0.358738
vt 0.0775525 0.4153785
vn -0.1719078 -0.9054717 0.3880319
f 4516/4516/4516 4517/4517/4517 4518/4518/4518
v -1.276348 0.991890 0.389384
vt 0.0757245 0.4113895
vn 0.4237903 -0.9055879 0.0176798
v -1.320501 0.969910 0.358738
vt 0.0775525 0.4153785
vn 0.4401291 -0.8979114 0.0064433
v -1.317919 0.971165 0.357116
vt 0.0777405 0.4153410
vn 0.5525951 -0.8282268 -0.0931603
f 4519/4519/4519 4520/4520/4520 4521/4521/4521
v -1.096716 1.073678 0.397938
vt 0.0662465 0.4035340
vn 0.3178128 -0.6551234 0.6854256
v -1.096637 1.075805 0.399933
vt 0.0660750 0.4036620
vn 0.3113635 -0.6553266 0.6881859
v -1.277752 0.993392 0.391273
vt 0.0755675 0.4115110
vn 0.1018231 -0.7379225 0.6671597
f 4522/4522/4522 4523/4523/4523 4524/4524/4524
v -1.276348 0.991890 0.389384
vt 0.0757245 0.4113895
vn 0.4237903 -0.9055879 0.0176798
v -1.275024 0.992422 0.385026
vt 0.0759395 0.4111685
vn 0.4785622 -0.8323510 -0.2795888
v -1.098823 1.072761 0.393215
vt 0.0665485 0.4033505
vn 0.3845980 -0.8845404 -0.2639561
f 4525/4525/4525 4526/4526/4526 4527/4527/4527
v -1.329827 0.999872 0.359967
vt 0.0753110 0.4154520
vn -0.8372670 -0.0758958 0.5415013
v -1.322997 0.970826 0.359757
vt 0.0773820 0.4154065
vn -0.5226721 -0.1289819 0.8427204
v -1.277752 0.993392 0.391273
vt 0.0755675 0.4115110
vn -0.2695789 -0.1106713 0.9565976
f 4528/4528/4528 4529/4529/4529 4530/4530/4530
v -1.109061 1.102358 0.399894
vt 0.0649015 0.4052820
vn -0.0768251 0.2250893 0.9713047
v -1.290102 1.019300 0.391112
vt 0.0740180 0.4125480
vn -0.3889011 0.0851060 0.9173401
v -1.277752 0.993392 0.391273
vt 0.0755675 0.4115110
vn -0.2695789 -0.1106713 0.9565976
f 4531/4531/4531 4532/4532/4532 4533/4533/4533
v -1.086103 1.112118 0.397801
vt 0.0636900 0.4046535
vn 0.2442943 0.3221650 0.9146201
v -1.109061 1.102358 0.399894
vt 0.0649015 0.4052820
vn -0.0768251 0.2250893 0.9713047
v -1.096637 1.075805 0.399933
vt 0.0660750 0.4036620
vn 0.0246103 0.0113065 0.9996333
f 4534/4534/4534 4535/4535/4535 4536/4536/4536
v -1.096637 1.075805 0.399933
vt 0.0660750 0.4036620
vn 0.3113635 -0.6553266 0.6881859
v -1.096716 1.073678 0.397938
vt 0.0662465 0.4035340
vn 0.3178128 -0.6551234 0.6854256
v -1.074279 1.084042 0.395883
vt 0.0645255 0.4027390
vn 0.5483109 -0.5442534 0.6349357
f 4537/4537/4537 4538/4538/4538 4539/4539/4539
v -1.086103 1.112118 0.397801
vt 0.0636900 0.4046535
vn 0.2442943 0.3221650 0.9146201
v -1.074539 1.086057 0.397831
vt 0.0644845 0.4029305
vn 0.4996868 -0.2159796 0.8388479
v -1.049882 1.096301 0.374555
vt 0.0622395 0.4018220
vn 0.9066518 -0.1815953 0.3807959
f 4540/4540/4540 4541/4541/4541 4542/4542/4542
v -1.074539 1.086057 0.397831
vt 0.0644845 0.4029305
vn 0.4996868 -0.2159796 0.8388479
v -1.074279 1.084042 0.395883
vt 0.0645255 0.4027390
vn 0.5483109 -0.5442534 0.6349357
v -1.051030 1.093699 0.373950
vt 0.0622910 0.4016150
vn 0.8486752 -0.4421690 0.2902360
f 4543/4543/4543 4544/4544/4544 4545/4545/4545
v -1.096716 1.073678 0.397938
vt 0.0662465 0.4035340
vn 0.4148096 -0.9098841 -0.0066395
v -1.098823 1.072761 0.393215
vt 0.0665485 0.4033505
vn 0.3845980 -0.8845404 -0.2639561
v -1.075696 1.083308 0.390520
vt 0.0645380 0.4023625
vn 0.2895368 -0.9288282 -0.2311850
f 4546/4546/4546 4547/4547/4547 4548/4548/4548
v -1.074279 1.084042 0.395883
vt 0.0645255 0.4027390
vn 0.4094118 -0.9121663 0.0182952
v -1.075696 1.083308 0.390520
vt 0.0645380 0.4023625
vn 0.2895368 -0.9288282 -0.2311850
v -1.055590 1.091624 0.372460
vt 0.0623020 0.4013180
vn 0.1985597 -0.9771149 -0.0762926
f 4549/4549/4549 4550/4550/4550 4551/4551/4551
v -1.075696 1.083308 0.390520
vt 0.0645380 0.4023625
vn 0.2895368 -0.9288282 -0.2311850
v -1.077395 1.084441 0.387842
vt 0.0645740 0.4021770
vn -0.0134630 -0.7761155 -0.6304471
v -1.059463 1.091939 0.370804
vt 0.0622585 0.4010775
vn -0.2786990 -0.9305215 -0.2376056
f 4552/4552/4552 4553/4553/4553 4554/4554/4554
v -1.056356 1.091018 0.257118
vt 0.0537220 0.4013700
vn 0.1354258 -0.9869997 0.0865518
v -1.055590 1.091624 0.372460
vt 0.0623020 0.4013180
vn 0.1985597 -0.9771149 -0.0762926
v -1.059463 1.091939 0.370804
vt 0.0622585 0.4010775
vn -0.2786990 -0.9305215 -0.2376056
f 4555/4555/4555 4556/4556/4556 4557/4557/4557
v -1.114205 1.171427 0.365584
vt 0.0612045 0.4083000
vn -0.1636802 0.4329982 0.8864092
v -1.109061 1.102358 0.399894
vt 0.0649015 0.4052820
vn -0.0768251 0.2250893 0.9713047
v -1.086103 1.112118 0.397801
vt 0.0636900 0.4046535
vn 0.2442943 0.3221650 0.9146201
f 4558/4558/4558 4559/4559/4559 4560/4560/4560
v -1.094921 1.174945 0.365584
vt 0.0606255 0.4077055
vn 0.2188718 0.7504112 0.6236810
v -1.086103 1.112118 0.397801
vt 0.0636900 0.4046535
vn 0.2442943 0.3221650 0.9146201
v -1.051781 1.122989 0.374411
vt 0.0615760 0.4038345
vn 0.8420743 0.2880166 0.4560232
f 4561/4561/4561 4562/4562/4562 4563/4563/4563
v -1.093678 1.214655 0.257305
vt 0.0548075 0.4126150
vn 0.0692372 0.9903411 0.1201276
v -1.094921 1.174945 0.365584
vt 0.0606255 0.4077055
vn 0.2188718 0.7504112 0.6236810
v -1.072176 1.164945 0.352108
vt 0.0596750 0.4068175
vn 0.7096576 0.6234162 0.3282351
f 4564/4564/4564 4565/4565/4565 4566/4566/4566
v -1.109108 1.212443 0.257305
vt 0.0555905 0.4132690
vn -0.3108002 0.9371606 0.1585350
v -1.114205 1.171427 0.365584
vt 0.0612045 0.4083000
vn -0.3097003 0.8921672 0.3288215
v -1.094921 1.174945 0.365584
vt 0.0606255 0.4077055
vn 0.2188718 0.7504112 0.6236810
f 4567/4567/4567 4568/4568/4568 4569/4569/4569
v -1.297187 1.102902 0.281734
vt 0.0676510 0.4179710
vn -0.6705177 0.7325155 0.1175888
v -1.306290 1.062734 0.366860
vt 0.0715635 0.4143835
vn -0.5916369 0.5532292 0.5864326
v -1.114205 1.171427 0.365584
vt 0.0612045 0.4083000
vn -0.3097003 0.8921672 0.3288215
f 4570/4570/4570 4571/4571/4571 4572/4572/4572
v -1.306290 1.062734 0.366860
vt 0.0715635 0.4143835
vn -0.5916369 0.5532292 0.5864326
v -1.290102 1.019300 0.391112
vt 0.0740180 0.4125480
vn -0.3889011 0.0851060 0.9173401
v -1.109061 1.102358 0.399894
vt 0.0649015 0.4052820
vn -0.0768251 0.2250893 0.9713047
f 4573/4573/4573 4574/4574/4574 4575/4575/4575
v -1.306290 1.062734 0.366860
vt 0.0715635 0.4143835
vn -0.5916369 0.5532292 0.5864326
v -1.297187 1.102902 0.281734
vt 0.0676510 0.4179710
vn -0.6705177 0.7325155 0.1175888
v -1.346409 1.032761 0.292034
vt 0.0724385 0.4192300
vn -0.9614502 0.2732401 0.0308795
f 4576/4576/4576 4577/4577/4577 4578/4578/4578
v -1.333245 1.034122 0.350739
vt 0.0731790 0.4158645
vn -0.8737599 0.2756551 0.4006970
v -1.329827 0.999872 0.359967
vt 0.0753110 0.4154520
vn -0.8372670 -0.0758958 0.5415013
v -1.290102 1.019300 0.391112
vt 0.0740180 0.4125480
vn -0.3889011 0.0851060 0.9173401
f 4579/4579/4579 4580/4580/4580 4581/4581/4581
v -1.343789 0.992593 0.293604
vt 0.0750230 0.4199770
vn -0.9706015 -0.2398717 0.0198571
v -1.329827 0.999872 0.359967
vt 0.0753110 0.4154520
vn -0.8372670 -0.0758958 0.5415013
v -1.333245 1.034122 0.350739
vt 0.0731790 0.4158645
vn -0.8737599 0.2756551 0.4006970
f 4582/4582/4582 4583/4583/4583 4584/4584/4584
v -1.343789 0.992593 0.293604
vt 0.0750230 0.4199770
vn -0.9706015 -0.2398717 0.0198571
v -1.330815 0.966640 0.293756
vt 0.0771715 0.4205810
vn -0.8945425 -0.4469789 -0.0019182
v -1.322997 0.970826 0.359757
vt 0.0773820 0.4154065
vn -0.9380550 -0.2813277 0.2022558
f 4585/4585/4585 4586/4586/4586 4587/4587/4587
v -1.339314 1.035484 0.251141
vt 0.0712820 0.4213795
vn -0.9455557 0.2321096 -0.2281440
v -1.336879 0.995660 0.239079
vt 0.0732340 0.4233660
vn -0.9061030 -0.2295053 -0.3553934
v -1.343789 0.992593 0.293604
vt 0.0750230 0.4199770
vn -0.9706015 -0.2398717 0.0198571
f 4588/4588/4588 4589/4589/4589 4590/4590/4590
v -1.336879 0.995660 0.239079
vt 0.0732340 0.4233660
vn -0.9061030 -0.2295053 -0.3553934
v -1.323942 0.969733 0.239131
vt 0.0748535 0.4246865
vn -0.8178177 -0.4091628 -0.4046728
v -1.330815 0.966640 0.293756
vt 0.0771715 0.4205810
vn -0.8945425 -0.4469789 -0.0019182
f 4591/4591/4591 4592/4592/4592 4593/4593/4593
v -1.314126 1.006818 0.207664
vt 0.0714445 0.4250600
vn -0.5468500 -0.1775074 -0.8181969
v -1.301187 0.980856 0.207627
vt 0.0730350 0.4267360
vn -0.4896539 -0.2442677 -0.8370020
v -1.323942 0.969733 0.239131
vt 0.0748535 0.4246865
vn -0.8178177 -0.4091628 -0.4046728
f 4594/4594/4594 4595/4595/4595 4596/4596/4596
v -1.323305 1.041181 0.210975
vt 0.0697205 0.4233205
vn -0.7613428 0.1658417 -0.6267804
v -1.314126 1.006818 0.207664
vt 0.0714445 0.4250600
vn -0.5468500 -0.1775074 -0.8181969
v -1.336879 0.995660 0.239079
vt 0.0732340 0.4233660
vn -0.9061030 -0.2295053 -0.3553934
f 4597/4597/4597 4598/4598/4598 4599/4599/4599
v -1.320903 0.969095 0.238688
vt 0.0749445 0.4248560
vn -0.2449316 -0.9251388 -0.2900457
v -1.323942 0.969733 0.239131
vt 0.0748535 0.4246865
vn -0.2226170 -0.9340391 -0.2793076
v -1.301187 0.980856 0.207627
vt 0.0730350 0.4267360
vn -0.0467150 -0.8275132 -0.5594994
f 4600/4600/4600 4601/4601/4601 4602/4602/4602
v -1.266762 1.029818 0.190921
vt 0.0681335 0.4264690
vn -0.2470767 -0.0904375 -0.9647664
v -1.254393 1.003807 0.190750
vt 0.0693490 0.4285525
vn -0.2248521 -0.1000375 -0.9692439
v -1.301187 0.980856 0.207627
vt 0.0730350 0.4267360
vn -0.4896539 -0.2442677 -0.8370020
f 4603/4603/4603 4604/4604/4604 4605/4605/4605
v -1.254393 1.003807 0.190750
vt 0.0693490 0.4285525
vn 0.1384785 -0.7173159 -0.6828482
v -1.253465 1.002077 0.192759
vt 0.0694640 0.4287060
vn 0.1445508 -0.7162101 -0.6827506
v -1.299188 0.979691 0.209211
vt 0.0731880 0.4268495
vn -0.0137211 -0.8158645 -0.5780802
f 4606/4606/4606 4607/4607/4607 4608/4608/4608
v -1.253465 1.002077 0.192759
vt 0.0694640 0.4287060
vn 0.1445508 -0.7162101 -0.6827506
v -1.254393 1.003807 0.190750
vt 0.0693490 0.4285525
vn 0.1384785 -0.7173159 -0.6828482
v -1.194492 1.031106 0.177621
vt 0.0641785 0.4292535
vn 0.1847339 -0.6992376 -0.6906084
f 4609/4609/4609 4610/4610/4610 4611/4611/4611
v -1.206661 1.057508 0.177924
vt 0.0633890 0.4271850
vn -0.1656319 -0.0380705 -0.9854526
v -1.194492 1.031106 0.177621
vt 0.0641785 0.4292535
vn -0.1598157 -0.0629675 -0.9851365
v -1.254393 1.003807 0.190750
vt 0.0693490 0.4285525
vn -0.2248521 -0.1000375 -0.9692439
f 4612/4612/4612 4613/4613/4613 4614/4614/4614
v -1.206661 1.057508 0.177924
vt 0.0633890 0.4271850
vn -0.1656319 -0.0380705 -0.9854526
v -1.266762 1.029818 0.190921
vt 0.0681335 0.4264690
vn -0.2470767 -0.0904375 -0.9647664
v -1.282147 1.075593 0.190921
vt 0.0663405 0.4235730
vn -0.4285355 0.1681747 -0.8877357
f 4615/4615/4615 4616/4616/4616 4617/4617/4617
v -1.266762 1.029818 0.190921
vt 0.0681335 0.4264690
vn -0.2470767 -0.0904375 -0.9647664
v -1.314126 1.006818 0.207664
vt 0.0714445 0.4250600
vn -0.5468500 -0.1775074 -0.8181969
v -1.323305 1.041181 0.210975
vt 0.0697205 0.4233205
vn -0.7613428 0.1658417 -0.6267804
f 4618/4618/4618 4619/4619/4619 4620/4620/4620
v -1.206585 1.142849 0.177924
vt 0.0599305 0.4216340
vn -0.3814560 0.4357081 -0.8152605
v -1.282147 1.075593 0.190921
vt 0.0663405 0.4235730
vn -0.4285355 0.1681747 -0.8877357
v -1.287192 1.100137 0.206792
vt 0.0657385 0.4218350
vn -0.6963433 0.5820463 -0.4199145
f 4621/4621/4621 4622/4622/4622 4623/4623/4623
v -1.287192 1.100137 0.206792
vt 0.0657385 0.4218350
vn -0.6963433 0.5820463 -0.4199145
v -1.282147 1.075593 0.190921
vt 0.0663405 0.4235730
vn -0.4285355 0.1681747 -0.8877357
v -1.323305 1.041181 0.210975
vt 0.0697205 0.4233205
vn -0.7613428 0.1658417 -0.6267804
f 4624/4624/4624 4625/4625/4625 4626/4626/4626
v -1.157137 1.192092 0.203545
vt 0.0565540 0.4180365
vn -0.4598736 0.8474522 -0.2652190
v -1.287192 1.100137 0.206792
vt 0.0657385 0.4218350
vn -0.6963433 0.5820463 -0.4199145
v -1.297187 1.102902 0.281734
vt 0.0676510 0.4179710
vn -0.6705177 0.7325155 0.1175888
f 4627/4627/4627 4628/4628/4628 4629/4629/4629
v -1.297187 1.102902 0.281734
vt 0.0676510 0.4179710
vn -0.6705177 0.7325155 0.1175888
v -1.287192 1.100137 0.206792
vt 0.0657385 0.4218350
vn -0.6963433 0.5820463 -0.4199145
v -1.339314 1.035484 0.251141
vt 0.0712820 0.4213795
vn -0.9455557 0.2321096 -0.2281440
f 4630/4630/4630 4631/4631/4631 4632/4632/4632
v -1.157137 1.192092 0.203545
vt 0.0565540 0.4180365
vn -0.4598736 0.8474522 -0.2652190
v -1.134694 1.202800 0.203545
vt 0.0550390 0.4174135
vn -0.2900626 0.8988157 -0.3286244
v -1.182953 1.156422 0.174146
vt 0.0581510 0.4213185
vn -0.3506153 0.4362927 -0.8286843
f 4633/4633/4633 4634/4634/4634 4635/4635/4635
v -1.109108 1.212443 0.257305
vt 0.0555905 0.4132690
vn -0.3108002 0.9371606 0.1585350
v -1.093678 1.214655 0.257305
vt 0.0548075 0.4126150
vn 0.0692372 0.9903411 0.1201276
v -1.134694 1.202800 0.203545
vt 0.0550390 0.4174135
vn -0.2900626 0.8988157 -0.3286244
f 4636/4636/4636 4637/4637/4637 4638/4638/4638
v -1.134694 1.202800 0.203545
vt 0.0550390 0.4174135
vn -0.2900626 0.8988157 -0.3286244
v -1.112252 1.206358 0.203545
vt 0.0536060 0.4168650
vn -0.2170262 0.9654788 -0.1440501
v -1.146557 1.176136 0.168660
vt 0.0553270 0.4207120
vn -0.3502285 0.5086793 -0.7865020
f 4639/4639/4639 4640/4640/4640 4641/4641/4641
v -1.093678 1.214655 0.257305
vt 0.0548075 0.4126150
vn 0.0692372 0.9903411 0.1201276
v -1.068758 1.207085 0.257305
vt 0.0535100 0.4112795
vn 0.3597385 0.8640992 0.3520238
v -1.112252 1.206358 0.203545
vt 0.0536060 0.4168650
vn -0.2170262 0.9654788 -0.1440501
f 4642/4642/4642 4643/4643/4643 4644/4644/4644
v -1.097840 1.206955 0.164043
vt 0.0509245 0.4195285
vn -0.5687636 0.5654328 -0.5973221
v -1.146557 1.176136 0.168660
vt 0.0553270 0.4207120
vn -0.3502285 0.5086793 -0.7865020
v -1.112252 1.206358 0.203545
vt 0.0536060 0.4168650
vn -0.2170262 0.9654788 -0.1440501
f 4645/4645/4645 4646/4646/4646 4647/4647/4647
v -1.052864 1.218222 0.208457
vt 0.0501530 0.4144020
vn -0.1824303 0.9804848 0.0732725
v -1.112252 1.206358 0.203545
vt 0.0536060 0.4168650
vn -0.2170262 0.9654788 -0.1440501
v -1.068758 1.207085 0.257305
vt 0.0535100 0.4112795
vn 0.3597385 0.8640992 0.3520238
f 4648/4648/4648 4649/4649/4649 4650/4650/4650
v -1.144451 1.086157 0.169239
vt 0.0582485 0.4276230
vn -0.1087529 -0.0165769 -0.9939306
v -1.184215 1.067352 0.174146
vt 0.0616325 0.4273835
vn -0.1370647 -0.0246126 -0.9902563
v -1.182953 1.156422 0.174146
vt 0.0581510 0.4213185
vn -0.3506153 0.4362927 -0.8286843
f 4651/4651/4651 4652/4652/4652 4653/4653/4653
v -1.095066 1.109210 0.164044
vt 0.0542705 0.4269390
vn -0.2169741 -0.0071696 -0.9761510
v -1.144451 1.086157 0.169239
vt 0.0582485 0.4276230
vn -0.1087529 -0.0165769 -0.9939306
v -1.146557 1.176136 0.168660
vt 0.0553270 0.4207120
vn -0.3502285 0.5086793 -0.7865020
f 4654/4654/4654 4655/4655/4655 4656/4656/4656
v -1.095066 1.109210 0.164044
vt 0.0542705 0.4269390
vn 0.3973430 -0.9174605 -0.0196163
v -1.073359 1.117707 0.208461
vt 0.0522655 0.4300545
vn 0.3458195 -0.9362710 -0.0616873
v -1.098601 1.106548 0.203545
vt 0.0542625 0.4301300
vn 0.4085093 -0.9105048 -0.0640410
f 4657/4657/4657 4658/4658/4658 4659/4659/4659
v -1.184215 1.067352 0.174146
vt 0.0616325 0.4273835
vn -0.1370647 -0.0246126 -0.9902563
v -1.144451 1.086157 0.169239
vt 0.0582485 0.4276230
vn -0.1087529 -0.0165769 -0.9939306
v -1.132147 1.059805 0.168990
vt 0.0591125 0.4298180
vn -0.1040384 -0.0387439 -0.9938184
f 4660/4660/4660 4661/4661/4661 4662/4662/4662
v -1.098601 1.106548 0.203545
vt 0.0542625 0.4301300
vn 0.6248916 0.2530179 -0.7385744
v -1.086739 1.080123 0.203488
vt 0.0555780 0.4320125
vn 0.7428779 -0.1058716 -0.6610019
v -1.132147 1.059805 0.168990
vt 0.0591125 0.4298180
vn 0.5052513 -0.3163290 -0.8029054
f 4663/4663/4663 4664/4664/4664 4665/4665/4665
v -1.169586 1.040394 0.175605
vt 0.0622535 0.4296495
vn 0.2143013 -0.6826630 -0.6986030
v -1.172154 1.041356 0.173877
vt 0.0623145 0.4294590
vn 0.2130422 -0.6836980 -0.6979756
v -1.132147 1.059805 0.168990
vt 0.0591125 0.4298180
vn 0.5052513 -0.3163290 -0.8029054
f 4666/4666/4666 4667/4667/4667 4668/4668/4668
v -1.184215 1.067352 0.174146
vt 0.0616325 0.4273835
vn -0.1370647 -0.0246126 -0.9902563
v -1.172154 1.041356 0.173877
vt 0.0623145 0.4294590
vn -0.1203312 -0.0459126 -0.9916715
v -1.194492 1.031106 0.177621
vt 0.0641785 0.4292535
vn -0.1598157 -0.0629675 -0.9851365
f 4669/4669/4669 4670/4670/4670 4671/4671/4671
v -1.193062 1.029645 0.179483
vt 0.0642335 0.4294235
vn 0.1872542 -0.6980336 -0.6911476
v -1.194492 1.031106 0.177621
vt 0.0641785 0.4292535
vn 0.1847339 -0.6992376 -0.6906084
v -1.172154 1.041356 0.173877
vt 0.0623145 0.4294590
vn 0.2130422 -0.6836980 -0.6979756
f 4672/4672/4672 4673/4673/4673 4674/4674/4674
v -1.131842 1.057829 0.170879
vt 0.0592035 0.4299925
vn 0.4155458 -0.9095672 -0.0030433
v -1.132606 1.057472 0.173746
vt 0.0592775 0.4301710
vn 0.4158726 -0.9094189 -0.0026812
v -1.167236 1.041437 0.177937
vt 0.0621260 0.4298380
vn 0.4158379 -0.9093448 -0.0130728
f 4675/4675/4675 4676/4676/4676 4677/4677/4677
v -1.169586 1.040394 0.175605
vt 0.0622535 0.4296495
vn 0.4157062 -0.9094243 -0.0116507
v -1.167236 1.041437 0.177937
vt 0.0621260 0.4298380
vn 0.4158379 -0.9093448 -0.0130728
v -1.192219 1.030025 0.182014
vt 0.0642545 0.4295910
vn 0.4153947 -0.9096375 -0.0025982
f 4678/4678/4678 4679/4679/4679 4680/4680/4680
v -1.166349 1.043914 0.179891
vt 0.0620260 0.4300400
vn 0.3918068 -0.6527290 0.6484074
v -1.167236 1.041437 0.177937
vt 0.0621260 0.4298380
vn 0.3904836 -0.6507004 0.6512385
v -1.132606 1.057472 0.173746
vt 0.0592775 0.4301710
vn 0.1577319 -0.7717047 0.6161109
f 4681/4681/4681 4682/4682/4682 4683/4683/4683
v -1.192678 1.031907 0.184136
vt 0.0642880 0.4297760
vn 0.4167850 -0.6338824 0.6515239
v -1.192219 1.030025 0.182014
vt 0.0642545 0.4295910
vn 0.4151786 -0.6343412 0.6521028
v -1.167236 1.041437 0.177937
vt 0.0621260 0.4298380
vn 0.3904836 -0.6507004 0.6512385
f 4684/4684/4684 4685/4685/4685 4686/4686/4686
v -1.166349 1.043914 0.179891
vt 0.0620260 0.4300400
vn 0.1588855 -0.0414142 0.9864280
v -1.134163 1.058854 0.175877
vt 0.0593495 0.4303520
vn 0.1437973 -0.0441664 0.9886211
v -1.137302 1.063701 0.176550
vt 0.0595000 0.4307410
vn 0.1440640 -0.0445667 0.9885643
f 4687/4687/4687 4688/4688/4688 4689/4689/4689
v -1.192678 1.031907 0.184136
vt 0.0642880 0.4297760
vn 0.1934476 -0.0168771 0.9809654
v -1.166349 1.043914 0.179891
vt 0.0620260 0.4300400
vn 0.1588855 -0.0414142 0.9864280
v -1.168960 1.049014 0.180528
vt 0.0620410 0.4304235
vn 0.1616503 -0.0404052 0.9860206
f 4690/4690/4690 4691/4691/4691 4692/4692/4692
v -1.185858 1.040831 0.213845
vt 0.0616965 0.3731660
vn 0.4150718 -0.9097646 -0.0066148
v -1.195933 1.036706 0.184860
vt 0.0625005 0.3703075
vn 0.4119537 -0.9111286 -0.0117867
v -1.168960 1.049014 0.180528
vt 0.0598400 0.3700280
vn 0.4188657 -0.9080181 -0.0073927
f 4693/4693/4693 4694/4694/4694 4695/4695/4695
v -1.206585 1.142849 0.177924
vt 0.0599305 0.4216340
vn -0.3814560 0.4357081 -0.8152605
v -1.182953 1.156422 0.174146
vt 0.0581510 0.4213185
vn -0.3506153 0.4362927 -0.8286843
v -1.184215 1.067352 0.174146
vt 0.0616325 0.4273835
vn -0.1370647 -0.0246126 -0.9902563
f 4696/4696/4696 4697/4697/4697 4698/4698/4698
v -1.055141 1.126054 0.150993
vt 0.0515375 0.4262930
vn -0.3181174 -0.0149826 -0.9479330
v -1.095066 1.109210 0.164044
vt 0.0542705 0.4269390
vn -0.2169741 -0.0071696 -0.9761510
v -1.097840 1.206955 0.164043
vt 0.0509245 0.4195285
vn -0.5687636 0.5654328 -0.5973221
f 4699/4699/4699 4700/4700/4700 4701/4701/4701
v -1.055141 1.126054 0.150993
vt 0.0515375 0.4262930
vn 0.3463465 -0.9377347 -0.0264143
v -1.017946 1.133982 0.230875
vt 0.0480925 0.4303850
vn 0.2508981 -0.9657247 -0.0665260
v -1.073359 1.117707 0.208461
vt 0.0522655 0.4300545
vn 0.3458195 -0.9362710 -0.0616873
f 4702/4702/4702 4703/4703/4703 4704/4704/4704
v -1.017730 1.118198 0.231934
vt 0.2411840 0.3399090
vn -0.9056199 0.0121951 0.4239149
v -1.017946 1.133982 0.230875
vt 0.2412815 0.3410305
vn -0.9060029 0.0070450 0.4232127
v -1.055141 1.126054 0.150993
vt 0.2454850 0.3402850
vn -0.8959984 0.0596949 0.4400266
f 4705/4705/4705 4706/4706/4706 4707/4707/4707
v -1.064235 1.114542 0.134217
vt 0.2465690 0.3395105
vn -0.8879441 0.0171289 0.4596322
v -1.055141 1.126054 0.150993
vt 0.2454850 0.3402850
vn -0.8846214 0.0213260 0.4658220
v -1.058794 1.280259 0.146848
vt 0.2458320 0.3493120
vn -0.9571540 0.1984988 0.2108424
f 4708/4708/4708 4709/4709/4709 4710/4710/4710
v -1.059234 1.111183 0.137508
vt 0.2463000 0.3392865
vn -0.5238181 0.0513921 0.8502785
v -1.064235 1.114542 0.134217
vt 0.2465690 0.3395105
vn -0.5247551 0.0513467 0.8497033
v -1.055812 0.695546 0.164740
vt 0.2452120 0.3141950
vn -0.3745188 0.0619146 0.9251499
f 4711/4711/4711 4712/4712/4712 4713/4713/4713
v -1.017730 1.118198 0.231934
vt 0.2411840 0.3399090
vn -0.6152474 -0.7352555 0.2843765
v -1.064235 1.114542 0.134217
vt 0.2465690 0.3395105
vn -0.6687026 -0.6597081 0.3429607
v -1.059234 1.111183 0.137508
vt 0.2463000 0.3392865
vn -0.6672106 -0.6614887 0.3424365
f 4714/4714/4714 4715/4715/4715 4716/4716/4716
v -1.007111 1.256569 0.219194
vt 0.2411995 0.3480145
vn -0.3306018 0.6663195 0.6683715
v -1.061812 1.321081 0.125291
vt 0.2469020 0.3518090
vn -0.4686705 0.6698084 0.5759380
v -1.067898 1.314590 0.128044
vt 0.2469420 0.3513115
vn -0.4874887 0.6704940 0.5592787
f 4717/4717/4717 4718/4718/4718 4719/4719/4719
v -1.015733 1.249463 0.222366
vt 0.2413720 0.3474315
vn -0.8767461 0.0562772 0.4776496
v -1.067898 1.314590 0.128044
vt 0.2469420 0.3513115
vn -0.8959943 0.0206178 0.4435865
v -1.058794 1.280259 0.146848
vt 0.2458320 0.3493120
vn -0.9571540 0.1984988 0.2108424
f 4720/4720/4720 4721/4721/4721 4722/4722/4722
v -1.058794 1.280259 0.146848
vt 0.0451890 0.4175000
vn -0.9571540 0.1984988 0.2108424
v -1.097840 1.206955 0.164043
vt 0.0509245 0.4195285
vn -0.5687636 0.5654328 -0.5973221
v -1.052864 1.218222 0.208457
vt 0.0501530 0.4144020
vn -0.3816978 0.6442831 0.6627263
f 4723/4723/4723 4724/4724/4724 4725/4725/4725
o mirror_right
v 1.067898 1.314590 0.128044
vt 0.0971480 0.3511010
vn 0.4874951 0.6704677 0.5593046
v 1.007110 1.256569 0.219194
vt 0.1028535 0.3478095
vn 0.3305884 0.6663355 0.6683624
v 1.015733 1.249463 0.222366
vt 0.1026810 0.3472300
vn 0.3279940 0.6705943 0.6653746
f 4726/4726/4726 4727/4727/4727 4728/4728/4728
v 1.015733 1.249463 0.222366
vt 0.1026810 0.3472300
vn 0.8767433 0.0562835 0.4776541
v 1.058793 1.280259 0.146848
vt 0.0982525 0.3491080
vn 0.9592058 0.1906489 0.2087513
v 1.067898 1.314590 0.128044
vt 0.0971480 0.3511010
vn 0.8907060 0.0174848 0.4542434
f 4729/4729/4729 4730/4730/4730 4731/4731/4731
v 1.058793 1.280259 0.146848
vt 0.0982525 0.3491080
vn 0.9592058 0.1906489 0.2087513
v 1.064235 1.114542 0.134217
vt 0.0975135 0.3393310
vn 0.8908691 0.0313066 0.4531799
v 1.067898 1.314590 0.128044
vt 0.0971480 0.3511010
vn 0.9007018 0.0237662 0.4337873
f 4732/4732/4732 4733/4733/4733 4734/4734/4734
v 1.097839 1.206955 0.164043
vt 0.0260355 0.4237915
vn 0.5687569 0.5654387 -0.5973229
v 1.055141 1.126054 0.150993
vt 0.0195510 0.4258140
vn 0.8844659 -0.4665924 -0.0034138
v 1.058793 1.280259 0.146848
vt 0.0301045 0.4283140
vn 0.9592058 0.1906489 0.2087513
f 4735/4735/4735 4736/4736/4736 4737/4737/4737
v 1.052863 1.218222 0.208457
vt 0.0310670 0.4225420
vn 0.3816961 0.6442760 0.6627343
v 1.058793 1.280259 0.146848
vt 0.0301045 0.4283140
vn 0.9592058 0.1906489 0.2087513
v 1.016367 1.224093 0.224309
vt 0.0333325 0.4231440
vn 0.6368625 0.4139873 0.6504003
f 4738/4738/4738 4739/4739/4739 4740/4740/4740
v 1.112251 1.206358 0.203545
vt 0.0274700 0.4202945
vn 0.2238375 0.9640350 -0.1432949
v 1.097839 1.206955 0.164043
vt 0.0260355 0.4237915
vn 0.5687569 0.5654387 -0.5973229
v 1.052863 1.218222 0.208457
vt 0.0310670 0.4225420
vn 0.1371718 0.9867511 0.0866388
f 4741/4741/4741 4742/4742/4742 4743/4743/4743
v 1.146557 1.176136 0.168660
vt 0.0232570 0.4201770
vn 0.2728145 0.4900979 -0.8278746
v 1.095066 1.109210 0.164044
vt 0.0179085 0.4235365
vn 0.2169290 -0.0071705 -0.9761611
v 1.097839 1.206955 0.164043
vt 0.0260355 0.4237915
vn 0.5687569 0.5654387 -0.5973229
f 4744/4744/4744 4745/4745/4745 4746/4746/4746
v 1.146557 1.176136 0.168660
vt 0.0232570 0.4201770
vn 0.2728145 0.4900979 -0.8278746
v 1.134694 1.202800 0.203545
vt 0.0264150 0.4191810
vn 0.2709492 0.9075378 -0.3208760
v 1.182953 1.156422 0.174146
vt 0.0216160 0.4178005
vn 0.3505960 0.4363505 -0.8286620
f 4747/4747/4747 4748/4748/4748 4749/4749/4749
v 1.144451 1.086158 0.169239
vt 0.0157540 0.4201225
vn 0.1087529 -0.0165770 -0.9939306
v 1.182953 1.156422 0.174146
vt 0.0216160 0.4178005
vn 0.3505960 0.4363505 -0.8286620
v 1.184215 1.067352 0.174146
vt 0.0146805 0.4169045
vn 0.1348053 -0.0236427 -0.9905900
f 4750/4750/4750 4751/4751/4751 4752/4752/4752
v 1.184215 1.067352 0.174146
vt 0.0146805 0.4169045
vn 0.1348053 -0.0236427 -0.9905900
v 1.132146 1.059805 0.168990
vt 0.0133955 0.4201645
vn 0.1040382 -0.0387441 -0.9938184
v 1.144451 1.086158 0.169239
vt 0.0157540 0.4201225
vn 0.1087529 -0.0165770 -0.9939306
f 4753/4753/4753 4754/4754/4754 4755/4755/4755
v 1.095066 1.109210 0.164044
vt 0.0179085 0.4235365
vn -0.3973448 -0.9174597 -0.0196144
v 1.098601 1.106548 0.203545
vt 0.0149635 0.4247645
vn -0.4085120 -0.9105036 -0.0640394
v 1.073359 1.117707 0.208461
vt 0.0157970 0.4265810
vn -0.3458226 -0.9362696 -0.0616936
f 4756/4756/4756 4757/4757/4757 4758/4758/4758
v 1.132146 1.059805 0.168990
vt 0.0133955 0.4201645
vn -0.5052115 -0.3163812 -0.8029099
v 1.098601 1.106548 0.203545
vt 0.0149635 0.4247645
vn -0.6248912 0.2530170 -0.7385753
v 1.144451 1.086158 0.169239
vt 0.0157540 0.4201225
vn -0.5085130 0.2452375 -0.8253927
f 4759/4759/4759 4760/4760/4760 4761/4761/4761
v 1.088440 1.077268 0.203709
vt 0.0125340 0.4241145
vn -0.7228286 -0.4637613 -0.5122933
v 1.132146 1.059805 0.168990
vt 0.0133955 0.4201645
vn -0.5052115 -0.3163812 -0.8029099
v 1.131842 1.057829 0.170879
vt 0.0131995 0.4201475
vn -0.4583648 -0.5763249 -0.6765732
f 4762/4762/4762 4763/4763/4763 4764/4764/4764
v 1.169586 1.040394 0.175605
vt 0.0123490 0.4171980
vn -0.2143131 -0.6825998 -0.6986609
v 1.132146 1.059805 0.168990
vt 0.0133955 0.4201645
vn -0.5052115 -0.3163812 -0.8029099
v 1.172153 1.041356 0.173877
vt 0.0125020 0.4170685
vn -0.2130535 -0.6836353 -0.6980337
f 4765/4765/4765 4766/4766/4766 4767/4767/4767
v 1.194492 1.031106 0.177621
vt 0.0119785 0.4152680
vn 0.1598149 -0.0629702 -0.9851365
v 1.184215 1.067352 0.174146
vt 0.0146805 0.4169045
vn 0.1348053 -0.0236427 -0.9905900
v 1.206660 1.057509 0.177924
vt 0.0141915 0.4152060
vn 0.1664567 -0.0375559 -0.9853333
f 4768/4768/4768 4769/4769/4769 4770/4770/4770
v 1.193062 1.029646 0.179483
vt 0.0118005 0.4152825
vn -0.1872328 -0.6979942 -0.6911931
v 1.172153 1.041356 0.173877
vt 0.0125020 0.4170685
vn -0.2130535 -0.6836353 -0.6980337
v 1.194492 1.031106 0.177621
vt 0.0119785 0.4152680
vn -0.1847122 -0.6991966 -0.6906558
f 4771/4771/4771 4772/4772/4772 4773/4773/4773
v 1.167235 1.041437 0.177937
vt 0.0122240 0.4173880
vn -0.4160024 -0.9092686 -0.0131415
v 1.131842 1.057829 0.170879
vt 0.0131995 0.4201475
vn -0.4155568 -0.9095621 -0.0030416
v 1.169586 1.040394 0.175605
vt 0.0123490 0.4171980
vn -0.4157091 -0.9094229 -0.0116544
f 4774/4774/4774 4775/4775/4775 4776/4776/4776
v 1.192219 1.030025 0.182014
vt 0.0116375 0.4153270
vn -0.4153998 -0.9096354 -0.0024972
v 1.169586 1.040394 0.175605
vt 0.0123490 0.4171980
vn -0.4157091 -0.9094229 -0.0116544
v 1.193062 1.029646 0.179483
vt 0.0118005 0.4152825
vn -0.4153729 -0.9096491 -0.0019450
f 4777/4777/4777 4778/4778/4778 4779/4779/4779
v 1.253464 1.002077 0.192759
vt 0.0104615 0.4101755
vn -0.1446006 -0.7162161 -0.6827335
v 1.194492 1.031106 0.177621
vt 0.0119785 0.4152680
vn -0.1847122 -0.6991966 -0.6906558
v 1.254393 1.003807 0.190750
vt 0.0106475 0.4102230
vn -0.1384808 -0.7173309 -0.6828320
f 4780/4780/4780 4781/4781/4781 4782/4782/4782
v 1.253464 1.002077 0.192759
vt 0.0104615 0.4101755
vn -0.4233111 -0.9057974 -0.0184073
v 1.192219 1.030025 0.182014
vt 0.0116375 0.4153270
vn -0.4153998 -0.9096354 -0.0024972
v 1.193062 1.029646 0.179483
vt 0.0118005 0.4152825
vn -0.4153729 -0.9096491 -0.0019450
f 4783/4783/4783 4784/4784/4784 4785/4785/4785
v 1.192678 1.031907 0.184136
vt 0.0114540 0.4153670
vn -0.4170334 -0.6337509 0.6514930
v 1.253313 1.002085 0.195746
vt 0.0102705 0.4101555
vn -0.4690557 -0.6037384 0.6445827
v 1.254252 1.003715 0.197958
vt 0.0100900 0.4101715
vn -0.4726404 -0.6014574 0.6440962
f 4786/4786/4786 4787/4787/4787 4788/4788/4788
v 1.192678 1.031907 0.184136
vt 0.0114540 0.4153670
vn -0.4170334 -0.6337509 0.6514930
v 1.167235 1.041437 0.177937
vt 0.0122240 0.4173880
vn -0.3904456 -0.6506941 0.6512674
v 1.192219 1.030025 0.182014
vt 0.0116375 0.4153270
vn -0.4154258 -0.6342056 0.6520771
f 4789/4789/4789 4790/4790/4790 4791/4791/4791
v 1.192678 1.031907 0.184136
vt 0.0114540 0.4153670
vn -0.1933344 -0.0169593 0.9809864
v 1.168960 1.049014 0.180528
vt 0.0117155 0.4176905
vn -0.1616522 -0.0404120 0.9860200
v 1.166349 1.043914 0.179891
vt 0.0120755 0.4175580
vn -0.1590666 -0.0413620 0.9864010
f 4792/4792/4792 4793/4793/4793 4794/4794/4794
v 1.254252 1.003715 0.197958
vt 0.0100900 0.4101715
vn -0.2496953 0.0442940 0.9673108
v 1.195933 1.036706 0.184860
vt 0.0110705 0.4154180
vn -0.1975571 -0.0131729 0.9802029
v 1.192678 1.031907 0.184136
vt 0.0114540 0.4153670
vn -0.1933344 -0.0169593 0.9809864
f 4795/4795/4795 4796/4796/4796 4797/4797/4797
v 1.166349 1.043914 0.179891
vt 0.0120755 0.4175580
vn -0.3918052 -0.6527326 0.6484049
v 1.132606 1.057472 0.173746
vt 0.0130065 0.4201470
vn -0.1577403 -0.7717338 0.6160721
v 1.167235 1.041437 0.177937
vt 0.0122240 0.4173880
vn -0.3904456 -0.6506941 0.6512674
f 4798/4798/4798 4799/4799/4799 4800/4800/4800
v 1.166349 1.043914 0.179891
vt 0.0120755 0.4175580
vn -0.1590666 -0.0413620 0.9864010
v 1.137302 1.063701 0.176550
vt 0.0123945 0.4201600
vn -0.1440637 -0.0445686 0.9885643
v 1.134163 1.058854 0.175877
vt 0.0128115 0.4201495
vn -0.1437970 -0.0441681 0.9886211
f 4801/4801/4801 4802/4802/4802 4803/4803/4803
v 1.185858 1.040831 0.213845
vt 0.0249040 0.3717400
vn -0.4150707 -0.9097651 -0.0066176
v 1.168960 1.049014 0.180528
vt 0.0267605 0.3686020
vn -0.4188364 -0.9080321 -0.0073531
v 1.195933 1.036706 0.184860
vt 0.0241000 0.3688820
vn -0.4119519 -0.9111292 -0.0117910
f 4804/4804/4804 4805/4805/4805 4806/4806/4806
v 1.142757 1.061035 0.208426
vt 0.0291850 0.3714280
vn -0.4196053 -0.9076992 -0.0036582
v 1.137302 1.063701 0.176550
vt 0.0298920 0.3683705
vn -0.4168224 -0.9089759 -0.0046840
v 1.168960 1.049014 0.180528
vt 0.0267605 0.3686020
vn -0.4188364 -0.9080321 -0.0073531
f 4807/4807/4807 4808/4808/4808 4809/4809/4809
v 1.134163 1.058854 0.175877
vt 0.0128115 0.4201495
vn 0.0420217 -0.6740603 0.7374802
v 1.101222 1.079880 0.204915
vt 0.0116975 0.4236395
vn 0.5075853 -0.4972233 0.7036520
v 1.097321 1.075363 0.204526
vt 0.0121075 0.4237085
vn 0.3028517 -0.7426974 0.5972280
f 4810/4810/4810 4811/4811/4811 4812/4812/4812
v 1.113007 1.075183 0.272137
vt 0.0317900 0.3777495
vn -0.4131460 -0.9106647 -0.0004734
v 1.101222 1.079880 0.204915
vt 0.0332620 0.3712960
vn -0.4107160 -0.9117626 0.0011500
v 1.142757 1.061035 0.208426
vt 0.0291850 0.3714280
vn -0.4196053 -0.9076992 -0.0036582
f 4813/4813/4813 4814/4814/4814 4815/4815/4815
v 1.097321 1.075363 0.204526
vt 0.0121075 0.4237085
vn 0.3028517 -0.7426974 0.5972280
v 1.063839 1.096078 0.258623
vt 0.0110420 0.4288245
vn 0.6643358 -0.6787634 0.3129507
v 1.059629 1.091645 0.257907
vt 0.0114635 0.4288825
vn 0.4183242 -0.8728361 0.2513206
f 4816/4816/4816 4817/4817/4817 4818/4818/4818
v 1.097321 1.075363 0.204526
vt 0.0121075 0.4237085
vn 0.3028517 -0.7426974 0.5972280
v 1.132606 1.057472 0.173746
vt 0.0130065 0.4201470
vn -0.1577403 -0.7717338 0.6160721
v 1.134163 1.058854 0.175877
vt 0.0128115 0.4201495
vn 0.0420217 -0.6740603 0.7374802
f 4819/4819/4819 4820/4820/4820 4821/4821/4821
v 1.059629 1.091645 0.257907
vt 0.0114635 0.4288825
vn 0.4183242 -0.8728361 0.2513206
v 1.093573 1.074963 0.204174
vt 0.0122920 0.4238450
vn -0.1882338 -0.9559817 0.2250932
v 1.097321 1.075363 0.204526
vt 0.0121075 0.4237085
vn 0.3028517 -0.7426974 0.5972280
f 4822/4822/4822 4823/4823/4823 4824/4824/4824
v 1.059463 1.091939 0.370804
vt 0.0387440 0.4062590
vn 0.2431147 -0.9395791 -0.2410105
v 1.056356 1.091019 0.257118
vt 0.0417410 0.4142575
vn -0.1834203 -0.9749848 0.1255459
v 1.059629 1.091645 0.257907
vt 0.0419105 0.4141015
vn 0.4183242 -0.8728361 0.2513206
f 4825/4825/4825 4826/4826/4826 4827/4827/4827
v 1.059629 1.091645 0.257907
vt 0.0419105 0.4141015
vn 0.4183242 -0.8728361 0.2513206
v 1.063298 1.096542 0.368785
vt 0.0391660 0.4062180
vn 0.6150097 -0.6860410 -0.3887296
v 1.059463 1.091939 0.370804
vt 0.0387440 0.4062590
vn 0.2431147 -0.9395791 -0.2410105
f 4828/4828/4828 4829/4829/4829 4830/4830/4830
v 1.051784 1.092991 0.255783
vt 0.0414835 0.4145210
vn -0.3964618 -0.9180510 0.0005786
v 1.055590 1.091624 0.372460
vt 0.0385055 0.4063110
vn -0.3025112 -0.9462802 -0.1141958
v 1.051030 1.093699 0.373950
vt 0.0382355 0.4064350
vn -0.4100786 -0.9119265 0.0150229
f 4831/4831/4831 4832/4832/4832 4833/4833/4833
v 1.088440 1.077268 0.203709
vt 0.0125340 0.4241145
vn -0.4107991 -0.9116959 -0.0073952
v 1.056356 1.091019 0.257118
vt 0.0116625 0.4289575
vn -0.1834203 -0.9749848 0.1255459
v 1.051784 1.092991 0.255783
vt 0.0119670 0.4290970
vn -0.3964618 -0.9180510 0.0005786
f 4834/4834/4834 4835/4835/4835 4836/4836/4836
v 1.075696 1.083309 0.390520
vt 0.0366850 0.4046450
vn -0.2856320 -0.9307956 -0.2281096
v 1.059463 1.091939 0.370804
vt 0.0387440 0.4062590
vn 0.2431147 -0.9395791 -0.2410105
v 1.077395 1.084442 0.387842
vt 0.0368420 0.4045405
vn 0.0000797 -0.7483738 -0.6632771
f 4837/4837/4837 4838/4838/4838 4839/4839/4839
v 1.055590 1.091624 0.372460
vt 0.0385055 0.4063110
vn -0.3025112 -0.9462802 -0.1141958
v 1.074278 1.084043 0.395883
vt 0.0363415 0.4048005
vn -0.4093837 -0.9121780 0.0183369
v 1.051030 1.093699 0.373950
vt 0.0382355 0.4064350
vn -0.4100786 -0.9119265 0.0150229
f 4840/4840/4840 4841/4841/4841 4842/4842/4842
v 1.074539 1.086057 0.397831
vt 0.0361805 0.4049120
vn -0.4996809 -0.2159670 0.8388548
v 1.051030 1.093699 0.373950
vt 0.0382355 0.4064350
vn -0.8486909 -0.4421429 0.2902303
v 1.074278 1.084043 0.395883
vt 0.0363415 0.4048005
vn -0.5483351 -0.5442166 0.6349464
f 4843/4843/4843 4844/4844/4844 4845/4845/4845
v 1.051030 1.093699 0.373950
vt 0.0382355 0.4064350
vn -0.8486909 -0.4421429 0.2902303
v 1.050620 1.095557 0.255219
vt 0.0413155 0.4146750
vn -0.9366362 -0.1864359 -0.2965707
v 1.051784 1.092991 0.255783
vt 0.0414835 0.4145210
vn -0.8701330 -0.4427674 -0.2163916
f 4846/4846/4846 4847/4847/4847 4848/4848/4848
v 1.049882 1.096301 0.374555
vt 0.0380640 0.4065620
vn -0.8805922 -0.1453069 0.4510467
v 1.086103 1.112118 0.397801
vt 0.0348930 0.4063050
vn -0.2611632 0.2917597 0.9201467
v 1.051781 1.122989 0.374411
vt 0.0364580 0.4079450
vn -0.8420872 0.2872527 0.4564811
f 4849/4849/4849 4850/4850/4850 4851/4851/4851
v 1.052418 1.121771 0.255083
vt 0.0395225 0.4157025
vn -0.9784999 -0.1732317 0.1119319
v 1.049882 1.096301 0.374555
vt 0.0380640 0.4065620
vn -0.8805922 -0.1453069 0.4510467
v 1.051781 1.122989 0.374411
vt 0.0364580 0.4079450
vn -0.8420872 0.2872527 0.4564811
f 4852/4852/4852 4853/4853/4853 4854/4854/4854
v 1.052418 1.121771 0.255083
vt 0.0395225 0.4157025
vn -0.9784999 -0.1732317 0.1119319
v 1.072176 1.164945 0.352108
vt 0.0344300 0.4108425
vn -0.7094090 0.6243657 0.3269653
v 1.068758 1.207086 0.257305
vt 0.0326670 0.4182460
vn -0.4499567 0.7857578 0.4244100
f 4855/4855/4855 4856/4856/4856 4857/4857/4857
v 1.051781 1.122989 0.374411
vt 0.0364580 0.4079450
vn -0.8420872 0.2872527 0.4564811
v 1.094921 1.174945 0.365584
vt 0.0332460 0.4103045
vn -0.2188728 0.7504110 0.6236811
v 1.072176 1.164945 0.352108
vt 0.0344300 0.4108425
vn -0.7094090 0.6243657 0.3269653
f 4858/4858/4858 4859/4859/4859 4860/4860/4860
v 1.086103 1.112118 0.397801
vt 0.0348930 0.4063050
vn -0.2611632 0.2917597 0.9201467
v 1.096637 1.075805 0.399933
vt 0.0348960 0.4037225
vn -0.0245630 0.0112930 0.9996344
v 1.109061 1.102358 0.399894
vt 0.0338485 0.4054265
vn 0.0768442 0.2240755 0.9715375
f 4861/4861/4861 4862/4862/4862 4863/4863/4863
v 1.114205 1.171427 0.365584
vt 0.0324750 0.4099975
vn 0.1636800 0.4329956 0.8864105
v 1.086103 1.112118 0.397801
vt 0.0348930 0.4063050
vn -0.2611632 0.2917597 0.9201467
v 1.109061 1.102358 0.399894
vt 0.0338485 0.4054265
vn 0.0768442 0.2240755 0.9715375
f 4864/4864/4864 4865/4865/4865 4866/4866/4866
v 1.093678 1.214655 0.257305
vt 0.0309365 0.4175585
vn -0.0748420 0.9956887 0.0547968
v 1.072176 1.164945 0.352108
vt 0.0344300 0.4108425
vn -0.7094090 0.6243657 0.3269653
v 1.094921 1.174945 0.365584
vt 0.0332460 0.4103045
vn -0.2188728 0.7504110 0.6236811
f 4867/4867/4867 4868/4868/4868 4869/4869/4869
v 1.109108 1.212443 0.257305
vt 0.0300325 0.4170850
vn 0.2929367 0.9507000 0.1017722
v 1.094921 1.174945 0.365584
vt 0.0332460 0.4103045
vn -0.2188728 0.7504110 0.6236811
v 1.114205 1.171427 0.365584
vt 0.0324750 0.4099975
vn 0.3097005 0.8921669 0.3288218
f 4870/4870/4870 4871/4871/4871 4872/4872/4872
v 1.114205 1.171427 0.365584
vt 0.0324750 0.4099975
vn 0.3097005 0.8921669 0.3288218
v 1.297187 1.102902 0.281734
vt 0.0210730 0.4077420
vn 0.6828938 0.7253718 0.0865563
v 1.109108 1.212443 0.257305
vt 0.0300325 0.4170850
vn 0.2929367 0.9507000 0.1017722
f 4873/4873/4873 4874/4874/4874 4875/4875/4875
v 1.109061 1.102358 0.399894
vt 0.0338485 0.4054265
vn 0.0768442 0.2240755 0.9715375
v 1.306290 1.062734 0.366860
vt 0.0228900 0.4027545
vn 0.5916373 0.5532289 0.5864326
v 1.114205 1.171427 0.365584
vt 0.0324750 0.4099975
vn 0.1636800 0.4329956 0.8864105
f 4876/4876/4876 4877/4877/4877 4878/4878/4878
v 1.306290 1.062734 0.366860
vt 0.0228900 0.4027545
vn 0.5916373 0.5532289 0.5864326
v 1.346409 1.032762 0.292034
vt 0.0180780 0.4038010
vn 0.9614398 0.2732615 0.0310087
v 1.297187 1.102902 0.281734
vt 0.0210730 0.4077420
vn 0.6828938 0.7253718 0.0865563
f 4879/4879/4879 4880/4880/4880 4881/4881/4881
v 1.290101 1.019300 0.391112
vt 0.0236470 0.3997845
vn 0.3895833 0.0711959 0.9182352
v 1.333245 1.034122 0.350739
vt 0.0209040 0.4018290
vn 0.8579953 0.3078003 0.4112214
v 1.306290 1.062734 0.366860
vt 0.0228900 0.4027545
vn 0.5916373 0.5532289 0.5864326
f 4882/4882/4882 4883/4883/4883 4884/4884/4884
v 1.333245 1.034122 0.350739
vt 0.0209040 0.4018290
vn 0.8579953 0.3078003 0.4112214
v 1.343788 0.992593 0.293604
vt 0.0163985 0.4016990
vn 0.9707894 -0.2389000 0.0222425
v 1.346409 1.032762 0.292034
vt 0.0180780 0.4038010
vn 0.9614398 0.2732615 0.0310087
f 4885/4885/4885 4886/4886/4886 4887/4887/4887
v 1.277752 0.993392 0.391273
vt 0.0240120 0.3979560
vn 0.2695788 -0.1106703 0.9565979
v 1.329827 0.999872 0.359967
vt 0.0204690 0.3997015
vn 0.8372674 -0.0758965 0.5415007
v 1.290101 1.019300 0.391112
vt 0.0236470 0.3997845
vn 0.3895833 0.0711959 0.9182352
f 4888/4888/4888 4889/4889/4889 4890/4890/4890
v 1.322997 0.970827 0.359757
vt 0.0197185 0.3977705
vn 0.9380550 -0.2813277 0.2022560
v 1.343788 0.992593 0.293604
vt 0.0163985 0.4016990
vn 0.9707894 -0.2389000 0.0222425
v 1.329827 0.999872 0.359967
vt 0.0204690 0.3997015
vn 0.8372674 -0.0758965 0.5415007
f 4891/4891/4891 4892/4892/4892 4893/4893/4893
v 1.339314 1.035484 0.251141
vt 0.0165345 0.4056920
vn 0.9218788 0.3012255 -0.2437269
v 1.343788 0.992593 0.293604
vt 0.0163985 0.4016990
vn 0.9707894 -0.2389000 0.0222425
v 1.336878 0.995660 0.239079
vt 0.0139525 0.4046485
vn 0.9066168 -0.2228636 -0.3582986
f 4894/4894/4894 4895/4895/4895 4896/4896/4896
v 1.330814 0.966640 0.293756
vt 0.0150185 0.3999455
vn 0.8945445 -0.4469750 -0.0019175
v 1.336878 0.995660 0.239079
vt 0.0139525 0.4046485
vn 0.9066168 -0.2228636 -0.3582986
v 1.343788 0.992593 0.293604
vt 0.0163985 0.4016990
vn 0.9707894 -0.2389000 0.0222425
f 4897/4897/4897 4898/4898/4898 4899/4899/4899
v 1.323305 1.041181 0.210975
vt 0.0153390 0.4078770
vn 0.7400748 0.1473643 -0.6561807
v 1.336878 0.995660 0.239079
vt 0.0139525 0.4046485
vn 0.9066168 -0.2228636 -0.3582986
v 1.314126 1.006818 0.207664
vt 0.0130720 0.4069505
vn 0.5436364 -0.1697428 -0.8219774
f 4900/4900/4900 4901/4901/4901 4902/4902/4902
v 1.323942 0.969733 0.239131
vt 0.0121125 0.4036580
vn 0.8178200 -0.4091580 -0.4046729
v 1.314126 1.006818 0.207664
vt 0.0130720 0.4069505
vn 0.5436364 -0.1697428 -0.8219774
v 1.336878 0.995660 0.239079
vt 0.0139525 0.4046485
vn 0.9066168 -0.2228636 -0.3582986
f 4903/4903/4903 4904/4904/4904 4905/4905/4905
v 1.328043 0.965873 0.293746
vt 0.0149275 0.3997980
vn 0.2660290 -0.9639643 0.0011402
v 1.323942 0.969733 0.239131
vt 0.0121125 0.4036580
vn 0.2225990 -0.9340454 -0.2793007
v 1.330814 0.966640 0.293756
vt 0.0150185 0.3999455
vn 0.2671868 -0.9636438 0.0012732
f 4906/4906/4906 4907/4907/4907 4908/4908/4908
v 1.320903 0.969095 0.238688
vt 0.0119210 0.4036390
vn 0.2449170 -0.9251442 -0.2900414
v 1.301187 0.980856 0.207627
vt 0.0109150 0.4061225
vn 0.0467129 -0.8275147 -0.5594975
v 1.323942 0.969733 0.239131
vt 0.0121125 0.4036580
vn 0.2225990 -0.9340454 -0.2793007
f 4909/4909/4909 4910/4910/4910 4911/4911/4911
v 1.324801 0.967465 0.293714
vt 0.0148105 0.3996155
vn -0.7093222 -0.7047670 0.0128652
v 1.320903 0.969095 0.238688
vt 0.0119210 0.4036390
vn -0.4407982 -0.8976008 0.0031302
v 1.328043 0.965873 0.293746
vt 0.0149275 0.3997980
vn -0.4406541 -0.8976652 0.0045905
f 4912/4912/4912 4913/4913/4913 4914/4914/4914
v 1.315112 0.971937 0.237503
vt 0.0115710 0.4035905
vn -0.6939813 -0.7052625 0.1448954
v 1.299187 0.979692 0.209211
vt 0.0107515 0.4060245
vn -0.4385936 -0.8986853 -0.0006582
v 1.320903 0.969095 0.238688
vt 0.0119210 0.4036390
vn -0.4407982 -0.8976008 0.0031302
f 4915/4915/4915 4916/4916/4916 4917/4917/4917
v 1.320501 0.969911 0.358738
vt 0.0196790 0.3976020
vn 0.1719093 -0.9054725 0.3880292
v 1.330814 0.966640 0.293756
vt 0.0150185 0.3999455
vn 0.2671868 -0.9636438 0.0012732
v 1.322997 0.970827 0.359757
vt 0.0197185 0.3977705
vn 0.1925308 -0.9156001 0.3529993
f 4918/4918/4918 4919/4919/4919 4920/4920/4920
v 1.317918 0.971165 0.357116
vt 0.0196415 0.3974140
vn -0.6509650 -0.7404067 -0.1674588
v 1.328043 0.965873 0.293746
vt 0.0149275 0.3997980
vn -0.4406541 -0.8976652 0.0045905
v 1.320501 0.969911 0.358738
vt 0.0196790 0.3976020
vn -0.4401285 -0.8979115 0.0064555
f 4921/4921/4921 4922/4922/4922 4923/4923/4923
v 1.317016 0.973679 0.355740
vt 0.0195935 0.3972310
vn -0.8633090 -0.1575708 -0.4794466
v 1.324801 0.967465 0.293714
vt 0.0148105 0.3996155
vn -0.7093222 -0.7047670 0.0128652
v 1.317918 0.971165 0.357116
vt 0.0196415 0.3974140
vn -0.6509650 -0.7404067 -0.1674588
f 4924/4924/4924 4925/4925/4925 4926/4926/4926
v 1.323514 0.970180 0.293715
vt 0.0147020 0.3994525
vn -0.9964385 -0.0683101 0.0494394
v 1.315112 0.971937 0.237503
vt 0.0115710 0.4035905
vn -0.6939813 -0.7052625 0.1448954
v 1.324801 0.967465 0.293714
vt 0.0148105 0.3996155
vn -0.7093222 -0.7047670 0.0128652
f 4927/4927/4927 4928/4928/4928 4929/4929/4929
v 1.319303 0.979005 0.354671
vt 0.0194795 0.3968590
vn -0.9216753 0.3698266 -0.1172307
v 1.323514 0.970180 0.293715
vt 0.0147020 0.3994525
vn -0.9964385 -0.0683101 0.0494394
v 1.317016 0.973679 0.355740
vt 0.0195935 0.3972310
vn -0.8633090 -0.1575708 -0.4794466
f 4930/4930/4930 4931/4931/4931 4932/4932/4932
v 1.323514 0.970180 0.293715
vt 0.0147020 0.3994525
vn -0.9964385 -0.0683101 0.0494394
v 1.315833 0.980117 0.237268
vt 0.0111030 0.4032880
vn -0.8569843 0.3335425 0.3928453
v 1.313657 0.974753 0.237111
vt 0.0113970 0.4035170
vn -0.9288729 -0.0638832 0.3648478
f 4933/4933/4933 4934/4934/4934 4935/4935/4935
v 1.315833 0.980117 0.237268
vt 0.0120300 0.3733165
vn -0.4374888 -0.8992220 0.0018594
v 1.253350 1.010773 0.292692
vt 0.0178545 0.3790905
vn -0.4225620 -0.9063329 0.0014473
v 1.256383 1.009016 0.224783
vt 0.0179685 0.3724445
vn -0.4254344 -0.9049882 0.0013196
f 4936/4936/4936 4937/4937/4937 4938/4938/4938
v 1.253350 1.010773 0.292692
vt 0.0178545 0.3790905
vn -0.4225620 -0.9063329 0.0014473
v 1.319303 0.979005 0.354671
vt 0.0111990 0.3850495
vn -0.4383261 -0.8987978 0.0057289
v 1.277017 0.999842 0.380812
vt 0.0153140 0.3876155
vn -0.4255078 -0.9049444 0.0043071
f 4939/4939/4939 4940/4940/4940 4941/4941/4941
v 1.313657 0.974753 0.237111
vt 0.0113970 0.4035170
vn -0.9288729 -0.0638832 0.3648478
v 1.300064 0.987785 0.213356
vt 0.0100570 0.4059565
vn -0.5429380 0.2433637 0.8037366
v 1.297349 0.982720 0.213107
vt 0.0104145 0.4059545
vn -0.6452983 -0.1418199 0.7506512
f 4942/4942/4942 4943/4943/4943 4944/4944/4944
v 1.300064 0.987785 0.213356
vt 0.0137035 0.3710840
vn -0.4371819 -0.8993731 -0.0002305
v 1.256383 1.009016 0.224783
vt 0.0179685 0.3724445
vn -0.4254344 -0.9049882 0.0013196
v 1.257359 1.008561 0.198535
vt 0.0180170 0.3698945
vn -0.4276763 -0.9039318 0.0004388
f 4945/4945/4945 4946/4946/4946 4947/4947/4947
v 1.185858 1.040831 0.213845
vt 0.0249040 0.3717400
vn -0.4150707 -0.9097651 -0.0066176
v 1.253350 1.010773 0.292692
vt 0.0178545 0.3790905
vn -0.4225620 -0.9063329 0.0014473
v 1.164946 1.050131 0.283884
vt 0.0265595 0.3786190
vn -0.4204969 -0.9072933 -0.0010630
f 4948/4948/4948 4949/4949/4949 4950/4950/4950
v 1.195933 1.036706 0.184860
vt 0.0241000 0.3688820
vn -0.4119519 -0.9111292 -0.0117910
v 1.256383 1.009016 0.224783
vt 0.0179685 0.3724445
vn -0.4254344 -0.9049882 0.0013196
v 1.185858 1.040831 0.213845
vt 0.0249040 0.3717400
vn -0.4150707 -0.9097651 -0.0066176
f 4951/4951/4951 4952/4952/4952 4953/4953/4953
v 1.297349 0.982720 0.213107
vt 0.0104145 0.4059545
vn -0.6452983 -0.1418199 0.7506512
v 1.257359 1.008561 0.198535
vt 0.0097240 0.4102690
vn -0.2571849 0.0513555 0.9649967
v 1.254252 1.003715 0.197958
vt 0.0100900 0.4101715
vn -0.2496953 0.0442940 0.9673108
f 4954/4954/4954 4955/4955/4955 4956/4956/4956
v 1.164946 1.050131 0.283884
vt 0.0265595 0.3786190
vn -0.4204969 -0.9072933 -0.0010630
v 1.142757 1.061035 0.208426
vt 0.0291850 0.3714280
vn -0.4196053 -0.9076992 -0.0036582
v 1.185858 1.040831 0.213845
vt 0.0249040 0.3717400
vn -0.4150707 -0.9097651 -0.0066176
f 4957/4957/4957 4958/4958/4958 4959/4959/4959
v 1.106634 1.077596 0.388547
vt 0.0319050 0.3890565
vn -0.4143527 -0.9101155 0.0012194
v 1.113007 1.075183 0.272137
vt 0.0317900 0.3777495
vn -0.4131460 -0.9106647 -0.0004734
v 1.164946 1.050131 0.283884
vt 0.0265595 0.3786190
vn -0.4204969 -0.9072933 -0.0010630
f 4960/4960/4960 4961/4961/4961 4962/4962/4962
v 1.164946 1.050131 0.283884
vt 0.0265595 0.3786190
vn -0.4204969 -0.9072933 -0.0010630
v 1.277017 0.999842 0.380812
vt 0.0153140 0.3876155
vn -0.4255078 -0.9049444 0.0043071
v 1.106634 1.077596 0.388547
vt 0.0319050 0.3890565
vn -0.4143527 -0.9101155 0.0012194
f 4963/4963/4963 4964/4964/4964 4965/4965/4965
v 1.063298 1.096542 0.368785
vt 0.0361855 0.3873450
vn -0.3874685 -0.9218723 0.0044443
v 1.113007 1.075183 0.272137
vt 0.0317900 0.3777495
vn -0.4131460 -0.9106647 -0.0004734
v 1.081345 1.089076 0.385339
vt 0.0343900 0.3888700
vn -0.3980940 -0.9173443 0.0008052
f 4966/4966/4966 4967/4967/4967 4968/4968/4968
v 1.081345 1.089076 0.385339
vt 0.0370890 0.4042905
vn 0.1235238 -0.5451459 -0.8291910
v 1.101367 1.073622 0.390582
vt 0.0350150 0.4029180
vn -0.2299923 -0.5736462 -0.7861512
v 1.077395 1.084442 0.387842
vt 0.0368420 0.4045405
vn 0.0000797 -0.7483738 -0.6632771
f 4969/4969/4969 4970/4970/4970 4971/4971/4971
v 1.081345 1.089076 0.385339
vt 0.0370890 0.4042905
vn 0.1235238 -0.5451459 -0.8291910
v 1.059463 1.091939 0.370804
vt 0.0387440 0.4062590
vn 0.2431147 -0.9395791 -0.2410105
v 1.063298 1.096542 0.368785
vt 0.0391660 0.4062180
vn 0.6150097 -0.6860410 -0.3887296
f 4972/4972/4972 4973/4973/4973 4974/4974/4974
v 1.098823 1.072761 0.393215
vt 0.0350025 0.4031655
vn -0.3845697 -0.8732762 -0.2991569
v 1.077395 1.084442 0.387842
vt 0.0368420 0.4045405
vn 0.0000797 -0.7483738 -0.6632771
v 1.101367 1.073622 0.390582
vt 0.0350150 0.4029180
vn -0.2299923 -0.5736462 -0.7861512
f 4975/4975/4975 4976/4976/4976 4977/4977/4977
v 1.101367 1.073622 0.390582
vt 0.0350150 0.4029180
vn -0.2299923 -0.5736462 -0.7861512
v 1.275023 0.992422 0.385026
vt 0.0241860 0.3974815
vn -0.4810150 -0.8311107 -0.2790691
v 1.098823 1.072761 0.393215
vt 0.0350025 0.4031655
vn -0.3845697 -0.8732762 -0.2991569
f 4978/4978/4978 4979/4979/4979 4980/4980/4980
v 1.106634 1.077596 0.388547
vt 0.0350720 0.4024735
vn -0.1180433 -0.3240377 -0.9386508
v 1.275063 0.994381 0.382568
vt 0.0242985 0.3972895
vn -0.4411809 -0.4844917 -0.7553986
v 1.101367 1.073622 0.390582
vt 0.0350150 0.4029180
vn -0.2299923 -0.5736462 -0.7861512
f 4981/4981/4981 4982/4982/4982 4983/4983/4983
v 1.317016 0.973679 0.355740
vt 0.0195935 0.3972310
vn -0.8633090 -0.1575708 -0.4794466
v 1.275023 0.992422 0.385026
vt 0.0241860 0.3974815
vn -0.4810150 -0.8311107 -0.2790691
v 1.275063 0.994381 0.382568
vt 0.0242985 0.3972895
vn -0.4411809 -0.4844917 -0.7553986
f 4984/4984/4984 4985/4985/4985 4986/4986/4986
v 1.277017 0.999842 0.380812
vt 0.0245335 0.3969205
vn -0.3820126 -0.1512335 -0.9116988
v 1.317016 0.973679 0.355740
vt 0.0195935 0.3972310
vn -0.8633090 -0.1575708 -0.4794466
v 1.275063 0.994381 0.382568
vt 0.0242985 0.3972895
vn -0.4411809 -0.4844917 -0.7553986
f 4987/4987/4987 4988/4988/4988 4989/4989/4989
v 1.098823 1.072761 0.393215
vt 0.0350025 0.4031655
vn -0.3845697 -0.8732762 -0.2991569
v 1.276348 0.991890 0.389384
vt 0.0240640 0.3977645
vn -0.4237917 -0.9055874 0.0176662
v 1.096715 1.073678 0.397938
vt 0.0349485 0.4035150
vn -0.4148105 -0.9098838 -0.0066183
f 4990/4990/4990 4991/4991/4991 4992/4992/4992
v 1.276348 0.991890 0.389384
vt 0.0240640 0.3977645
vn -0.4237917 -0.9055874 0.0176662
v 1.317918 0.971165 0.357116
vt 0.0196415 0.3974140
vn -0.6509650 -0.7404067 -0.1674588
v 1.320501 0.969911 0.358738
vt 0.0196790 0.3976020
vn -0.4401285 -0.8979115 0.0064555
f 4993/4993/4993 4994/4994/4994 4995/4995/4995
v 1.096715 1.073678 0.397938
vt 0.0349485 0.4035150
vn -0.3178125 -0.6551279 0.6854214
v 1.277752 0.993392 0.391273
vt 0.0240120 0.3979560
vn -0.1018256 -0.7379314 0.6671498
v 1.096637 1.075805 0.399933
vt 0.0348960 0.4037225
vn -0.3113633 -0.6553305 0.6881824
f 4996/4996/4996 4997/4997/4997 4998/4998/4998
v 1.320501 0.969911 0.358738
vt 0.0196790 0.3976020
vn 0.1719093 -0.9054725 0.3880292
v 1.277752 0.993392 0.391273
vt 0.0240120 0.3979560
vn -0.1018256 -0.7379314 0.6671498
v 1.276348 0.991890 0.389384
vt 0.0240640 0.3977645
vn -0.1314956 -0.7275877 0.6732941
f 4999/4999/4999 5000/5000/5000 5001/5001/5001
v 1.109061 1.102358 0.399894
vt 0.0338485 0.4054265
vn 0.0768442 0.2240755 0.9715375
v 1.277752 0.993392 0.391273
vt 0.0240120 0.3979560
vn 0.2695788 -0.1106703 0.9565979
v 1.290101 1.019300 0.391112
vt 0.0236470 0.3997845
vn 0.3895833 0.0711959 0.9182352
f 5002/5002/5002 5003/5003/5003 5004/5004/5004
v 1.096637 1.075805 0.399933
vt 0.0348960 0.4037225
vn -0.3113633 -0.6553305 0.6881824
v 1.074278 1.084043 0.395883
vt 0.0363415 0.4048005
vn -0.5483351 -0.5442166 0.6349464
v 1.096715 1.073678 0.397938
vt 0.0349485 0.4035150
vn -0.3178125 -0.6551279 0.6854214
f 5005/5005/5005 5006/5006/5006 5007/5007/5007
v 1.075696 1.083309 0.390520
vt 0.0366850 0.4046450
vn -0.2856320 -0.9307956 -0.2281096
v 1.096715 1.073678 0.397938
vt 0.0349485 0.4035150
vn -0.4148105 -0.9098838 -0.0066183
v 1.074278 1.084043 0.395883
vt 0.0363415 0.4048005
vn -0.4093837 -0.9121780 0.0183369
f 5008/5008/5008 5009/5009/5009 5010/5010/5010
v 1.313657 0.974753 0.237111
vt 0.0113970 0.4035170
vn -0.9288729 -0.0638832 0.3648478
v 1.297585 0.980471 0.211435
vt 0.0105905 0.4059730
vn -0.6708743 -0.4863593 0.5598056
v 1.315112 0.971937 0.237503
vt 0.0115710 0.4035905
vn -0.6939813 -0.7052625 0.1448954
f 5011/5011/5011 5012/5012/5012 5013/5013/5013
v 1.297585 0.980471 0.211435
vt 0.0105905 0.4059730
vn -0.6708743 -0.4863593 0.5598056
v 1.254252 1.003715 0.197958
vt 0.0100900 0.4101715
vn -0.4726404 -0.6014574 0.6440962
v 1.253313 1.002085 0.195746
vt 0.0102705 0.4101555
vn -0.4690557 -0.6037384 0.6445827
f 5014/5014/5014 5015/5015/5015 5016/5016/5016
v 1.297585 0.980471 0.211435
vt 0.0105905 0.4059730
vn -0.4384189 -0.8987701 -0.0010944
v 1.253464 1.002077 0.192759
vt 0.0104615 0.4101755
vn -0.4233111 -0.9057974 -0.0184073
v 1.299187 0.979692 0.209211
vt 0.0107515 0.4060245
vn -0.4385936 -0.8986853 -0.0006582
f 5017/5017/5017 5018/5018/5018 5019/5019/5019
v 1.254393 1.003807 0.190750
vt 0.0106475 0.4102230
vn -0.1384808 -0.7173309 -0.6828320
v 1.299187 0.979692 0.209211
vt 0.0107515 0.4060245
vn 0.0136774 -0.8159074 -0.5780206
v 1.253464 1.002077 0.192759
vt 0.0104615 0.4101755
vn -0.1446006 -0.7162161 -0.6827335
f 5020/5020/5020 5021/5021/5021 5022/5022/5022
v 1.301187 0.980856 0.207627
vt 0.0109150 0.4061225
vn 0.4896536 -0.2442689 -0.8370017
v 1.266762 1.029819 0.190921
vt 0.0130375 0.4105485
vn 0.2451675 -0.0863126 -0.9656309
v 1.314126 1.006818 0.207664
vt 0.0130720 0.4069505
vn 0.5436364 -0.1697428 -0.8219774
f 5023/5023/5023 5024/5024/5024 5025/5025/5025
v 1.254393 1.003807 0.190750
vt 0.0106475 0.4102230
vn 0.2248083 -0.1000198 -0.9692560
v 1.206660 1.057509 0.177924
vt 0.0141915 0.4152060
vn 0.1664567 -0.0375559 -0.9853333
v 1.266762 1.029819 0.190921
vt 0.0130375 0.4105485
vn 0.2451675 -0.0863126 -0.9656309
f 5026/5026/5026 5027/5027/5027 5028/5028/5028
v 1.323305 1.041181 0.210975
vt 0.0153390 0.4078770
vn 0.7400748 0.1473643 -0.6561807
v 1.266762 1.029819 0.190921
vt 0.0130375 0.4105485
vn 0.2451675 -0.0863126 -0.9656309
v 1.282147 1.075594 0.190921
vt 0.0163990 0.4110965
vn 0.4293753 0.1677202 -0.8874158
f 5029/5029/5029 5030/5030/5030 5031/5031/5031
v 1.206660 1.057509 0.177924
vt 0.0141915 0.4152060
vn 0.1664567 -0.0375559 -0.9853333
v 1.282147 1.075594 0.190921
vt 0.0163990 0.4110965
vn 0.4293753 0.1677202 -0.8874158
v 1.266762 1.029819 0.190921
vt 0.0130375 0.4105485
vn 0.2451675 -0.0863126 -0.9656309
f 5032/5032/5032 5033/5033/5033 5034/5034/5034
v 1.184215 1.067352 0.174146
vt 0.0146805 0.4169045
vn 0.1348053 -0.0236427 -0.9905900
v 1.206585 1.142849 0.177924
vt 0.0206435 0.4162770
vn 0.3863468 0.4515707 -0.8042512
v 1.206660 1.057509 0.177924
vt 0.0141915 0.4152060
vn 0.1664567 -0.0375559 -0.9853333
f 5035/5035/5035 5036/5036/5036 5037/5037/5037
v 1.206585 1.142849 0.177924
vt 0.0206435 0.4162770
vn 0.3863468 0.4515707 -0.8042512
v 1.287192 1.100138 0.206792
vt 0.0182350 0.4109880
vn 0.6970069 0.5776708 -0.4248267
v 1.282147 1.075594 0.190921
vt 0.0163990 0.4110965
vn 0.4293753 0.1677202 -0.8874158
f 5038/5038/5038 5039/5039/5039 5040/5040/5040
v 1.182953 1.156422 0.174146
vt 0.0216160 0.4178005
vn 0.3505960 0.4363505 -0.8286620
v 1.157137 1.192092 0.203545
vt 0.0252595 0.4180195
vn 0.4560587 0.8500679 -0.2634294
v 1.206585 1.142849 0.177924
vt 0.0206435 0.4162770
vn 0.3863468 0.4515707 -0.8042512
f 5041/5041/5041 5042/5042/5042 5043/5043/5043
v 1.157137 1.192092 0.203545
vt 0.0252595 0.4180195
vn 0.4560587 0.8500679 -0.2634294
v 1.297187 1.102902 0.281734
vt 0.0210730 0.4077420
vn 0.6828938 0.7253718 0.0865563
v 1.287192 1.100138 0.206792
vt 0.0182350 0.4109880
vn 0.6970069 0.5776708 -0.4248267
f 5044/5044/5044 5045/5045/5045 5046/5046/5046
v 1.134694 1.202800 0.203545
vt 0.0264150 0.4191810
vn 0.2709492 0.9075378 -0.3208760
v 1.109108 1.212443 0.257305
vt 0.0300325 0.4170850
vn 0.2929367 0.9507000 0.1017722
v 1.157137 1.192092 0.203545
vt 0.0252595 0.4180195
vn 0.4560587 0.8500679 -0.2634294
f 5047/5047/5047 5048/5048/5048 5049/5049/5049
v 1.112251 1.206358 0.203545
vt 0.0274700 0.4202945
vn 0.2238375 0.9640350 -0.1432949
v 1.093678 1.214655 0.257305
vt 0.0309365 0.4175585
vn -0.0748420 0.9956887 0.0547968
v 1.134694 1.202800 0.203545
vt 0.0264150 0.4191810
vn 0.2709492 0.9075378 -0.3208760
f 5050/5050/5050 5051/5051/5051 5052/5052/5052
v 1.287192 1.100138 0.206792
vt 0.0182350 0.4109880
vn 0.6970069 0.5776708 -0.4248267
v 1.323305 1.041181 0.210975
vt 0.0153390 0.4078770
vn 0.7400748 0.1473643 -0.6561807
v 1.282147 1.075594 0.190921
vt 0.0163990 0.4110965
vn 0.4293753 0.1677202 -0.8874158
f 5053/5053/5053 5054/5054/5054 5055/5055/5055
v 1.297187 1.102902 0.281734
vt 0.0210730 0.4077420
vn 0.6828938 0.7253718 0.0865563
v 1.339314 1.035484 0.251141
vt 0.0165345 0.4056920
vn 0.9218788 0.3012255 -0.2437269
v 1.287192 1.100138 0.206792
vt 0.0182350 0.4109880
vn 0.6970069 0.5776708 -0.4248267
f 5056/5056/5056 5057/5057/5057 5058/5058/5058
v 1.068758 1.207086 0.257305
vt 0.0326670 0.4182460
vn -0.4499567 0.7857578 0.4244100
v 1.052863 1.218222 0.208457
vt 0.0310670 0.4225420
vn 0.1371718 0.9867511 0.0866388
v 1.030787 1.188173 0.254009
vt 0.0355810 0.4202510
vn -0.2470401 0.5641755 0.7878307
f 5059/5059/5059 5060/5060/5060 5061/5061/5061
v 1.052418 1.121771 0.255083
vt 0.0395225 0.4157025
vn -0.9784999 -0.1732317 0.1119319
v 1.030787 1.188173 0.254009
vt 0.0355810 0.4202510
vn -0.2470401 0.5641755 0.7878307
v 1.038154 1.127306 0.256199
vt 0.0395515 0.4167980
vn -0.1559790 -0.8708506 0.4661437
f 5062/5062/5062 5063/5063/5063 5064/5064/5064
v 1.073359 1.117707 0.208461
vt 0.0157970 0.4265810
vn -0.3458226 -0.9362696 -0.0616936
v 1.052418 1.121771 0.255083
vt 0.0140975 0.4298875
vn -0.9784999 -0.1732317 0.1119319
v 1.038154 1.127306 0.256199
vt 0.0147380 0.4306840
vn -0.1559790 -0.8708506 0.4661437
f 5065/5065/5065 5066/5066/5066 5067/5067/5067
v 1.055141 1.126054 0.150993
vt 0.0195510 0.4258140
vn 0.8844659 -0.4665924 -0.0034138
v 1.073359 1.117707 0.208461
vt 0.0157970 0.4265810
vn -0.3458226 -0.9362696 -0.0616936
v 1.017945 1.133983 0.230875
vt 0.0170890 0.4305625
vn 0.5223908 -0.7979321 0.3006863
f 5068/5068/5068 5069/5069/5069 5070/5070/5070
v 1.055141 1.126054 0.150993
vt 0.0985985 0.3401045
vn 0.8844659 -0.4665924 -0.0034138
v 1.017729 1.118198 0.231934
vt 0.1028630 0.3397300
vn 0.9056216 0.0121770 0.4239118
v 1.064235 1.114542 0.134217
vt 0.0975135 0.3393310
vn 0.8908691 0.0313066 0.4531799
f 5071/5071/5071 5072/5072/5072 5073/5073/5073
v 1.059234 1.111183 0.137508
vt 0.0977810 0.3391070
vn 0.6672575 -0.6614510 0.3424178
v 1.017729 1.118198 0.231934
vt 0.1028630 0.3397300
vn 0.6152894 -0.7352530 0.2842919
v 1.013709 1.114475 0.230882
vt 0.1028895 0.3393800
vn 0.6148185 -0.7374857 0.2794868
f 5074/5074/5074 5075/5075/5075 5076/5076/5076
v 1.059234 1.111183 0.137508
vt 0.0977810 0.3391070
vn 0.5238183 0.0513922 0.8502784
v 1.055811 0.695546 0.164739
vt 0.0988605 0.3140255
vn 0.3745684 0.0619030 0.9251305
v 1.064235 1.114542 0.134217
vt 0.0975135 0.3393310
vn 0.5247552 0.0513467 0.8497031
f 5077/5077/5077 5078/5078/5078 5079/5079/5079
v 1.053037 1.111064 0.135641
vt 0.0980165 0.3390465
vn -0.2887787 0.0744842 0.9544941
v 1.050000 0.694247 0.167248
vt 0.0991405 0.3139360
vn -0.2505137 0.0673216 0.9657695
v 1.059234 1.111183 0.137508
vt 0.0977810 0.3391070
vn -0.2890530 0.0744799 0.9544114
f 5080/5080/5080 5081/5081/5081 5082/5082/5082
v 1.098601 1.106548 0.203545
vt 0.0149635 0.4247645
vn -0.6248912 0.2530170 -0.7385753
v 1.050620 1.095557 0.255219
vt 0.0121595 0.4291665
vn -0.9366362 -0.1864359 -0.2965707
v 1.052418 1.121771 0.255083
vt 0.0140975 0.4298875
vn -0.9784999 -0.1732317 0.1119319
f 5083/5083/5083 5084/5084/5084 5085/5085/5085
v 1.051784 1.092991 0.255783
vt 0.0119670 0.4290970
vn -0.8701330 -0.4427674 -0.2163916
v 1.086738 1.080123 0.203488
vt 0.0127205 0.4242695
vn -0.7618230 -0.0838188 -0.6423396
v 1.088440 1.077268 0.203709
vt 0.0125340 0.4241145
vn -0.7228286 -0.4637613 -0.5122933
f 5086/5086/5086 5087/5087/5087 5088/5088/5088
v 1.131842 1.057829 0.170879
vt 0.0131995 0.4201475
vn -0.4155568 -0.9095621 -0.0030416
v 1.093573 1.074963 0.204174
vt 0.0122920 0.4238450
vn -0.1882338 -0.9559817 0.2250932
v 1.088440 1.077268 0.203709
vt 0.0125340 0.4241145
vn -0.4107991 -0.9116959 -0.0073952
f 5089/5089/5089 5090/5090/5090 5091/5091/5091
v 1.067898 1.314590 0.128044
vt 0.0971480 0.3511010
vn 0.4874951 0.6704677 0.5593046
v 1.061812 1.321081 0.125291
vt 0.0971885 0.3515965
vn 0.4686771 0.6697813 0.5759642
v 1.007110 1.256569 0.219194
vt 0.1028535 0.3478095
vn 0.3305884 0.6663355 0.6683624
f 5092/5092/5092 5093/5093/5093 5094/5094/5094
v 1.015733 1.249463 0.222366
vt 0.1026810 0.3472300
vn 0.8767433 0.0562835 0.4776541
v 1.016367 1.224093 0.224309
vt 0.1026630 0.3457745
vn 0.6368625 0.4139873 0.6504003
v 1.058793 1.280259 0.146848
vt 0.0982525 0.3491080
vn 0.9592058 0.1906489 0.2087513
f 5095/5095/5095 5096/5096/5096 5097/5097/5097
v 1.058793 1.280259 0.146848
vt 0.0982525 0.3491080
vn 0.9592058 0.1906489 0.2087513
v 1.055141 1.126054 0.150993
vt 0.0985985 0.3401045
vn 0.8844659 -0.4665924 -0.0034138
v 1.064235 1.114542 0.134217
vt 0.0975135 0.3393310
vn 0.8908691 0.0313066 0.4531799
f 5098/5098/5098 5099/5099/5099 5100/5100/5100
v 1.097839 1.206955 0.164043
vt 0.0260355 0.4237915
vn 0.5687569 0.5654387 -0.5973229
v 1.095066 1.109210 0.164044
vt 0.0179085 0.4235365
vn 0.2169290 -0.0071705 -0.9761611
v 1.055141 1.126054 0.150993
vt 0.0195510 0.4258140
vn 0.8844659 -0.4665924 -0.0034138
f 5101/5101/5101 5102/5102/5102 5103/5103/5103
v 1.052863 1.218222 0.208457
vt 0.0310670 0.4225420
vn 0.3816961 0.6442760 0.6627343
v 1.097839 1.206955 0.164043
vt 0.0260355 0.4237915
vn 0.5687569 0.5654387 -0.5973229
v 1.058793 1.280259 0.146848
vt 0.0301045 0.4283140
vn 0.9592058 0.1906489 0.2087513
f 5104/5104/5104 5105/5105/5105 5106/5106/5106
v 1.112251 1.206358 0.203545
vt 0.0274700 0.4202945
vn 0.2238375 0.9640350 -0.1432949
v 1.146557 1.176136 0.168660
vt 0.0232570 0.4201770
vn 0.2728145 0.4900979 -0.8278746
v 1.097839 1.206955 0.164043
vt 0.0260355 0.4237915
vn 0.5687569 0.5654387 -0.5973229
f 5107/5107/5107 5108/5108/5108 5109/5109/5109
v 1.146557 1.176136 0.168660
vt 0.0232570 0.4201770
vn 0.2728145 0.4900979 -0.8278746
v 1.144451 1.086158 0.169239
vt 0.0157540 0.4201225
vn 0.1087529 -0.0165770 -0.9939306
v 1.095066 1.109210 0.164044
vt 0.0179085 0.4235365
vn 0.2169290 -0.0071705 -0.9761611
f 5110/5110/5110 5111/5111/5111 5112/5112/5112
v 1.146557 1.176136 0.168660
vt 0.0232570 0.4201770
vn 0.2728145 0.4900979 -0.8278746
v 1.112251 1.206358 0.203545
vt 0.0274700 0.4202945
vn 0.2238375 0.9640350 -0.1432949
v 1.134694 1.202800 0.203545
vt 0.0264150 0.4191810
vn 0.2709492 0.9075378 -0.3208760
f 5113/5113/5113 5114/5114/5114 5115/5115/5115
v 1.144451 1.086158 0.169239
vt 0.0157540 0.4201225
vn 0.1087529 -0.0165770 -0.9939306
v 1.146557 1.176136 0.168660
vt 0.0232570 0.4201770
vn 0.2728145 0.4900979 -0.8278746
v 1.182953 1.156422 0.174146
vt 0.0216160 0.4178005
vn 0.3505960 0.4363505 -0.8286620
f 5116/5116/5116 5117/5117/5117 5118/5118/5118
v 1.184215 1.067352 0.174146
vt 0.0146805 0.4169045
vn 0.1348053 -0.0236427 -0.9905900
v 1.172153 1.041356 0.173877
vt 0.0125020 0.4170685
vn 0.1204236 -0.0459397 -0.9916590
v 1.132146 1.059805 0.168990
vt 0.0133955 0.4201645
vn 0.1040382 -0.0387441 -0.9938184
f 5119/5119/5119 5120/5120/5120 5121/5121/5121
v 1.095066 1.109210 0.164044
vt 0.0179085 0.4235365
vn -0.3973448 -0.9174597 -0.0196144
v 1.144451 1.086158 0.169239
vt 0.0157540 0.4201225
vn -0.4208311 -0.9068359 -0.0234503
v 1.098601 1.106548 0.203545
vt 0.0149635 0.4247645
vn -0.4085120 -0.9105036 -0.0640394
f 5122/5122/5122 5123/5123/5123 5124/5124/5124
v 1.132146 1.059805 0.168990
vt 0.0133955 0.4201645
vn -0.5052115 -0.3163812 -0.8029099
v 1.086738 1.080123 0.203488
vt 0.0127205 0.4242695
vn -0.7618230 -0.0838188 -0.6423396
v 1.098601 1.106548 0.203545
vt 0.0149635 0.4247645
vn -0.6248912 0.2530170 -0.7385753
f 5125/5125/5125 5126/5126/5126 5127/5127/5127
v 1.088440 1.077268 0.203709
vt 0.0125340 0.4241145
vn -0.7228286 -0.4637613 -0.5122933
v 1.086738 1.080123 0.203488
vt 0.0127205 0.4242695
vn -0.7618230 -0.0838188 -0.6423396
v 1.132146 1.059805 0.168990
vt 0.0133955 0.4201645
vn -0.5052115 -0.3163812 -0.8029099
f 5128/5128/5128 5129/5129/5129 5130/5130/5130
v 1.169586 1.040394 0.175605
vt 0.0123490 0.4171980
vn -0.2143131 -0.6825998 -0.6986609
v 1.131842 1.057829 0.170879
vt 0.0131995 0.4201475
vn -0.4583648 -0.5763249 -0.6765732
v 1.132146 1.059805 0.168990
vt 0.0133955 0.4201645
vn -0.5052115 -0.3163812 -0.8029099
f 5131/5131/5131 5132/5132/5132 5133/5133/5133
v 1.194492 1.031106 0.177621
vt 0.0119785 0.4152680
vn 0.1598149 -0.0629702 -0.9851365
v 1.172153 1.041356 0.173877
vt 0.0125020 0.4170685
vn 0.1204236 -0.0459397 -0.9916590
v 1.184215 1.067352 0.174146
vt 0.0146805 0.4169045
vn 0.1348053 -0.0236427 -0.9905900
f 5134/5134/5134 5135/5135/5135 5136/5136/5136
v 1.193062 1.029646 0.179483
vt 0.0118005 0.4152825
vn -0.1872328 -0.6979942 -0.6911931
v 1.169586 1.040394 0.175605
vt 0.0123490 0.4171980
vn -0.2143131 -0.6825998 -0.6986609
v 1.172153 1.041356 0.173877
vt 0.0125020 0.4170685
vn -0.2130535 -0.6836353 -0.6980337
f 5137/5137/5137 5138/5138/5138 5139/5139/5139
v 1.167235 1.041437 0.177937
vt 0.0122240 0.4173880
vn -0.4160024 -0.9092686 -0.0131415
v 1.132606 1.057472 0.173746
vt 0.0130065 0.4201470
vn -0.4158838 -0.9094138 -0.0026783
v 1.131842 1.057829 0.170879
vt 0.0131995 0.4201475
vn -0.4155568 -0.9095621 -0.0030416
f 5140/5140/5140 5141/5141/5141 5142/5142/5142
v 1.192219 1.030025 0.182014
vt 0.0116375 0.4153270
vn -0.4153998 -0.9096354 -0.0024972
v 1.167235 1.041437 0.177937
vt 0.0122240 0.4173880
vn -0.4160024 -0.9092686 -0.0131415
v 1.169586 1.040394 0.175605
vt 0.0123490 0.4171980
vn -0.4157091 -0.9094229 -0.0116544
f 5143/5143/5143 5144/5144/5144 5145/5145/5145
v 1.253464 1.002077 0.192759
vt 0.0104615 0.4101755
vn -0.1446006 -0.7162161 -0.6827335
v 1.193062 1.029646 0.179483
vt 0.0118005 0.4152825
vn -0.1872328 -0.6979942 -0.6911931
v 1.194492 1.031106 0.177621
vt 0.0119785 0.4152680
vn -0.1847122 -0.6991966 -0.6906558
f 5146/5146/5146 5147/5147/5147 5148/5148/5148
v 1.253464 1.002077 0.192759
vt 0.0104615 0.4101755
vn -0.4233111 -0.9057974 -0.0184073
v 1.253313 1.002085 0.195746
vt 0.0102705 0.4101555
vn -0.4222383 -0.9062828 -0.0191364
v 1.192219 1.030025 0.182014
vt 0.0116375 0.4153270
vn -0.4153998 -0.9096354 -0.0024972
f 5149/5149/5149 5150/5150/5150 5151/5151/5151
v 1.192678 1.031907 0.184136
vt 0.0114540 0.4153670
vn -0.4170334 -0.6337509 0.6514930
v 1.192219 1.030025 0.182014
vt 0.0116375 0.4153270
vn -0.4154258 -0.6342056 0.6520771
v 1.253313 1.002085 0.195746
vt 0.0102705 0.4101555
vn -0.4690557 -0.6037384 0.6445827
f 5152/5152/5152 5153/5153/5153 5154/5154/5154
v 1.192678 1.031907 0.184136
vt 0.0114540 0.4153670
vn -0.4170334 -0.6337509 0.6514930
v 1.166349 1.043914 0.179891
vt 0.0120755 0.4175580
vn -0.3918052 -0.6527326 0.6484049
v 1.167235 1.041437 0.177937
vt 0.0122240 0.4173880
vn -0.3904456 -0.6506941 0.6512674
f 5155/5155/5155 5156/5156/5156 5157/5157/5157
v 1.192678 1.031907 0.184136
vt 0.0114540 0.4153670
vn -0.1933344 -0.0169593 0.9809864
v 1.195933 1.036706 0.184860
vt 0.0110705 0.4154180
vn -0.1975571 -0.0131729 0.9802029
v 1.168960 1.049014 0.180528
vt 0.0117155 0.4176905
vn -0.1616522 -0.0404120 0.9860200
f 5158/5158/5158 5159/5159/5159 5160/5160/5160
v 1.254252 1.003715 0.197958
vt 0.0100900 0.4101715
vn -0.2496953 0.0442940 0.9673108
v 1.257359 1.008561 0.198535
vt 0.0097240 0.4102690
vn -0.2571849 0.0513555 0.9649967
v 1.195933 1.036706 0.184860
vt 0.0110705 0.4154180
vn -0.1975571 -0.0131729 0.9802029
f 5161/5161/5161 5162/5162/5162 5163/5163/5163
v 1.166349 1.043914 0.179891
vt 0.0120755 0.4175580
vn -0.3918052 -0.6527326 0.6484049
v 1.134163 1.058854 0.175877
vt 0.0128115 0.4201495
vn 0.0420217 -0.6740603 0.7374802
v 1.132606 1.057472 0.173746
vt 0.0130065 0.4201470
vn -0.1577403 -0.7717338 0.6160721
f 5164/5164/5164 5165/5165/5165 5166/5166/5166
v 1.166349 1.043914 0.179891
vt 0.0120755 0.4175580
vn -0.1590666 -0.0413620 0.9864010
v 1.168960 1.049014 0.180528
vt 0.0117155 0.4176905
vn -0.1616522 -0.0404120 0.9860200
v 1.137302 1.063701 0.176550
vt 0.0123945 0.4201600
vn -0.1440637 -0.0445686 0.9885643
f 5167/5167/5167 5168/5168/5168 5169/5169/5169
v 1.185858 1.040831 0.213845
vt 0.0249040 0.3717400
vn -0.4150707 -0.9097651 -0.0066176
v 1.142757 1.061035 0.208426
vt 0.0291850 0.3714280
vn -0.4196053 -0.9076992 -0.0036582
v 1.168960 1.049014 0.180528
vt 0.0267605 0.3686020
vn -0.4188364 -0.9080321 -0.0073531
f 5170/5170/5170 5171/5171/5171 5172/5172/5172
v 1.142757 1.061035 0.208426
vt 0.0291850 0.3714280
vn -0.4196053 -0.9076992 -0.0036582
v 1.101222 1.079880 0.204915
vt 0.0332620 0.3712960
vn -0.4107160 -0.9117626 0.0011500
v 1.137302 1.063701 0.176550
vt 0.0298920 0.3683705
vn -0.4168224 -0.9089759 -0.0046840
f 5173/5173/5173 5174/5174/5174 5175/5175/5175
v 1.134163 1.058854 0.175877
vt 0.0128115 0.4201495
vn 0.0420217 -0.6740603 0.7374802
v 1.137302 1.063701 0.176550
vt 0.0123945 0.4201600
vn 0.4481457 -0.4012149 0.7988692
v 1.101222 1.079880 0.204915
vt 0.0116975 0.4236395
vn 0.5075853 -0.4972233 0.7036520
f 5176/5176/5176 5177/5177/5177 5178/5178/5178
v 1.113007 1.075183 0.272137
vt 0.0317900 0.3777495
vn -0.4131460 -0.9106647 -0.0004734
v 1.063839 1.096078 0.258623
vt 0.0365980 0.3766745
vn -0.3918461 -0.9200254 0.0031377
v 1.101222 1.079880 0.204915
vt 0.0332620 0.3712960
vn -0.4107160 -0.9117626 0.0011500
f 5179/5179/5179 5180/5180/5180 5181/5181/5181
v 1.097321 1.075363 0.204526
vt 0.0121075 0.4237085
vn 0.3028517 -0.7426974 0.5972280
v 1.101222 1.079880 0.204915
vt 0.0116975 0.4236395
vn 0.5075853 -0.4972233 0.7036520
v 1.063839 1.096078 0.258623
vt 0.0110420 0.4288245
vn 0.6643358 -0.6787634 0.3129507
f 5182/5182/5182 5183/5183/5183 5184/5184/5184
v 1.097321 1.075363 0.204526
vt 0.0121075 0.4237085
vn 0.3028517 -0.7426974 0.5972280
v 1.093573 1.074963 0.204174
vt 0.0122920 0.4238450
vn -0.1882338 -0.9559817 0.2250932
v 1.132606 1.057472 0.173746
vt 0.0130065 0.4201470
vn -0.1577403 -0.7717338 0.6160721
f 5185/5185/5185 5186/5186/5186 5187/5187/5187
v 1.059629 1.091645 0.257907
vt 0.0114635 0.4288825
vn 0.4183242 -0.8728361 0.2513206
v 1.056356 1.091019 0.257118
vt 0.0116625 0.4289575
vn -0.1834203 -0.9749848 0.1255459
v 1.093573 1.074963 0.204174
vt 0.0122920 0.4238450
vn -0.1882338 -0.9559817 0.2250932
f 5188/5188/5188 5189/5189/5189 5190/5190/5190
v 1.059463 1.091939 0.370804
vt 0.0387440 0.4062590
vn 0.2431147 -0.9395791 -0.2410105
v 1.055590 1.091624 0.372460
vt 0.0385055 0.4063110
vn -0.3025112 -0.9462802 -0.1141958
v 1.056356 1.091019 0.257118
vt 0.0417410 0.4142575
vn -0.1834203 -0.9749848 0.1255459
f 5191/5191/5191 5192/5192/5192 5193/5193/5193
v 1.059629 1.091645 0.257907
vt 0.0419105 0.4141015
vn 0.4183242 -0.8728361 0.2513206
v 1.063839 1.096078 0.258623
vt 0.0422905 0.4138625
vn 0.6643358 -0.6787634 0.3129507
v 1.063298 1.096542 0.368785
vt 0.0391660 0.4062180
vn 0.6150097 -0.6860410 -0.3887296
f 5194/5194/5194 5195/5195/5195 5196/5196/5196
v 1.051784 1.092991 0.255783
vt 0.0414835 0.4145210
vn -0.3964618 -0.9180510 0.0005786
v 1.056356 1.091019 0.257118
vt 0.0417410 0.4142575
vn -0.1834203 -0.9749848 0.1255459
v 1.055590 1.091624 0.372460
vt 0.0385055 0.4063110
vn -0.3025112 -0.9462802 -0.1141958
f 5197/5197/5197 5198/5198/5198 5199/5199/5199
v 1.088440 1.077268 0.203709
vt 0.0125340 0.4241145
vn -0.4107991 -0.9116959 -0.0073952
v 1.093573 1.074963 0.204174
vt 0.0122920 0.4238450
vn -0.1882338 -0.9559817 0.2250932
v 1.056356 1.091019 0.257118
vt 0.0116625 0.4289575
vn -0.1834203 -0.9749848 0.1255459
f 5200/5200/5200 5201/5201/5201 5202/5202/5202
v 1.075696 1.083309 0.390520
vt 0.0366850 0.4046450
vn -0.2856320 -0.9307956 -0.2281096
v 1.055590 1.091624 0.372460
vt 0.0385055 0.4063110
vn -0.3025112 -0.9462802 -0.1141958
v 1.059463 1.091939 0.370804
vt 0.0387440 0.4062590
vn 0.2431147 -0.9395791 -0.2410105
f 5203/5203/5203 5204/5204/5204 5205/5205/5205
v 1.055590 1.091624 0.372460
vt 0.0385055 0.4063110
vn -0.3025112 -0.9462802 -0.1141958
v 1.075696 1.083309 0.390520
vt 0.0366850 0.4046450
vn -0.2856320 -0.9307956 -0.2281096
v 1.074278 1.084043 0.395883
vt 0.0363415 0.4048005
vn -0.4093837 -0.9121780 0.0183369
f 5206/5206/5206 5207/5207/5207 5208/5208/5208
v 1.074539 1.086057 0.397831
vt 0.0361805 0.4049120
vn -0.4996809 -0.2159670 0.8388548
v 1.049882 1.096301 0.374555
vt 0.0380640 0.4065620
vn -0.8805922 -0.1453069 0.4510467
v 1.051030 1.093699 0.373950
vt 0.0382355 0.4064350
vn -0.8486909 -0.4421429 0.2902303
f 5209/5209/5209 5210/5210/5210 5211/5211/5211
v 1.051030 1.093699 0.373950
vt 0.0382355 0.4064350
vn -0.8486909 -0.4421429 0.2902303
v 1.049882 1.096301 0.374555
vt 0.0380640 0.4065620
vn -0.8805922 -0.1453069 0.4510467
v 1.050620 1.095557 0.255219
vt 0.0413155 0.4146750
vn -0.9366362 -0.1864359 -0.2965707
f 5212/5212/5212 5213/5213/5213 5214/5214/5214
v 1.049882 1.096301 0.374555
vt 0.0380640 0.4065620
vn -0.8805922 -0.1453069 0.4510467
v 1.074539 1.086057 0.397831
vt 0.0361805 0.4049120
vn -0.4996809 -0.2159670 0.8388548
v 1.086103 1.112118 0.397801
vt 0.0348930 0.4063050
vn -0.2611632 0.2917597 0.9201467
f 5215/5215/5215 5216/5216/5216 5217/5217/5217
v 1.052418 1.121771 0.255083
vt 0.0395225 0.4157025
vn -0.9784999 -0.1732317 0.1119319
v 1.050620 1.095557 0.255219
vt 0.0413155 0.4146750
vn -0.9366362 -0.1864359 -0.2965707
v 1.049882 1.096301 0.374555
vt 0.0380640 0.4065620
vn -0.8805922 -0.1453069 0.4510467
f 5218/5218/5218 5219/5219/5219 5220/5220/5220
v 1.052418 1.121771 0.255083
vt 0.0395225 0.4157025
vn -0.9784999 -0.1732317 0.1119319
v 1.051781 1.122989 0.374411
vt 0.0364580 0.4079450
vn -0.8420872 0.2872527 0.4564811
v 1.072176 1.164945 0.352108
vt 0.0344300 0.4108425
vn -0.7094090 0.6243657 0.3269653
f 5221/5221/5221 5222/5222/5222 5223/5223/5223
v 1.051781 1.122989 0.374411
vt 0.0364580 0.4079450
vn -0.8420872 0.2872527 0.4564811
v 1.086103 1.112118 0.397801
vt 0.0348930 0.4063050
vn -0.2611632 0.2917597 0.9201467
v 1.094921 1.174945 0.365584
vt 0.0332460 0.4103045
vn -0.2188728 0.7504110 0.6236811
f 5224/5224/5224 5225/5225/5225 5226/5226/5226
v 1.086103 1.112118 0.397801
vt 0.0348930 0.4063050
vn -0.2611632 0.2917597 0.9201467
v 1.074539 1.086057 0.397831
vt 0.0361805 0.4049120
vn -0.4996809 -0.2159670 0.8388548
v 1.096637 1.075805 0.399933
vt 0.0348960 0.4037225
vn -0.0245630 0.0112930 0.9996344
f 5227/5227/5227 5228/5228/5228 5229/5229/5229
v 1.114205 1.171427 0.365584
vt 0.0324750 0.4099975
vn 0.1636800 0.4329956 0.8864105
v 1.094921 1.174945 0.365584
vt 0.0332460 0.4103045
vn -0.2188728 0.7504110 0.6236811
v 1.086103 1.112118 0.397801
vt 0.0348930 0.4063050
vn -0.2611632 0.2917597 0.9201467
f 5230/5230/5230 5231/5231/5231 5232/5232/5232
v 1.093678 1.214655 0.257305
vt 0.0309365 0.4175585
vn -0.0748420 0.9956887 0.0547968
v 1.068758 1.207086 0.257305
vt 0.0326670 0.4182460
vn -0.4499567 0.7857578 0.4244100
v 1.072176 1.164945 0.352108
vt 0.0344300 0.4108425
vn -0.7094090 0.6243657 0.3269653
f 5233/5233/5233 5234/5234/5234 5235/5235/5235
v 1.109108 1.212443 0.257305
vt 0.0300325 0.4170850
vn 0.2929367 0.9507000 0.1017722
v 1.093678 1.214655 0.257305
vt 0.0309365 0.4175585
vn -0.0748420 0.9956887 0.0547968
v 1.094921 1.174945 0.365584
vt 0.0332460 0.4103045
vn -0.2188728 0.7504110 0.6236811
f 5236/5236/5236 5237/5237/5237 5238/5238/5238
v 1.114205 1.171427 0.365584
vt 0.0324750 0.4099975
vn 0.3097005 0.8921669 0.3288218
v 1.306290 1.062734 0.366860
vt 0.0228900 0.4027545
vn 0.5916373 0.5532289 0.5864326
v 1.297187 1.102902 0.281734
vt 0.0210730 0.4077420
vn 0.6828938 0.7253718 0.0865563
f 5239/5239/5239 5240/5240/5240 5241/5241/5241
v 1.109061 1.102358 0.399894
vt 0.0338485 0.4054265
vn 0.0768442 0.2240755 0.9715375
v 1.290101 1.019300 0.391112
vt 0.0236470 0.3997845
vn 0.3895833 0.0711959 0.9182352
v 1.306290 1.062734 0.366860
vt 0.0228900 0.4027545
vn 0.5916373 0.5532289 0.5864326
f 5242/5242/5242 5243/5243/5243 5244/5244/5244
v 1.306290 1.062734 0.366860
vt 0.0228900 0.4027545
vn 0.5916373 0.5532289 0.5864326
v 1.333245 1.034122 0.350739
vt 0.0209040 0.4018290
vn 0.8579953 0.3078003 0.4112214
v 1.346409 1.032762 0.292034
vt 0.0180780 0.4038010
vn 0.9614398 0.2732615 0.0310087
f 5245/5245/5245 5246/5246/5246 5247/5247/5247
v 1.290101 1.019300 0.391112
vt 0.0236470 0.3997845
vn 0.3895833 0.0711959 0.9182352
v 1.329827 0.999872 0.359967
vt 0.0204690 0.3997015
vn 0.8372674 -0.0758965 0.5415007
v 1.333245 1.034122 0.350739
vt 0.0209040 0.4018290
vn 0.8579953 0.3078003 0.4112214
f 5248/5248/5248 5249/5249/5249 5250/5250/5250
v 1.333245 1.034122 0.350739
vt 0.0209040 0.4018290
vn 0.8579953 0.3078003 0.4112214
v 1.329827 0.999872 0.359967
vt 0.0204690 0.3997015
vn 0.8372674 -0.0758965 0.5415007
v 1.343788 0.992593 0.293604
vt 0.0163985 0.4016990
vn 0.9707894 -0.2389000 0.0222425
f 5251/5251/5251 5252/5252/5252 5253/5253/5253
v 1.277752 0.993392 0.391273
vt 0.0240120 0.3979560
vn 0.2695788 -0.1106703 0.9565979
v 1.322997 0.970827 0.359757
vt 0.0197185 0.3977705
vn 0.5226741 -0.1289807 0.8427193
v 1.329827 0.999872 0.359967
vt 0.0204690 0.3997015
vn 0.8372674 -0.0758965 0.5415007
f 5254/5254/5254 5255/5255/5255 5256/5256/5256
v 1.322997 0.970827 0.359757
vt 0.0197185 0.3977705
vn 0.9380550 -0.2813277 0.2022560
v 1.330814 0.966640 0.293756
vt 0.0150185 0.3999455
vn 0.8945445 -0.4469750 -0.0019175
v 1.343788 0.992593 0.293604
vt 0.0163985 0.4016990
vn 0.9707894 -0.2389000 0.0222425
f 5257/5257/5257 5258/5258/5258 5259/5259/5259
v 1.339314 1.035484 0.251141
vt 0.0165345 0.4056920
vn 0.9218788 0.3012255 -0.2437269
v 1.346409 1.032762 0.292034
vt 0.0180780 0.4038010
vn 0.9614398 0.2732615 0.0310087
v 1.343788 0.992593 0.293604
vt 0.0163985 0.4016990
vn 0.9707894 -0.2389000 0.0222425
f 5260/5260/5260 5261/5261/5261 5262/5262/5262
v 1.330814 0.966640 0.293756
vt 0.0150185 0.3999455
vn 0.8945445 -0.4469750 -0.0019175
v 1.323942 0.969733 0.239131
vt 0.0121125 0.4036580
vn 0.8178200 -0.4091580 -0.4046729
v 1.336878 0.995660 0.239079
vt 0.0139525 0.4046485
vn 0.9066168 -0.2228636 -0.3582986
f 5263/5263/5263 5264/5264/5264 5265/5265/5265
v 1.323305 1.041181 0.210975
vt 0.0153390 0.4078770
vn 0.7400748 0.1473643 -0.6561807
v 1.339314 1.035484 0.251141
vt 0.0165345 0.4056920
vn 0.9218788 0.3012255 -0.2437269
v 1.336878 0.995660 0.239079
vt 0.0139525 0.4046485
vn 0.9066168 -0.2228636 -0.3582986
f 5266/5266/5266 5267/5267/5267 5268/5268/5268
v 1.323942 0.969733 0.239131
vt 0.0121125 0.4036580
vn 0.8178200 -0.4091580 -0.4046729
v 1.301187 0.980856 0.207627
vt 0.0109150 0.4061225
vn 0.4896536 -0.2442689 -0.8370017
v 1.314126 1.006818 0.207664
vt 0.0130720 0.4069505
vn 0.5436364 -0.1697428 -0.8219774
f 5269/5269/5269 5270/5270/5270 5271/5271/5271
v 1.328043 0.965873 0.293746
vt 0.0149275 0.3997980
vn 0.2660290 -0.9639643 0.0011402
v 1.320903 0.969095 0.238688
vt 0.0119210 0.4036390
vn 0.2449170 -0.9251442 -0.2900414
v 1.323942 0.969733 0.239131
vt 0.0121125 0.4036580
vn 0.2225990 -0.9340454 -0.2793007
f 5272/5272/5272 5273/5273/5273 5274/5274/5274
v 1.320903 0.969095 0.238688
vt 0.0119210 0.4036390
vn 0.2449170 -0.9251442 -0.2900414
v 1.299187 0.979692 0.209211
vt 0.0107515 0.4060245
vn 0.0136774 -0.8159074 -0.5780206
v 1.301187 0.980856 0.207627
vt 0.0109150 0.4061225
vn 0.0467129 -0.8275147 -0.5594975
f 5275/5275/5275 5276/5276/5276 5277/5277/5277
v 1.324801 0.967465 0.293714
vt 0.0148105 0.3996155
vn -0.7093222 -0.7047670 0.0128652
v 1.315112 0.971937 0.237503
vt 0.0115710 0.4035905
vn -0.6939813 -0.7052625 0.1448954
v 1.320903 0.969095 0.238688
vt 0.0119210 0.4036390
vn -0.4407982 -0.8976008 0.0031302
f 5278/5278/5278 5279/5279/5279 5280/5280/5280
v 1.315112 0.971937 0.237503
vt 0.0115710 0.4035905
vn -0.6939813 -0.7052625 0.1448954
v 1.297585 0.980471 0.211435
vt 0.0105905 0.4059730
vn -0.4384189 -0.8987701 -0.0010944
v 1.299187 0.979692 0.209211
vt 0.0107515 0.4060245
vn -0.4385936 -0.8986853 -0.0006582
f 5281/5281/5281 5282/5282/5282 5283/5283/5283
v 1.320501 0.969911 0.358738
vt 0.0196790 0.3976020
vn 0.1719093 -0.9054725 0.3880292
v 1.328043 0.965873 0.293746
vt 0.0149275 0.3997980
vn 0.2660290 -0.9639643 0.0011402
v 1.330814 0.966640 0.293756
vt 0.0150185 0.3999455
vn 0.2671868 -0.9636438 0.0012732
f 5284/5284/5284 5285/5285/5285 5286/5286/5286
v 1.317918 0.971165 0.357116
vt 0.0196415 0.3974140
vn -0.6509650 -0.7404067 -0.1674588
v 1.324801 0.967465 0.293714
vt 0.0148105 0.3996155
vn -0.7093222 -0.7047670 0.0128652
v 1.328043 0.965873 0.293746
vt 0.0149275 0.3997980
vn -0.4406541 -0.8976652 0.0045905
f 5287/5287/5287 5288/5288/5288 5289/5289/5289
v 1.317016 0.973679 0.355740
vt 0.0195935 0.3972310
vn -0.8633090 -0.1575708 -0.4794466
v 1.323514 0.970180 0.293715
vt 0.0147020 0.3994525
vn -0.9964385 -0.0683101 0.0494394
v 1.324801 0.967465 0.293714
vt 0.0148105 0.3996155
vn -0.7093222 -0.7047670 0.0128652
f 5290/5290/5290 5291/5291/5291 5292/5292/5292
v 1.323514 0.970180 0.293715
vt 0.0147020 0.3994525
vn -0.9964385 -0.0683101 0.0494394
v 1.313657 0.974753 0.237111
vt 0.0113970 0.4035170
vn -0.9288729 -0.0638832 0.3648478
v 1.315112 0.971937 0.237503
vt 0.0115710 0.4035905
vn -0.6939813 -0.7052625 0.1448954
f 5293/5293/5293 5294/5294/5294 5295/5295/5295
v 1.319303 0.979005 0.354671
vt 0.0194795 0.3968590
vn -0.9216753 0.3698266 -0.1172307
v 1.325471 0.975670 0.293774
vt 0.0144780 0.3991355
vn -0.9415304 0.3350759 0.0352779
v 1.323514 0.970180 0.293715
vt 0.0147020 0.3994525
vn -0.9964385 -0.0683101 0.0494394
f 5296/5296/5296 5297/5297/5297 5298/5298/5298
v 1.323514 0.970180 0.293715
vt 0.0147020 0.3994525
vn -0.9964385 -0.0683101 0.0494394
v 1.325471 0.975670 0.293774
vt 0.0144780 0.3991355
vn -0.9415304 0.3350759 0.0352779
v 1.315833 0.980117 0.237268
vt 0.0111030 0.4032880
vn -0.8569843 0.3335425 0.3928453
f 5299/5299/5299 5300/5300/5300 5301/5301/5301
v 1.315833 0.980117 0.237268
vt 0.0120300 0.3733165
vn -0.4374888 -0.8992220 0.0018594
v 1.325471 0.975670 0.293774
vt 0.0111070 0.3789760
vn -0.4376949 -0.8991128 0.0044096
v 1.253350 1.010773 0.292692
vt 0.0178545 0.3790905
vn -0.4225620 -0.9063329 0.0014473
f 5302/5302/5302 5303/5303/5303 5304/5304/5304
v 1.253350 1.010773 0.292692
vt 0.0178545 0.3790905
vn -0.4225620 -0.9063329 0.0014473
v 1.325471 0.975670 0.293774
vt 0.0111070 0.3789760
vn -0.4376949 -0.8991128 0.0044096
v 1.319303 0.979005 0.354671
vt 0.0111990 0.3850495
vn -0.4383261 -0.8987978 0.0057289
f 5305/5305/5305 5306/5306/5306 5307/5307/5307
v 1.313657 0.974753 0.237111
vt 0.0113970 0.4035170
vn -0.9288729 -0.0638832 0.3648478
v 1.315833 0.980117 0.237268
vt 0.0111030 0.4032880
vn -0.8569843 0.3335425 0.3928453
v 1.300064 0.987785 0.213356
vt 0.0100570 0.4059565
vn -0.5429380 0.2433637 0.8037366
f 5308/5308/5308 5309/5309/5309 5310/5310/5310
v 1.300064 0.987785 0.213356
vt 0.0137035 0.3710840
vn -0.4371819 -0.8993731 -0.0002305
v 1.315833 0.980117 0.237268
vt 0.0120300 0.3733165
vn -0.4374888 -0.8992220 0.0018594
v 1.256383 1.009016 0.224783
vt 0.0179685 0.3724445
vn -0.4254344 -0.9049882 0.0013196
f 5311/5311/5311 5312/5312/5312 5313/5313/5313
v 1.185858 1.040831 0.213845
vt 0.0249040 0.3717400
vn -0.4150707 -0.9097651 -0.0066176
v 1.256383 1.009016 0.224783
vt 0.0179685 0.3724445
vn -0.4254344 -0.9049882 0.0013196
v 1.253350 1.010773 0.292692
vt 0.0178545 0.3790905
vn -0.4225620 -0.9063329 0.0014473
f 5314/5314/5314 5315/5315/5315 5316/5316/5316
v 1.195933 1.036706 0.184860
vt 0.0241000 0.3688820
vn -0.4119519 -0.9111292 -0.0117910
v 1.257359 1.008561 0.198535
vt 0.0180170 0.3698945
vn -0.4276763 -0.9039318 0.0004388
v 1.256383 1.009016 0.224783
vt 0.0179685 0.3724445
vn -0.4254344 -0.9049882 0.0013196
f 5317/5317/5317 5318/5318/5318 5319/5319/5319
v 1.297349 0.982720 0.213107
vt 0.0104145 0.4059545
vn -0.6452983 -0.1418199 0.7506512
v 1.300064 0.987785 0.213356
vt 0.0100570 0.4059565
vn -0.5429380 0.2433637 0.8037366
v 1.257359 1.008561 0.198535
vt 0.0097240 0.4102690
vn -0.2571849 0.0513555 0.9649967
f 5320/5320/5320 5321/5321/5321 5322/5322/5322
v 1.164946 1.050131 0.283884
vt 0.0265595 0.3786190
vn -0.4204969 -0.9072933 -0.0010630
v 1.113007 1.075183 0.272137
vt 0.0317900 0.3777495
vn -0.4131460 -0.9106647 -0.0004734
v 1.142757 1.061035 0.208426
vt 0.0291850 0.3714280
vn -0.4196053 -0.9076992 -0.0036582
f 5323/5323/5323 5324/5324/5324 5325/5325/5325
v 1.106634 1.077596 0.388547
vt 0.0319050 0.3890565
vn -0.4143527 -0.9101155 0.0012194
v 1.081345 1.089076 0.385339
vt 0.0343900 0.3888700
vn -0.3980940 -0.9173443 0.0008052
v 1.113007 1.075183 0.272137
vt 0.0317900 0.3777495
vn -0.4131460 -0.9106647 -0.0004734
f 5326/5326/5326 5327/5327/5327 5328/5328/5328
v 1.164946 1.050131 0.283884
vt 0.0265595 0.3786190
vn -0.4204969 -0.9072933 -0.0010630
v 1.253350 1.010773 0.292692
vt 0.0178545 0.3790905
vn -0.4225620 -0.9063329 0.0014473
v 1.277017 0.999842 0.380812
vt 0.0153140 0.3876155
vn -0.4255078 -0.9049444 0.0043071
f 5329/5329/5329 5330/5330/5330 5331/5331/5331
v 1.063298 1.096542 0.368785
vt 0.0361855 0.3873450
vn -0.3874685 -0.9218723 0.0044443
v 1.063839 1.096078 0.258623
vt 0.0365980 0.3766745
vn -0.3918461 -0.9200254 0.0031377
v 1.113007 1.075183 0.272137
vt 0.0317900 0.3777495
vn -0.4131460 -0.9106647 -0.0004734
f 5332/5332/5332 5333/5333/5333 5334/5334/5334
v 1.081345 1.089076 0.385339
vt 0.0370890 0.4042905
vn 0.1235238 -0.5451459 -0.8291910
v 1.106634 1.077596 0.388547
vt 0.0350720 0.4024735
vn -0.1180433 -0.3240377 -0.9386508
v 1.101367 1.073622 0.390582
vt 0.0350150 0.4029180
vn -0.2299923 -0.5736462 -0.7861512
f 5335/5335/5335 5336/5336/5336 5337/5337/5337
v 1.081345 1.089076 0.385339
vt 0.0370890 0.4042905
vn 0.1235238 -0.5451459 -0.8291910
v 1.077395 1.084442 0.387842
vt 0.0368420 0.4045405
vn 0.0000797 -0.7483738 -0.6632771
v 1.059463 1.091939 0.370804
vt 0.0387440 0.4062590
vn 0.2431147 -0.9395791 -0.2410105
f 5338/5338/5338 5339/5339/5339 5340/5340/5340
v 1.098823 1.072761 0.393215
vt 0.0350025 0.4031655
vn -0.3845697 -0.8732762 -0.2991569
v 1.075696 1.083309 0.390520
vt 0.0366850 0.4046450
vn -0.2856320 -0.9307956 -0.2281096
v 1.077395 1.084442 0.387842
vt 0.0368420 0.4045405
vn 0.0000797 -0.7483738 -0.6632771
f 5341/5341/5341 5342/5342/5342 5343/5343/5343
v 1.101367 1.073622 0.390582
vt 0.0350150 0.4029180
vn -0.2299923 -0.5736462 -0.7861512
v 1.275063 0.994381 0.382568
vt 0.0242985 0.3972895
vn -0.4411809 -0.4844917 -0.7553986
v 1.275023 0.992422 0.385026
vt 0.0241860 0.3974815
vn -0.4810150 -0.8311107 -0.2790691
f 5344/5344/5344 5345/5345/5345 5346/5346/5346
v 1.106634 1.077596 0.388547
vt 0.0350720 0.4024735
vn -0.1180433 -0.3240377 -0.9386508
v 1.277017 0.999842 0.380812
vt 0.0245335 0.3969205
vn -0.3820126 -0.1512335 -0.9116988
v 1.275063 0.994381 0.382568
vt 0.0242985 0.3972895
vn -0.4411809 -0.4844917 -0.7553986
f 5347/5347/5347 5348/5348/5348 5349/5349/5349
v 1.317016 0.973679 0.355740
vt 0.0195935 0.3972310
vn -0.8633090 -0.1575708 -0.4794466
v 1.317918 0.971165 0.357116
vt 0.0196415 0.3974140
vn -0.6509650 -0.7404067 -0.1674588
v 1.275023 0.992422 0.385026
vt 0.0241860 0.3974815
vn -0.4810150 -0.8311107 -0.2790691
f 5350/5350/5350 5351/5351/5351 5352/5352/5352
v 1.277017 0.999842 0.380812
vt 0.0245335 0.3969205
vn -0.3820126 -0.1512335 -0.9116988
v 1.319303 0.979005 0.354671
vt 0.0194795 0.3968590
vn -0.5088215 0.0458863 -0.8596483
v 1.317016 0.973679 0.355740
vt 0.0195935 0.3972310
vn -0.8633090 -0.1575708 -0.4794466
f 5353/5353/5353 5354/5354/5354 5355/5355/5355
v 1.098823 1.072761 0.393215
vt 0.0350025 0.4031655
vn -0.3845697 -0.8732762 -0.2991569
v 1.275023 0.992422 0.385026
vt 0.0241860 0.3974815
vn -0.4810150 -0.8311107 -0.2790691
v 1.276348 0.991890 0.389384
vt 0.0240640 0.3977645
vn -0.4237917 -0.9055874 0.0176662
f 5356/5356/5356 5357/5357/5357 5358/5358/5358
v 1.276348 0.991890 0.389384
vt 0.0240640 0.3977645
vn -0.4237917 -0.9055874 0.0176662
v 1.275023 0.992422 0.385026
vt 0.0241860 0.3974815
vn -0.4810150 -0.8311107 -0.2790691
v 1.317918 0.971165 0.357116
vt 0.0196415 0.3974140
vn -0.6509650 -0.7404067 -0.1674588
f 5359/5359/5359 5360/5360/5360 5361/5361/5361
v 1.096715 1.073678 0.397938
vt 0.0349485 0.4035150
vn -0.3178125 -0.6551279 0.6854214
v 1.276348 0.991890 0.389384
vt 0.0240640 0.3977645
vn -0.1314956 -0.7275877 0.6732941
v 1.277752 0.993392 0.391273
vt 0.0240120 0.3979560
vn -0.1018256 -0.7379314 0.6671498
f 5362/5362/5362 5363/5363/5363 5364/5364/5364
v 1.320501 0.969911 0.358738
vt 0.0196790 0.3976020
vn 0.1719093 -0.9054725 0.3880292
v 1.322997 0.970827 0.359757
vt 0.0197185 0.3977705
vn 0.1925308 -0.9156001 0.3529993
v 1.277752 0.993392 0.391273
vt 0.0240120 0.3979560
vn -0.1018256 -0.7379314 0.6671498
f 5365/5365/5365 5366/5366/5366 5367/5367/5367
v 1.109061 1.102358 0.399894
vt 0.0338485 0.4054265
vn 0.0768442 0.2240755 0.9715375
v 1.096637 1.075805 0.399933
vt 0.0348960 0.4037225
vn -0.0245630 0.0112930 0.9996344
v 1.277752 0.993392 0.391273
vt 0.0240120 0.3979560
vn 0.2695788 -0.1106703 0.9565979
f 5368/5368/5368 5369/5369/5369 5370/5370/5370
v 1.096637 1.075805 0.399933
vt 0.0348960 0.4037225
vn -0.3113633 -0.6553305 0.6881824
v 1.074539 1.086057 0.397831
vt 0.0361805 0.4049120
vn -0.4996809 -0.2159670 0.8388548
v 1.074278 1.084043 0.395883
vt 0.0363415 0.4048005
vn -0.5483351 -0.5442166 0.6349464
f 5371/5371/5371 5372/5372/5372 5373/5373/5373
v 1.075696 1.083309 0.390520
vt 0.0366850 0.4046450
vn -0.2856320 -0.9307956 -0.2281096
v 1.098823 1.072761 0.393215
vt 0.0350025 0.4031655
vn -0.3845697 -0.8732762 -0.2991569
v 1.096715 1.073678 0.397938
vt 0.0349485 0.4035150
vn -0.4148105 -0.9098838 -0.0066183
f 5374/5374/5374 5375/5375/5375 5376/5376/5376
v 1.313657 0.974753 0.237111
vt 0.0113970 0.4035170
vn -0.9288729 -0.0638832 0.3648478
v 1.297349 0.982720 0.213107
vt 0.0104145 0.4059545
vn -0.6452983 -0.1418199 0.7506512
v 1.297585 0.980471 0.211435
vt 0.0105905 0.4059730
vn -0.6708743 -0.4863593 0.5598056
f 5377/5377/5377 5378/5378/5378 5379/5379/5379
v 1.297585 0.980471 0.211435
vt 0.0105905 0.4059730
vn -0.6708743 -0.4863593 0.5598056
v 1.297349 0.982720 0.213107
vt 0.0104145 0.4059545
vn -0.6452983 -0.1418199 0.7506512
v 1.254252 1.003715 0.197958
vt 0.0100900 0.4101715
vn -0.4726404 -0.6014574 0.6440962
f 5380/5380/5380 5381/5381/5381 5382/5382/5382
v 1.297585 0.980471 0.211435
vt 0.0105905 0.4059730
vn -0.4384189 -0.8987701 -0.0010944
v 1.253313 1.002085 0.195746
vt 0.0102705 0.4101555
vn -0.4222383 -0.9062828 -0.0191364
v 1.253464 1.002077 0.192759
vt 0.0104615 0.4101755
vn -0.4233111 -0.9057974 -0.0184073
f 5383/5383/5383 5384/5384/5384 5385/5385/5385
v 1.254393 1.003807 0.190750
vt 0.0106475 0.4102230
vn -0.1384808 -0.7173309 -0.6828320
v 1.301187 0.980856 0.207627
vt 0.0109150 0.4061225
vn 0.0467129 -0.8275147 -0.5594975
v 1.299187 0.979692 0.209211
vt 0.0107515 0.4060245
vn 0.0136774 -0.8159074 -0.5780206
f 5386/5386/5386 5387/5387/5387 5388/5388/5388
v 1.301187 0.980856 0.207627
vt 0.0109150 0.4061225
vn 0.4896536 -0.2442689 -0.8370017
v 1.254393 1.003807 0.190750
vt 0.0106475 0.4102230
vn 0.2248083 -0.1000198 -0.9692560
v 1.266762 1.029819 0.190921
vt 0.0130375 0.4105485
vn 0.2451675 -0.0863126 -0.9656309
f 5389/5389/5389 5390/5390/5390 5391/5391/5391
v 1.254393 1.003807 0.190750
vt 0.0106475 0.4102230
vn 0.2248083 -0.1000198 -0.9692560
v 1.194492 1.031106 0.177621
vt 0.0119785 0.4152680
vn 0.1598149 -0.0629702 -0.9851365
v 1.206660 1.057509 0.177924
vt 0.0141915 0.4152060
vn 0.1664567 -0.0375559 -0.9853333
f 5392/5392/5392 5393/5393/5393 5394/5394/5394
v 1.323305 1.041181 0.210975
vt 0.0153390 0.4078770
vn 0.7400748 0.1473643 -0.6561807
v 1.314126 1.006818 0.207664
vt 0.0130720 0.4069505
vn 0.5436364 -0.1697428 -0.8219774
v 1.266762 1.029819 0.190921
vt 0.0130375 0.4105485
vn 0.2451675 -0.0863126 -0.9656309
f 5395/5395/5395 5396/5396/5396 5397/5397/5397
v 1.206660 1.057509 0.177924
vt 0.0141915 0.4152060
vn 0.1664567 -0.0375559 -0.9853333
v 1.206585 1.142849 0.177924
vt 0.0206435 0.4162770
vn 0.3863468 0.4515707 -0.8042512
v 1.282147 1.075594 0.190921
vt 0.0163990 0.4110965
vn 0.4293753 0.1677202 -0.8874158
f 5398/5398/5398 5399/5399/5399 5400/5400/5400
v 1.184215 1.067352 0.174146
vt 0.0146805 0.4169045
vn 0.1348053 -0.0236427 -0.9905900
v 1.182953 1.156422 0.174146
vt 0.0216160 0.4178005
vn 0.3505960 0.4363505 -0.8286620
v 1.206585 1.142849 0.177924
vt 0.0206435 0.4162770
vn 0.3863468 0.4515707 -0.8042512
f 5401/5401/5401 5402/5402/5402 5403/5403/5403
v 1.206585 1.142849 0.177924
vt 0.0206435 0.4162770
vn 0.3863468 0.4515707 -0.8042512
v 1.157137 1.192092 0.203545
vt 0.0252595 0.4180195
vn 0.4560587 0.8500679 -0.2634294
v 1.287192 1.100138 0.206792
vt 0.0182350 0.4109880
vn 0.6970069 0.5776708 -0.4248267
f 5404/5404/5404 5405/5405/5405 5406/5406/5406
v 1.182953 1.156422 0.174146
vt 0.0216160 0.4178005
vn 0.3505960 0.4363505 -0.8286620
v 1.134694 1.202800 0.203545
vt 0.0264150 0.4191810
vn 0.2709492 0.9075378 -0.3208760
v 1.157137 1.192092 0.203545
vt 0.0252595 0.4180195
vn 0.4560587 0.8500679 -0.2634294
f 5407/5407/5407 5408/5408/5408 5409/5409/5409
v 1.157137 1.192092 0.203545
vt 0.0252595 0.4180195
vn 0.4560587 0.8500679 -0.2634294
v 1.109108 1.212443 0.257305
vt 0.0300325 0.4170850
vn 0.2929367 0.9507000 0.1017722
v 1.297187 1.102902 0.281734
vt 0.0210730 0.4077420
vn 0.6828938 0.7253718 0.0865563
f 5410/5410/5410 5411/5411/5411 5412/5412/5412
v 1.134694 1.202800 0.203545
vt 0.0264150 0.4191810
vn 0.2709492 0.9075378 -0.3208760
v 1.093678 1.214655 0.257305
vt 0.0309365 0.4175585
vn -0.0748420 0.9956887 0.0547968
v 1.109108 1.212443 0.257305
vt 0.0300325 0.4170850
vn 0.2929367 0.9507000 0.1017722
f 5413/5413/5413 5414/5414/5414 5415/5415/5415
v 1.112251 1.206358 0.203545
vt 0.0274700 0.4202945
vn 0.2238375 0.9640350 -0.1432949
v 1.068758 1.207086 0.257305
vt 0.0326670 0.4182460
vn -0.4499567 0.7857578 0.4244100
v 1.093678 1.214655 0.257305
vt 0.0309365 0.4175585
vn -0.0748420 0.9956887 0.0547968
f 5416/5416/5416 5417/5417/5417 5418/5418/5418
v 1.287192 1.100138 0.206792
vt 0.0182350 0.4109880
vn 0.6970069 0.5776708 -0.4248267
v 1.339314 1.035484 0.251141
vt 0.0165345 0.4056920
vn 0.9218788 0.3012255 -0.2437269
v 1.323305 1.041181 0.210975
vt 0.0153390 0.4078770
vn 0.7400748 0.1473643 -0.6561807
f 5419/5419/5419 5420/5420/5420 5421/5421/5421
v 1.297187 1.102902 0.281734
vt 0.0210730 0.4077420
vn 0.6828938 0.7253718 0.0865563
v 1.346409 1.032762 0.292034
vt 0.0180780 0.4038010
vn 0.9614398 0.2732615 0.0310087
v 1.339314 1.035484 0.251141
vt 0.0165345 0.4056920
vn 0.9218788 0.3012255 -0.2437269
f 5422/5422/5422 5423/5423/5423 5424/5424/5424
v 1.068758 1.207086 0.257305
vt 0.0326670 0.4182460
vn -0.4499567 0.7857578 0.4244100
v 1.112251 1.206358 0.203545
vt 0.0274700 0.4202945
vn 0.2238375 0.9640350 -0.1432949
v 1.052863 1.218222 0.208457
vt 0.0310670 0.4225420
vn 0.1371718 0.9867511 0.0866388
f 5425/5425/5425 5426/5426/5426 5427/5427/5427
v 1.052418 1.121771 0.255083
vt 0.0395225 0.4157025
vn -0.9784999 -0.1732317 0.1119319
v 1.068758 1.207086 0.257305
vt 0.0326670 0.4182460
vn -0.4499567 0.7857578 0.4244100
v 1.030787 1.188173 0.254009
vt 0.0355810 0.4202510
vn -0.2470401 0.5641755 0.7878307
f 5428/5428/5428 5429/5429/5429 5430/5430/5430
v 1.073359 1.117707 0.208461
vt 0.0157970 0.4265810
vn -0.3458226 -0.9362696 -0.0616936
v 1.098601 1.106548 0.203545
vt 0.0149635 0.4247645
vn -0.4085120 -0.9105036 -0.0640394
v 1.052418 1.121771 0.255083
vt 0.0140975 0.4298875
vn -0.9784999 -0.1732317 0.1119319
f 5431/5431/5431 5432/5432/5432 5433/5433/5433
v 1.055141 1.126054 0.150993
vt 0.0195510 0.4258140
vn 0.8844659 -0.4665924 -0.0034138
v 1.095066 1.109210 0.164044
vt 0.0179085 0.4235365
vn -0.3973448 -0.9174597 -0.0196144
v 1.073359 1.117707 0.208461
vt 0.0157970 0.4265810
vn -0.3458226 -0.9362696 -0.0616936
f 5434/5434/5434 5435/5435/5435 5436/5436/5436
v 1.055141 1.126054 0.150993
vt 0.0985985 0.3401045
vn 0.8844659 -0.4665924 -0.0034138
v 1.017945 1.133983 0.230875
vt 0.1027670 0.3408480
vn 0.5223908 -0.7979321 0.3006863
v 1.017729 1.118198 0.231934
vt 0.1028630 0.3397300
vn 0.9056216 0.0121770 0.4239118
f 5437/5437/5437 5438/5438/5438 5439/5439/5439
v 1.059234 1.111183 0.137508
vt 0.0977810 0.3391070
vn 0.6672575 -0.6614510 0.3424178
v 1.064235 1.114542 0.134217
vt 0.0975135 0.3393310
vn 0.6687506 -0.6596695 0.3429415
v 1.017729 1.118198 0.231934
vt 0.1028630 0.3397300
vn 0.6152894 -0.7352530 0.2842919
f 5440/5440/5440 5441/5441/5441 5442/5442/5442
v 1.059234 1.111183 0.137508
vt 0.0977810 0.3391070
vn 0.5238183 0.0513922 0.8502784
v 1.050000 0.694247 0.167248
vt 0.0991405 0.3139360
vn 0.3736619 0.0620878 0.9254847
v 1.055811 0.695546 0.164739
vt 0.0988605 0.3140255
vn 0.3745684 0.0619030 0.9251305
f 5443/5443/5443 5444/5444/5444 5445/5445/5445
v 1.053037 1.111064 0.135641
vt 0.0980165 0.3390465
vn -0.2887787 0.0744842 0.9544941
v 1.043744 0.694117 0.165563
vt 0.0994215 0.3139330
vn -0.2502743 0.0673499 0.9658295
v 1.050000 0.694247 0.167248
vt 0.0991405 0.3139360
vn -0.2505137 0.0673216 0.9657695
f 5446/5446/5446 5447/5447/5447 5448/5448/5448
v 1.098601 1.106548 0.203545
vt 0.0149635 0.4247645
vn -0.6248912 0.2530170 -0.7385753
v 1.086738 1.080123 0.203488
vt 0.0127205 0.4242695
vn -0.7618230 -0.0838188 -0.6423396
v 1.050620 1.095557 0.255219
vt 0.0121595 0.4291665
vn -0.9366362 -0.1864359 -0.2965707
f 5449/5449/5449 5450/5450/5450 5451/5451/5451
v 1.051784 1.092991 0.255783
vt 0.0119670 0.4290970
vn -0.8701330 -0.4427674 -0.2163916
v 1.050620 1.095557 0.255219
vt 0.0121595 0.4291665
vn -0.9366362 -0.1864359 -0.2965707
v 1.086738 1.080123 0.203488
vt 0.0127205 0.4242695
vn -0.7618230 -0.0838188 -0.6423396
f 5452/5452/5452 5453/5453/5453 5454/5454/5454
v 1.131842 1.057829 0.170879
vt 0.0131995 0.4201475
vn -0.4155568 -0.9095621 -0.0030416
v 1.132606 1.057472 0.173746
vt 0.0130065 0.4201470
vn -0.4158838 -0.9094138 -0.0026783
v 1.093573 1.074963 0.204174
vt 0.0122920 0.4238450
vn -0.1882338 -0.9559817 0.2250932
f 5455/5455/5455 5456/5456/5456 5457/5457/5457
o opaque_underbody
v -1.045000 -2.500000 -0.550000
vt 0.7812500 0.9687500
vn 0.0125535 -0.3059853 -0.9519535
v -0.720000 -2.300000 -0.610000
vt 0.7812500 0.9687500
vn 0.0125535 -0.3059853 -0.9519535
v -0.720000 -2.580000 -0.520000
vt 0.7812500 0.9687500
vn 0.0125535 -0.3059853 -0.9519535
f 5458/5458/5458 5459/5459/5459 5460/5460/5460
v -0.720000 -2.580000 -0.520000
vt 0.7812500 0.9687500
vn 1.0000000 0.0000000 0.0000000
v -0.720000 -2.300000 -0.610000
vt 0.7812500 0.9687500
vn 1.0000000 0.0000000 0.0000000
v -0.720000 -2.300000 -0.520000
vt 0.7812500 0.9687500
vn 1.0000000 0.0000000 0.0000000
f 5461/5461/5461 5462/5462/5462 5463/5463/5463
v -0.720000 -2.300000 -0.520000
vt 0.7812500 0.9687500
vn 0.0000000 0.0000000 -1.0000000
v 0.720000 -2.580000 -0.520000
vt 0.7812500 0.9687500
vn 0.0000000 0.0000000 -1.0000000
v -0.720000 -2.580000 -0.520000
vt 0.7812500 0.9687500
vn 0.0000000 0.0000000 -1.0000000
f 5464/5464/5464 5465/5465/5465 5466/5466/5466
v 0.720000 -2.580000 -0.520000
vt 0.7812500 0.9687500
vn -1.0000000 0.0000000 0.0000000
v 0.720000 -2.300000 -0.520000
vt 0.7812500 0.9687500
vn -1.0000000 0.0000000 0.0000000
v 0.720000 -2.300000 -0.610000
vt 0.7812500 0.9687500
vn -1.0000000 0.0000000 0.0000000
f 5467/5467/5467 5468/5468/5468 5469/5469/5469
v 0.720000 -2.300000 -0.610000
vt 0.7812500 0.9687500
vn -0.0125535 -0.3059853 -0.9519535
v 1.045000 -2.500000 -0.550000
vt 0.7812500 0.9687500
vn -0.0125535 -0.3059853 -0.9519535
v 0.720000 -2.580000 -0.520000
vt 0.7812500 0.9687500
vn -0.0125535 -0.3059853 -0.9519535
f 5470/5470/5470 5471/5471/5471 5472/5472/5472
v -1.060000 -2.300000 -0.610000
vt 0.7812500 0.9687500
vn 0.0000000 -0.2740855 -0.9617053
v -0.720000 -2.100000 -0.667000
vt 0.7812500 0.9687500
vn 0.0000000 -0.2740855 -0.9617053
v -0.720000 -2.300000 -0.610000
vt 0.7812500 0.9687500
vn 0.0000000 -0.2740855 -0.9617053
f 5473/5473/5473 5474/5474/5474 5475/5475/5475
v -0.720000 -2.300000 -0.610000
vt 0.7812500 0.9687500
vn 1.0000000 0.0000000 0.0000000
v -0.720000 -2.100000 -0.520000
vt 0.7812500 0.9687500
vn 1.0000000 0.0000000 0.0000000
v -0.720000 -2.300000 -0.520000
vt 0.7812500 0.9687500
vn 1.0000000 0.0000000 0.0000000
f 5476/5476/5476 5477/5477/5477 5478/5478/5478
v -0.720000 -2.100000 -0.520000
vt 0.7812500 0.9687500
vn 0.0000000 0.0000000 -1.0000000
v 0.720000 -2.300000 -0.520000
vt 0.7812500 0.9687500
vn 0.0000000 0.0000000 -1.0000000
v -0.720000 -2.300000 -0.520000
vt 0.7812500 0.9687500
vn 0.0000000 0.0000000 -1.0000000
f 5479/5479/5479 5480/5480/5480 5481/5481/5481
v 0.720000 -2.100000 -0.520000
vt 0.7812500 0.9687500
vn -1.0000000 0.0000000 0.0000000
v 0.720000 -2.300000 -0.610000
vt 0.7812500 0.9687500
vn -1.0000000 0.0000000 0.0000000
v 0.720000 -2.300000 -0.520000
vt 0.7812500 0.9687500
vn -1.0000000 0.0000000 0.0000000
f 5482/5482/5482 5483/5483/5483 5484/5484/5484
v 0.720000 -2.100000 -0.667000
vt 0.7812500 0.9687500
vn 0.0000000 -0.2740855 -0.9617053
v 1.060000 -2.300000 -0.610000
vt 0.7812500 0.9687500
vn 0.0000000 -0.2740855 -0.9617053
v 0.720000 -2.300000 -0.610000
vt 0.7812500 0.9687500
vn 0.0000000 -0.2740855 -0.9617053
f 5485/5485/5485 5486/5486/5486 5487/5487/5487
v -1.075000 -2.000000 -0.695000
vt 0.7812500 0.9687500
vn 0.0000000 -0.2696297 -0.9629642
v -0.720000 -2.100000 -0.667000
vt 0.7812500 0.9687500
vn 0.0000000 -0.2696297 -0.9629642
v -1.075000 -2.100000 -0.667000
vt 0.7812500 0.9687500
vn 0.0000000 -0.2696297 -0.9629642
f 5488/5488/5488 5489/5489/5489 5490/5490/5490
v -0.720000 -2.100000 -0.667000
vt 0.7812500 0.9687500
vn 0.9999999 0.0000000 0.0000000
v -0.720000 -2.000000 -0.520000
vt 0.7812500 0.9687500
vn 0.9999999 0.0000000 0.0000000
v -0.720000 -2.100000 -0.520000
vt 0.7812500 0.9687500
vn 0.9999999 0.0000000 0.0000000
f 5491/5491/5491 5492/5492/5492 5493/5493/5493
v -0.720000 -2.000000 -0.520000
vt 0.7812500 0.9687500
vn 0.0000000 0.0000000 -1.0000000
v 0.720000 -2.100000 -0.520000
vt 0.7812500 0.9687500
vn 0.0000000 0.0000000 -1.0000000
v -0.720000 -2.100000 -0.520000
vt 0.7812500 0.9687500
vn 0.0000000 0.0000000 -1.0000000
f 5494/5494/5494 5495/5495/5495 5496/5496/5496
v 0.720000 -2.000000 -0.520000
vt 0.7812500 0.9687500
vn -0.9999999 0.0000000 0.0000000
v 0.720000 -2.100000 -0.667000
vt 0.7812500 0.9687500
vn -0.9999999 0.0000000 0.0000000
v 0.720000 -2.100000 -0.520000
vt 0.7812500 0.9687500
vn -0.9999999 0.0000000 0.0000000
f 5497/5497/5497 5498/5498/5498 5499/5499/5499
v 0.720000 -2.000000 -0.695000
vt 0.7812500 0.9687500
vn 0.0000000 -0.2696295 -0.9629642
v 1.075000 -2.100000 -0.667000
vt 0.7812500 0.9687500
vn 0.0000000 -0.2696295 -0.9629642
v 0.720000 -2.100000 -0.667000
vt 0.7812500 0.9687500
vn 0.0000000 -0.2696295 -0.9629642
f 5500/5500/5500 5501/5501/5501 5502/5502/5502
v -1.075000 -1.950000 -0.709000
vt 0.7812500 0.9687500
vn 0.0000000 -0.2696297 -0.9629642
v -0.720000 -2.000000 -0.695000
vt 0.7812500 0.9687500
vn 0.0000000 -0.2696297 -0.9629642
v -1.075000 -2.000000 -0.695000
vt 0.7812500 0.9687500
vn 0.0000000 -0.2696297 -0.9629642
f 5503/5503/5503 5504/5504/5504 5505/5505/5505
v -0.720000 -2.000000 -0.695000
vt 0.7812500 0.9687500
vn 1.0000000 0.0000000 0.0000000
v -0.720000 -1.950000 -0.520000
vt 0.7812500 0.9687500
vn 1.0000000 0.0000000 0.0000000
v -0.720000 -2.000000 -0.520000
vt 0.7812500 0.9687500
vn 1.0000000 0.0000000 0.0000000
f 5506/5506/5506 5507/5507/5507 5508/5508/5508
v -0.720000 -1.950000 -0.520000
vt 0.7812500 0.9687500
vn 0.0000000 0.0000000 -1.0000000
v 0.720000 -2.000000 -0.520000
vt 0.7812500 0.9687500
vn 0.0000000 0.0000000 -1.0000000
v -0.720000 -2.000000 -0.520000
vt 0.7812500 0.9687500
vn 0.0000000 0.0000000 -1.0000000
f 5509/5509/5509 5510/5510/5510 5511/5511/5511
v 0.720000 -1.950000 -0.520000
vt 0.7812500 0.9687500
vn -1.0000000 0.0000000 0.0000000
v 0.720000 -2.000000 -0.695000
vt 0.7812500 0.9687500
vn -1.0000000 0.0000000 0.0000000
v 0.720000 -2.000000 -0.520000
vt 0.7812500 0.9687500
vn -1.0000000 0.0000000 0.0000000
f 5512/5512/5512 5513/5513/5513 5514/5514/5514
v 0.720000 -1.950000 -0.709000
vt 0.7812500 0.9687500
vn 0.0000000 -0.2696295 -0.9629642
v 1.075000 -2.000000 -0.695000
vt 0.7812500 0.9687500
vn 0.0000000 -0.2696295 -0.9629642
v 0.720000 -2.000000 -0.695000
vt 0.7812500 0.9687500
vn 0.0000000 -0.2696295 -0.9629642
f 5515/5515/5515 5516/5516/5516 5517/5517/5517
v -1.075000 -1.950000 -0.709000
vt 0.7812500 0.9687500
vn 0.0000000 0.3026285 -0.9531086
v -0.720000 -1.900000 -0.693124
vt 0.7812500 0.9687500
vn 0.0000000 0.3026285 -0.9531086
v -0.720000 -1.950000 -0.709000
vt 0.7812500 0.9687500
vn 0.0000000 0.3026285 -0.9531086
f 5518/5518/5518 5519/5519/5519 5520/5520/5520
v -0.720000 -1.900000 -0.693124
vt 0.7812500 0.9687500
vn 1.0000000 0.0000000 0.0000000
v -0.720000 -1.950000 -0.520000
vt 0.7812500 0.9687500
vn 1.0000000 0.0000000 0.0000000
v -0.720000 -1.950000 -0.709000
vt 0.7812500 0.9687500
vn 1.0000000 0.0000000 0.0000000
f 5521/5521/5521 5522/5522/5522 5523/5523/5523
v -0.720000 -1.900000 -0.520000
vt 0.7812500 0.9687500
vn 0.0000000 0.0000000 -1.0000000
v 0.720000 -1.950000 -0.520000
vt 0.7812500 0.9687500
vn 0.0000000 0.0000000 -1.0000000
v -0.720000 -1.950000 -0.520000
vt 0.7812500 0.9687500
vn 0.0000000 0.0000000 -1.0000000
f 5524/5524/5524 5525/5525/5525 5526/5526/5526
v 0.720000 -1.950000 -0.520000
vt 0.7812500 0.9687500
vn -1.0000000 0.0000000 0.0000000
v 0.720000 -1.900000 -0.693126
vt 0.7812500 0.9687500
vn -1.0000000 0.0000000 0.0000000
v 0.720000 -1.950000 -0.709000
vt 0.7812500 0.9687500
vn -1.0000000 0.0000000 0.0000000
f 5527/5527/5527 5528/5528/5528 5529/5529/5529
v 0.720000 -1.900000 -0.693126
vt 0.7812500 0.9687500
vn 0.0000000 0.3025934 -0.9531197
v 1.075000 -1.950000 -0.709000
vt 0.7812500 0.9687500
vn 0.0000000 0.3025934 -0.9531197
v 0.720000 -1.950000 -0.709000
vt 0.7812500 0.9687500
vn 0.0000000 0.3025934 -0.9531197
f 5530/5530/5530 5531/5531/5531 5532/5532/5532
v -1.130000 -1.890000 -0.646976
vt 0.7812500 0.9687500
vn 0.0000000 0.9773180 -0.2117772
v -0.720000 -1.900000 -0.693124
vt 0.7812500 0.9687500
vn 0.0000000 0.9773180 -0.2117772
v -1.130000 -1.900000 -0.693124
vt 0.7812500 0.9687500
vn 0.0000000 0.9773180 -0.2117772
f 5533/5533/5533 5534/5534/5534 5535/5535/5535
v -0.720000 -1.890000 -0.646976
vt 0.7812500 0.9687500
vn 1.0000000 0.0000086 0.0000000
v -0.720000 -1.900000 -0.520000
vt 0.7812500 0.9687500
vn 1.0000000 0.0000086 0.0000000
v -0.720000 -1.900000 -0.693124
vt 0.7812500 0.9687500
vn 1.0000000 0.0000086 0.0000000
f 5536/5536/5536 5537/5537/5537 5538/5538/5538
v -0.720000 -1.890000 -0.520000
vt 0.7812500 0.9687500
vn 0.0000000 0.0000000 -1.0000000
v 0.720000 -1.900000 -0.520000
vt 0.7812500 0.9687500
vn 0.0000000 0.0000000 -1.0000000
v -0.720000 -1.900000 -0.520000
vt 0.7812500 0.9687500
vn 0.0000000 0.0000000 -1.0000000
f 5539/5539/5539 5540/5540/5540 5541/5541/5541
v 0.720000 -1.900000 -0.520000
vt 0.7812500 0.9687500
vn -1.0000000 -0.0000043 0.0000000
v 0.720000 -1.890000 -0.646977
vt 0.7812500 0.9687500
vn -1.0000000 -0.0000043 0.0000000
v 0.720000 -1.900000 -0.693126
vt 0.7812500 0.9687500
vn -1.0000000 -0.0000043 0.0000000
f 5542/5542/5542 5543/5543/5543 5544/5544/5544
v 0.720000 -1.890000 -0.646977
vt 0.7812500 0.9687500
vn 0.0000000 0.9773188 -0.2117727
v 1.130000 -1.900000 -0.693126
vt 0.7812500 0.9687500
vn 0.0000000 0.9773188 -0.2117727
v 0.720000 -1.900000 -0.693126
vt 0.7812500 0.9687500
vn 0.0000000 0.9773188 -0.2117727
f 5545/5545/5545 5546/5546/5546 5547/5547/5547
v -1.130000 -1.860000 -0.515031
vt 0.7812500 0.9687500
vn 0.0000000 0.9751128 -0.2217092
v -0.720000 -1.890000 -0.646976
vt 0.7812500 0.9687500
vn 0.0000000 0.9751128 -0.2217092
v -1.130000 -1.890000 -0.646976
vt 0.7812500 0.9687500
vn 0.0000000 0.9751128 -0.2217092
f 5548/5548/5548 5549/5549/5549 5550/5550/5550
v -0.720000 -1.860000 -0.515031
vt 0.7812500 0.9687500
vn 1.0000000 0.0000000 0.0000000
v -0.720000 -1.890000 -0.520000
vt 0.7812500 0.9687500
vn 1.0000000 0.0000000 0.0000000
v -0.720000 -1.890000 -0.646976
vt 0.7812500 0.9687500
vn 1.0000000 0.0000000 0.0000000
f 5551/5551/5551 5552/5552/5552 5553/5553/5553
v -0.720000 -1.860000 -0.520000
vt 0.7812500 0.9687500
vn 0.0000000 0.0000000 -1.0000000
v 0.720000 -1.890000 -0.520000
vt 0.7812500 0.9687500
vn 0.0000000 0.0000000 -1.0000000
v -0.720000 -1.890000 -0.520000
vt 0.7812500 0.9687500
vn 0.0000000 0.0000000 -1.0000000
f 5554/5554/5554 5555/5555/5555 5556/5556/5556
v 0.720000 -1.890000 -0.520000
vt 0.7812500 0.9687500
vn -1.0000000 0.0000039 0.0000000
v 0.720000 -1.860000 -0.515032
vt 0.7812500 0.9687500
vn -1.0000000 0.0000039 0.0000000
v 0.720000 -1.890000 -0.646977
vt 0.7812500 0.9687500
vn -1.0000000 0.0000039 0.0000000
f 5557/5557/5557 5558/5558/5558 5559/5559/5559
v 0.720000 -1.860000 -0.515032
vt 0.7812500 0.9687500
vn 0.0000000 0.9751128 -0.2217092
v 1.130000 -1.890000 -0.646977
vt 0.7812500 0.9687500
vn 0.0000000 0.9751128 -0.2217092
v 0.720000 -1.890000 -0.646977
vt 0.7812500 0.9687500
vn 0.0000000 0.9751128 -0.2217092
f 5560/5560/5560 5561/5561/5561 5562/5562/5562
v -1.130000 -1.850000 -0.483936
vt 0.7812500 0.9687500
vn 0.0000000 0.9519830 -0.3061508
v -0.720000 -1.860000 -0.515031
vt 0.7812500 0.9687500
vn 0.0000000 0.9519830 -0.3061508
v -1.130000 -1.860000 -0.515031
vt 0.7812500 0.9687500
vn 0.0000000 0.9519830 -0.3061508
f 5563/5563/5563 5564/5564/5564 5565/5565/5565
v -0.720000 -1.860000 -0.515031
vt 0.7812500 0.9687500
vn -1.0000000 0.0000000 0.0000000
v -0.720000 -1.850000 -0.520000
vt 0.7812500 0.9687500
vn -1.0000000 0.0000000 0.0000000
v -0.720000 -1.860000 -0.520000
vt 0.7812500 0.9687500
vn -1.0000000 0.0000000 0.0000000
f 5566/5566/5566 5567/5567/5567 5568/5568/5568
v -0.720000 -1.850000 -0.520000
vt 0.7812500 0.9687500
vn 0.0000000 0.0000000 -1.0000000
v 0.720000 -1.860000 -0.520000
vt 0.7812500 0.9687500
vn 0.0000000 0.0000000 -1.0000000
v -0.720000 -1.860000 -0.520000
vt 0.7812500 0.9687500
vn 0.0000000 0.0000000 -1.0000000
f 5569/5569/5569 5570/5570/5570 5571/5571/5571
v 0.720000 -1.850000 -0.520000
vt 0.7812500 0.9687500
vn 1.0000000 0.0000000 0.0000000
v 0.720000 -1.860000 -0.515032
vt 0.7812500 0.9687500
vn 1.0000000 0.0000000 0.0000000
v 0.720000 -1.860000 -0.520000
vt 0.7812500 0.9687500
vn 1.0000000 0.0000000 0.0000000
f 5572/5572/5572 5573/5573/5573 5574/5574/5574
v 0.720000 -1.850000 -0.483936
vt 0.7812500 0.9687500
vn 0.0000000 0.9519859 -0.3061418
v 1.130000 -1.860000 -0.515032
vt 0.7812500 0.9687500
vn 0.0000000 0.9519859 -0.3061418
v 0.720000 -1.860000 -0.515032
vt 0.7812500 0.9687500
vn 0.0000000 0.9519859 -0.3061418
f 5575/5575/5575 5576/5576/5576 5577/5577/5577
v -1.130000 -1.800000 -0.379186
vt 0.7812500 0.9687500
vn 0.0000000 0.9024624 -0.4307685
v -0.720000 -1.850000 -0.483936
vt 0.7812500 0.9687500
vn 0.0000000 0.9024624 -0.4307685
v -1.130000 -1.850000 -0.483936
vt 0.7812500 0.9687500
vn 0.0000000 0.9024624 -0.4307685
f 5578/5578/5578 5579/5579/5579 5580/5580/5580
v -0.720000 -1.850000 -0.483936
vt 0.7812500 0.9687500
vn -0.9999999 0.0000000 0.0000000
v -0.720000 -1.800000 -0.520000
vt 0.7812500 0.9687500
vn -0.9999999 0.0000000 0.0000000
v -0.720000 -1.850000 -0.520000
vt 0.7812500 0.9687500
vn -0.9999999 0.0000000 0.0000000
f 5581/5581/5581 5582/5582/5582 5583/5583/5583
v -0.720000 -1.800000 -0.520000
vt 0.7812500 0.9687500
vn 0.0000000 0.0000000 -1.0000000
v 0.720000 -1.850000 -0.520000
vt 0.7812500 0.9687500
vn 0.0000000 0.0000000 -1.0000000
v -0.720000 -1.850000 -0.520000
vt 0.7812500 0.9687500
vn 0.0000000 0.0000000 -1.0000000
f 5584/5584/5584 5585/5585/5585 5586/5586/5586
v 0.720000 -1.800000 -0.520000
vt 0.7812500 0.9687500
vn 0.9999999 0.0000000 0.0000000
v 0.720000 -1.850000 -0.483936
vt 0.7812500 0.9687500
vn 0.9999999 0.0000000 0.0000000
v 0.720000 -1.850000 -0.520000
vt 0.7812500 0.9687500
vn 0.9999999 0.0000000 0.0000000
f 5587/5587/5587 5588/5588/5588 5589/5589/5589
v 0.720000 -1.800000 -0.379187
vt 0.7812500 0.9687500
vn 0.0000000 0.9024609 -0.4307718
v 1.130000 -1.850000 -0.483936
vt 0.7812500 0.9687500
vn 0.0000000 0.9024609 -0.4307718
v 0.720000 -1.850000 -0.483936
vt 0.7812500 0.9687500
vn 0.0000000 0.9024609 -0.4307718
f 5590/5590/5590 5591/5591/5591 5592/5592/5592
v -1.130000 -1.790000 -0.359716
vt 0.7812500 0.9687500
vn 0.0000000 0.8895335 -0.4568700
v -0.720000 -1.800000 -0.379186
vt 0.7812500 0.9687500
vn 0.0000000 0.8895335 -0.4568700
v -1.130000 -1.800000 -0.379186
vt 0.7812500 0.9687500
vn 0.0000000 0.8895335 -0.4568700
f 5593/5593/5593 5594/5594/5594 5595/5595/5595
v -0.720000 -1.800000 -0.379186
vt 0.7812500 0.9687500
vn -1.0000000 0.0000000 0.0000000
v -0.720000 -1.790000 -0.520000
vt 0.7812500 0.9687500
vn -1.0000000 0.0000000 0.0000000
v -0.720000 -1.800000 -0.520000
vt 0.7812500 0.9687500
vn -1.0000000 0.0000000 0.0000000
f 5596/5596/5596 5597/5597/5597 5598/5598/5598
v -0.720000 -1.790000 -0.520000
vt 0.7812500 0.9687500
vn 0.0000000 0.0000000 -1.0000000
v 0.720000 -1.800000 -0.520000
vt 0.7812500 0.9687500
vn 0.0000000 0.0000000 -1.0000000
v -0.720000 -1.800000 -0.520000
vt 0.7812500 0.9687500
vn 0.0000000 0.0000000 -1.0000000
f 5599/5599/5599 5600/5600/5600 5601/5601/5601
v 0.720000 -1.790000 -0.520000
vt 0.7812500 0.9687500
vn 1.0000000 0.0000000 0.0000000
v 0.720000 -1.800000 -0.379187
vt 0.7812500 0.9687500
vn 1.0000000 0.0000000 0.0000000
v 0.720000 -1.800000 -0.520000
vt 0.7812500 0.9687500
vn 1.0000000 0.0000000 0.0000000
f 5602/5602/5602 5603/5603/5603 5604/5604/5604
v 0.720000 -1.790000 -0.359716
vt 0.7812500 0.9687500
vn 0.0000000 0.8895429 -0.4568516
v 1.130000 -1.800000 -0.379187
vt 0.7812500 0.9687500
vn 0.0000000 0.8895429 -0.4568516
v 0.720000 -1.800000 -0.379187
vt 0.7812500 0.9687500
vn 0.0000000 0.8895429 -0.4568516
f 5605/5605/5605 5606/5606/5606 5607/5607/5607
v -1.130000 -1.790000 -0.359716
vt 0.7812500 0.9687500
vn 0.0000000 0.6490102 -0.7607796
v -0.720000 -1.720000 -0.300000
vt 0.7812500 0.9687500
vn 0.0000000 0.6490102 -0.7607796
v -0.720000 -1.790000 -0.359716
vt 0.7812500 0.9687500
vn 0.0000000 0.6490102 -0.7607796
f 5608/5608/5608 5609/5609/5609 5610/5610/5610
v -0.720000 -1.790000 -0.359716
vt 0.7812500 0.9687500
vn -0.9999999 0.0000000 0.0000000
v -0.720000 -1.720000 -0.520000
vt 0.7812500 0.9687500
vn -0.9999999 0.0000000 0.0000000
v -0.720000 -1.790000 -0.520000
vt 0.7812500 0.9687500
vn -0.9999999 0.0000000 0.0000000
f 5611/5611/5611 5612/5612/5612 5613/5613/5613
v -0.720000 -1.720000 -0.520000
vt 0.7812500 0.9687500
vn 0.0000000 0.0000000 -1.0000000
v 0.720000 -1.790000 -0.520000
vt 0.7812500 0.9687500
vn 0.0000000 0.0000000 -1.0000000
v -0.720000 -1.790000 -0.520000
vt 0.7812500 0.9687500
vn 0.0000000 0.0000000 -1.0000000
f 5614/5614/5614 5615/5615/5615 5616/5616/5616
v 0.720000 -1.720000 -0.520000
vt 0.7812500 0.9687500
vn 0.9999999 0.0000000 0.0000000
v 0.720000 -1.790000 -0.359716
vt 0.7812500 0.9687500
vn 0.9999999 0.0000000 0.0000000
v 0.720000 -1.790000 -0.520000
vt 0.7812500 0.9687500
vn 0.9999999 0.0000000 0.0000000
f 5617/5617/5617 5618/5618/5618 5619/5619/5619
v 0.720000 -1.720000 -0.300000
vt 0.7812500 0.9687500
vn 0.0000000 0.6490102 -0.7607796
v 1.130000 -1.790000 -0.359716
vt 0.7812500 0.9687500
vn 0.0000000 0.6490102 -0.7607796
v 0.720000 -1.790000 -0.359716
vt 0.7812500 0.9687500
vn 0.0000000 0.6490102 -0.7607796
f 5620/5620/5620 5621/5621/5621 5622/5622/5622
v -1.130000 -1.720000 -0.266321
vt 0.7812500 0.9687500
vn -0.0818687 0.0000000 -0.9966432
v -0.720000 -1.710000 -0.300000
vt 0.7812500 0.9687500
vn -0.0818687 0.0000000 -0.9966432
v -0.720000 -1.720000 -0.300000
vt 0.7812500 0.9687500
vn -0.0818687 0.0000000 -0.9966432
f 5623/5623/5623 5624/5624/5624 5625/5625/5625
v -0.720000 -1.710000 -0.300000
vt 0.7812500 0.9687500
vn -0.9999999 0.0000000 0.0000000
v -0.720000 -1.720000 -0.520000
vt 0.7812500 0.9687500
vn -0.9999999 0.0000000 0.0000000
v -0.720000 -1.720000 -0.300000
vt 0.7812500 0.9687500
vn -0.9999999 0.0000000 0.0000000
f 5626/5626/5626 5627/5627/5627 5628/5628/5628
v -0.720000 -1.710000 -0.520000
vt 0.7812500 0.9687500
vn 0.0000000 0.0000000 -1.0000000
v 0.720000 -1.720000 -0.520000
vt 0.7812500 0.9687500
vn 0.0000000 0.0000000 -1.0000000
v -0.720000 -1.720000 -0.520000
vt 0.7812500 0.9687500
vn 0.0000000 0.0000000 -1.0000000
f 5629/5629/5629 5630/5630/5630 5631/5631/5631
v 0.720000 -1.710000 -0.520000
vt 0.7812500 0.9687500
vn 1.0000000 0.0000000 0.0000000
v 0.720000 -1.720000 -0.300000
vt 0.7812500 0.9687500
vn 1.0000000 0.0000000 0.0000000
v 0.720000 -1.720000 -0.520000
vt 0.7812500 0.9687500
vn 1.0000000 0.0000000 0.0000000
f 5632/5632/5632 5633/5633/5633 5634/5634/5634
v 0.720000 -1.710000 -0.300000
vt 0.7812500 0.9687500
vn 0.0818687 0.0000000 -0.9966432
v 1.130000 -1.720000 -0.266321
vt 0.7812500 0.9687500
vn 0.0818687 0.0000000 -0.9966432
v 0.720000 -1.720000 -0.300000
vt 0.7812500 0.9687500
vn 0.0818687 0.0000000 -0.9966432
f 5635/5635/5635 5636/5636/5636 5637/5637/5637
v -1.130000 -1.710000 -0.256630
vt 0.7812500 0.9687500
vn -0.1051936 0.0000000 -0.9944518
v -0.720000 -1.620000 -0.300000
vt 0.7812500 0.9687500
vn -0.1051936 0.0000000 -0.9944518
v -0.720000 -1.710000 -0.300000
vt 0.7812500 0.9687500
vn -0.1051936 0.0000000 -0.9944518
f 5638/5638/5638 5639/5639/5639 5640/5640/5640
v -0.720000 -1.620000 -0.300000
vt 0.7812500 0.9687500
vn -1.0000000 0.0000000 0.0000000
v -0.720000 -1.710000 -0.520000
vt 0.7812500 0.9687500
vn -1.0000000 0.0000000 0.0000000
v -0.720000 -1.710000 -0.300000
vt 0.7812500 0.9687500
vn -1.0000000 0.0000000 0.0000000
f 5641/5641/5641 5642/5642/5642 5643/5643/5643
v -0.720000 -1.620000 -0.520000
vt 0.7812500 0.9687500
vn 0.0000000 0.0000000 -1.0000000
v 0.720000 -1.710000 -0.520000
vt 0.7812500 0.9687500
vn 0.0000000 0.0000000 -1.0000000
v -0.720000 -1.710000 -0.520000
vt 0.7812500 0.9687500
vn 0.0000000 0.0000000 -1.0000000
f 5644/5644/5644 5645/5645/5645 5646/5646/5646
v 0.720000 -1.620000 -0.520000
vt 0.7812500 0.9687500
vn 1.0000000 0.0000000 0.0000000
v 0.720000 -1.710000 -0.300000
vt 0.7812500 0.9687500
vn 1.0000000 0.0000000 0.0000000
v 0.720000 -1.710000 -0.520000
vt 0.7812500 0.9687500
vn 1.0000000 0.0000000 0.0000000
f 5647/5647/5647 5648/5648/5648 5649/5649/5649
v 0.720000 -1.620000 -0.300000
vt 0.7812500 0.9687500
vn 0.1051936 0.0000000 -0.9944518
v 1.130000 -1.710000 -0.256630
vt 0.7812500 0.9687500
vn 0.1051936 0.0000000 -0.9944518
v 0.720000 -1.710000 -0.300000
vt 0.7812500 0.9687500
vn 0.1051936 0.0000000 -0.9944518
f 5650/5650/5650 5651/5651/5651 5652/5652/5652
v -1.130000 -1.620000 -0.187323
vt 0.7812500 0.9687500
vn -0.2649969 0.0000000 -0.9642492
v -0.720000 -1.520000 -0.300000
vt 0.7812500 0.9687500
vn -0.2649969 0.0000000 -0.9642492
v -0.720000 -1.620000 -0.300000
vt 0.7812500 0.9687500
vn -0.2649969 0.0000000 -0.9642492
f 5653/5653/5653 5654/5654/5654 5655/5655/5655
v -0.720000 -1.520000 -0.300000
vt 0.7812500 0.9687500
vn -0.9999999 0.0000000 0.0000000
v -0.720000 -1.620000 -0.520000
vt 0.7812500 0.9687500
vn -0.9999999 0.0000000 0.0000000
v -0.720000 -1.620000 -0.300000
vt 0.7812500 0.9687500
vn -0.9999999 0.0000000 0.0000000
f 5656/5656/5656 5657/5657/5657 5658/5658/5658
v -0.720000 -1.520000 -0.520000
vt 0.7812500 0.9687500
vn 0.0000000 0.0000000 -1.0000000
v 0.720000 -1.620000 -0.520000
vt 0.7812500 0.9687500
vn 0.0000000 0.0000000 -1.0000000
v -0.720000 -1.620000 -0.520000
vt 0.7812500 0.9687500
vn 0.0000000 0.0000000 -1.0000000
f 5659/5659/5659 5660/5660/5660 5661/5661/5661
v 0.720000 -1.520000 -0.520000
vt 0.7812500 0.9687500
vn 0.9999999 0.0000000 0.0000000
v 0.720000 -1.620000 -0.300000
vt 0.7812500 0.9687500
vn 0.9999999 0.0000000 0.0000000
v 0.720000 -1.620000 -0.520000
vt 0.7812500 0.9687500
vn 0.9999999 0.0000000 0.0000000
f 5662/5662/5662 5663/5663/5663 5664/5664/5664
v 0.720000 -1.520000 -0.300000
vt 0.7812500 0.9687500
vn 0.2649969 0.0000000 -0.9642492
v 1.130000 -1.620000 -0.187323
vt 0.7812500 0.9687500
vn 0.2649969 0.0000000 -0.9642492
v 0.720000 -1.620000 -0.300000
vt 0.7812500 0.9687500
vn 0.2649969 0.0000000 -0.9642492
f 5665/5665/5665 5666/5666/5666 5667/5667/5667
v -1.130000 -1.520000 -0.142924
vt 0.7812500 0.9687500
vn -0.3577583 0.0000000 -0.9338142
v -0.720000 -1.510000 -0.300000
vt 0.7812500 0.9687500
vn -0.3577583 0.0000000 -0.9338142
v -0.720000 -1.520000 -0.300000
vt 0.7812500 0.9687500
vn -0.3577583 0.0000000 -0.9338142
f 5668/5668/5668 5669/5669/5669 5670/5670/5670
v -0.720000 -1.510000 -0.300000
vt 0.7812500 0.9687500
vn -0.9999999 0.0000000 0.0000000
v -0.720000 -1.520000 -0.520000
vt 0.7812500 0.9687500
vn -0.9999999 0.0000000 0.0000000
v -0.720000 -1.520000 -0.300000
vt 0.7812500 0.9687500
vn -0.9999999 0.0000000 0.0000000
f 5671/5671/5671 5672/5672/5672 5673/5673/5673
v -0.720000 -1.510000 -0.520000
vt 0.7812500 0.9687500
vn 0.0000000 0.0000000 -1.0000000
v 0.720000 -1.520000 -0.520000
vt 0.7812500 0.9687500
vn 0.0000000 0.0000000 -1.0000000
v -0.720000 -1.520000 -0.520000
vt 0.7812500 0.9687500
vn 0.0000000 0.0000000 -1.0000000
f 5674/5674/5674 5675/5675/5675 5676/5676/5676
v 0.720000 -1.510000 -0.520000
vt 0.7812500 0.9687500
vn 1.0000000 0.0000000 0.0000000
v 0.720000 -1.520000 -0.300000
vt 0.7812500 0.9687500
vn 1.0000000 0.0000000 0.0000000
v 0.720000 -1.520000 -0.520000
vt 0.7812500 0.9687500
vn 1.0000000 0.0000000 0.0000000
f 5677/5677/5677 5678/5678/5678 5679/5679/5679
v 0.720000 -1.510000 -0.300000
vt 0.7812500 0.9687500
vn 0.3577583 0.0000000 -0.9338142
v 1.130000 -1.520000 -0.142924
vt 0.7812500 0.9687500
vn 0.3577583 0.0000000 -0.9338142
v 0.720000 -1.520000 -0.300000
vt 0.7812500 0.9687500
vn 0.3577583 0.0000000 -0.9338142
f 5680/5680/5680 5681/5681/5681 5682/5682/5682
v -1.130000 -1.510000 -0.140415
vt 0.7812500 0.9687500
vn -0.3627229 0.0000000 -0.9318970
v -0.720000 -1.380000 -0.300000
vt 0.7812500 0.9687500
vn -0.3627229 0.0000000 -0.9318970
v -0.720000 -1.510000 -0.300000
vt 0.7812500 0.9687500
vn -0.3627229 0.0000000 -0.9318970
f 5683/5683/5683 5684/5684/5684 5685/5685/5685
v -0.720000 -1.380000 -0.300000
vt 0.7812500 0.9687500
vn -1.0000000 0.0000000 0.0000000
v -0.720000 -1.510000 -0.520000
vt 0.7812500 0.9687500
vn -1.0000000 0.0000000 0.0000000
v -0.720000 -1.510000 -0.300000
vt 0.7812500 0.9687500
vn -1.0000000 0.0000000 0.0000000
f 5686/5686/5686 5687/5687/5687 5688/5688/5688
v -0.720000 -1.380000 -0.520000
vt 0.7812500 0.9687500
vn 0.0000000 0.0000000 -1.0000000
v 0.720000 -1.510000 -0.520000
vt 0.7812500 0.9687500
vn 0.0000000 0.0000000 -1.0000000
v -0.720000 -1.510000 -0.520000
vt 0.7812500 0.9687500
vn 0.0000000 0.0000000 -1.0000000
f 5689/5689/5689 5690/5690/5690 5691/5691/5691
v 0.720000 -1.380000 -0.520000
vt 0.7812500 0.9687500
vn 1.0000000 0.0000000 0.0000000
v 0.720000 -1.510000 -0.300000
vt 0.7812500 0.9687500
vn 1.0000000 0.0000000 0.0000000
v 0.720000 -1.510000 -0.520000
vt 0.7812500 0.9687500
vn 1.0000000 0.0000000 0.0000000
f 5692/5692/5692 5693/5693/5693 5694/5694/5694
v 0.720000 -1.380000 -0.300000
vt 0.7812500 0.9687500
vn 0.3627229 0.0000000 -0.9318970
v 1.130000 -1.510000 -0.140415
vt 0.7812500 0.9687500
vn 0.3627229 0.0000000 -0.9318970
v 0.720000 -1.510000 -0.300000
vt 0.7812500 0.9687500
vn 0.3627229 0.0000000 -0.9318970
f 5695/5695/5695 5696/5696/5696 5697/5697/5697
v -1.130000 -1.230000 -0.134354
vt 0.7812500 0.9687500
vn -0.3966654 -0.0737853 -0.9149931
v -0.720000 -1.380000 -0.300000
vt 0.7812500 0.9687500
vn -0.3966654 -0.0737853 -0.9149931
v -1.130000 -1.380000 -0.122258
vt 0.7812500 0.9687500
vn -0.3966654 -0.0737853 -0.9149931
f 5698/5698/5698 5699/5699/5699 5700/5700/5700
v -0.720000 -1.230000 -0.300000
vt 0.7812500 0.9687500
vn -1.0000000 0.0000000 0.0000000
v -0.720000 -1.380000 -0.520000
vt 0.7812500 0.9687500
vn -1.0000000 0.0000000 0.0000000
v -0.720000 -1.380000 -0.300000
vt 0.7812500 0.9687500
vn -1.0000000 0.0000000 0.0000000
f 5701/5701/5701 5702/5702/5702 5703/5703/5703
v -0.720000 -1.230000 -0.520000
vt 0.7812500 0.9687500
vn 0.0000000 0.0000000 -1.0000000
v 0.720000 -1.380000 -0.520000
vt 0.7812500 0.9687500
vn 0.0000000 0.0000000 -1.0000000
v -0.720000 -1.380000 -0.520000
vt 0.7812500 0.9687500
vn 0.0000000 0.0000000 -1.0000000
f 5704/5704/5704 5705/5705/5705 5706/5706/5706
v 0.720000 -1.230000 -0.520000
vt 0.7812500 0.9687500
vn 1.0000000 0.0000000 0.0000000
v 0.720000 -1.380000 -0.300000
vt 0.7812500 0.9687500
vn 1.0000000 0.0000000 0.0000000
v 0.720000 -1.380000 -0.520000
vt 0.7812500 0.9687500
vn 1.0000000 0.0000000 0.0000000
f 5707/5707/5707 5708/5708/5708 5709/5709/5709
v 0.720000 -1.380000 -0.300000
vt 0.7812500 0.9687500
vn 0.3966654 -0.0737852 -0.9149931
v 1.130000 -1.230000 -0.134354
vt 0.7812500 0.9687500
vn 0.3966654 -0.0737852 -0.9149931
v 1.130000 -1.380000 -0.122258
vt 0.7812500 0.9687500
vn 0.3966654 -0.0737852 -0.9149931
f 5710/5710/5710 5711/5711/5711 5712/5712/5712
v -1.130000 -1.130000 -0.167312
vt 0.7812500 0.9687500
vn -0.3582449 -0.2922429 -0.8867100
v -0.720000 -1.230000 -0.300000
vt 0.7812500 0.9687500
vn -0.3582449 -0.2922429 -0.8867100
v -1.130000 -1.230000 -0.134354
vt 0.7812500 0.9687500
vn -0.3582449 -0.2922429 -0.8867100
f 5713/5713/5713 5714/5714/5714 5715/5715/5715
v -0.720000 -1.130000 -0.300000
vt 0.7812500 0.9687500
vn -0.9999999 0.0000000 0.0000000
v -0.720000 -1.230000 -0.520000
vt 0.7812500 0.9687500
vn -0.9999999 0.0000000 0.0000000
v -0.720000 -1.230000 -0.300000
vt 0.7812500 0.9687500
vn -0.9999999 0.0000000 0.0000000
f 5716/5716/5716 5717/5717/5717 5718/5718/5718
v -0.720000 -1.130000 -0.520000
vt 0.7812500 0.9687500
vn 0.0000000 0.0000000 -1.0000000
v 0.720000 -1.230000 -0.520000
vt 0.7812500 0.9687500
vn 0.0000000 0.0000000 -1.0000000
v -0.720000 -1.230000 -0.520000
vt 0.7812500 0.9687500
vn 0.0000000 0.0000000 -1.0000000
f 5719/5719/5719 5720/5720/5720 5721/5721/5721
v 0.720000 -1.130000 -0.520000
vt 0.7812500 0.9687500
vn 0.9999999 0.0000000 0.0000000
v 0.720000 -1.230000 -0.300000
vt 0.7812500 0.9687500
vn 0.9999999 0.0000000 0.0000000
v 0.720000 -1.230000 -0.520000
vt 0.7812500 0.9687500
vn 0.9999999 0.0000000 0.0000000
f 5722/5722/5722 5723/5723/5723 5724/5724/5724
v 0.720000 -1.230000 -0.300000
vt 0.7812500 0.9687500
vn 0.3582449 -0.2922429 -0.8867100
v 1.130000 -1.130000 -0.167312
vt 0.7812500 0.9687500
vn 0.3582449 -0.2922429 -0.8867100
v 1.130000 -1.230000 -0.134354
vt 0.7812500 0.9687500
vn 0.3582449 -0.2922429 -0.8867100
f 5725/5725/5725 5726/5726/5726 5727/5727/5727
v -1.130000 -1.120000 -0.171855
vt 0.7812500 0.9687500
vn -0.2826334 -0.3967518 -0.8733306
v -0.720000 -1.130000 -0.300000
vt 0.7812500 0.9687500
vn -0.2826334 -0.3967518 -0.8733306
v -1.130000 -1.130000 -0.167312
vt 0.7812500 0.9687500
vn -0.2826334 -0.3967518 -0.8733306
f 5728/5728/5728 5729/5729/5729 5730/5730/5730
v -0.720000 -1.120000 -0.300000
vt 0.7812500 0.9687500
vn -0.9999999 0.0000000 0.0000000
v -0.720000 -1.130000 -0.520000
vt 0.7812500 0.9687500
vn -0.9999999 0.0000000 0.0000000
v -0.720000 -1.130000 -0.300000
vt 0.7812500 0.9687500
vn -0.9999999 0.0000000 0.0000000
f 5731/5731/5731 5732/5732/5732 5733/5733/5733
v -0.720000 -1.120000 -0.520000
vt 0.7812500 0.9687500
vn 0.0000000 0.0000000 -1.0000000
v 0.720000 -1.130000 -0.520000
vt 0.7812500 0.9687500
vn 0.0000000 0.0000000 -1.0000000
v -0.720000 -1.130000 -0.520000
vt 0.7812500 0.9687500
vn 0.0000000 0.0000000 -1.0000000
f 5734/5734/5734 5735/5735/5735 5736/5736/5736
v 0.720000 -1.120000 -0.520000
vt 0.7812500 0.9687500
vn 1.0000000 0.0000000 0.0000000
v 0.720000 -1.130000 -0.300000
vt 0.7812500 0.9687500
vn 1.0000000 0.0000000 0.0000000
v 0.720000 -1.130000 -0.520000
vt 0.7812500 0.9687500
vn 1.0000000 0.0000000 0.0000000
f 5737/5737/5737 5738/5738/5738 5739/5739/5739
v 0.720000 -1.130000 -0.300000
vt 0.7812500 0.9687500
vn 0.2826335 -0.3967511 -0.8733309
v 1.130000 -1.120000 -0.171855
vt 0.7812500 0.9687500
vn 0.2826335 -0.3967511 -0.8733309
v 1.130000 -1.130000 -0.167312
vt 0.7812500 0.9687500
vn 0.2826335 -0.3967511 -0.8733309
f 5740/5740/5740 5741/5741/5741 5742/5742/5742
v -1.130000 -1.020000 -0.242399
vt 0.7812500 0.9687500
vn -0.2474526 -0.5585139 -0.7917256
v -0.720000 -1.120000 -0.300000
vt 0.7812500 0.9687500
vn -0.2474526 -0.5585139 -0.7917256
v -1.130000 -1.120000 -0.171855
vt 0.7812500 0.9687500
vn -0.2474526 -0.5585139 -0.7917256
f 5743/5743/5743 5744/5744/5744 5745/5745/5745
v -0.720000 -1.020000 -0.300000
vt 0.7812500 0.9687500
vn -0.9999999 0.0000000 0.0000000
v -0.720000 -1.120000 -0.520000
vt 0.7812500 0.9687500
vn -0.9999999 0.0000000 0.0000000
v -0.720000 -1.120000 -0.300000
vt 0.7812500 0.9687500
vn -0.9999999 0.0000000 0.0000000
f 5746/5746/5746 5747/5747/5747 5748/5748/5748
v -0.720000 -1.020000 -0.520000
vt 0.7812500 0.9687500
vn 0.0000000 0.0000000 -1.0000000
v 0.720000 -1.120000 -0.520000
vt 0.7812500 0.9687500
vn 0.0000000 0.0000000 -1.0000000
v -0.720000 -1.120000 -0.520000
vt 0.7812500 0.9687500
vn 0.0000000 0.0000000 -1.0000000
f 5749/5749/5749 5750/5750/5750 5751/5751/5751
v 0.720000 -1.020000 -0.520000
vt 0.7812500 0.9687500
vn 0.9999999 0.0000000 0.0000000
v 0.720000 -1.120000 -0.300000
vt 0.7812500 0.9687500
vn 0.9999999 0.0000000 0.0000000
v 0.720000 -1.120000 -0.520000
vt 0.7812500 0.9687500
vn 0.9999999 0.0000000 0.0000000
f 5752/5752/5752 5753/5753/5753 5754/5754/5754
v 0.720000 -1.120000 -0.300000
vt 0.7812500 0.9687500
vn 0.2474525 -0.5585141 -0.7917255
v 1.130000 -1.020000 -0.242399
vt 0.7812500 0.9687500
vn 0.2474525 -0.5585141 -0.7917255
v 1.130000 -1.120000 -0.171855
vt 0.7812500 0.9687500
vn 0.2474525 -0.5585141 -0.7917255
f 5755/5755/5755 5756/5756/5756 5757/5757/5757
v -1.130000 -0.940000 -0.337374
vt 0.7812500 0.9687500
vn -0.0901404 -0.7617146 -0.6416119
v -0.720000 -1.020000 -0.300000
vt 0.7812500 0.9687500
vn -0.0901404 -0.7617146 -0.6416119
v -1.130000 -1.020000 -0.242399
vt 0.7812500 0.9687500
vn -0.0901404 -0.7617146 -0.6416119
f 5758/5758/5758 5759/5759/5759 5760/5760/5760
v -0.720000 -0.940000 -0.337374
vt 0.7812500 0.9687500
vn -1.0000000 0.0000000 0.0000000
v -0.720000 -1.020000 -0.520000
vt 0.7812500 0.9687500
vn -1.0000000 0.0000000 0.0000000
v -0.720000 -1.020000 -0.300000
vt 0.7812500 0.9687500
vn -1.0000000 0.0000000 0.0000000
f 5761/5761/5761 5762/5762/5762 5763/5763/5763
v -0.720000 -0.940000 -0.520000
vt 0.7812500 0.9687500
vn 0.0000000 0.0000000 -1.0000000
v 0.720000 -1.020000 -0.520000
vt 0.7812500 0.9687500
vn 0.0000000 0.0000000 -1.0000000
v -0.720000 -1.020000 -0.520000
vt 0.7812500 0.9687500
vn 0.0000000 0.0000000 -1.0000000
f 5764/5764/5764 5765/5765/5765 5766/5766/5766
v 0.720000 -1.020000 -0.520000
vt 0.7812500 0.9687500
vn 1.0000000 0.0000004 0.0000000
v 0.720000 -0.940000 -0.337374
vt 0.7812500 0.9687500
vn 1.0000000 0.0000004 0.0000000
v 0.720000 -1.020000 -0.300000
vt 0.7812500 0.9687500
vn 1.0000000 0.0000004 0.0000000
f 5767/5767/5767 5768/5768/5768 5769/5769/5769
v 0.720000 -1.020000 -0.300000
vt 0.7812500 0.9687500
vn 0.0901404 -0.7617146 -0.6416118
v 1.130000 -0.940000 -0.337374
vt 0.7812500 0.9687500
vn 0.0901404 -0.7617146 -0.6416118
v 1.130000 -1.020000 -0.242399
vt 0.7812500 0.9687500
vn 0.0901404 -0.7617146 -0.6416118
f 5770/5770/5770 5771/5771/5771 5772/5772/5772
v -1.130000 -0.930000 -0.351829
vt 0.7812500 0.9687500
vn 0.0000000 -0.8223848 -0.5689316
v -0.720000 -0.940000 -0.337374
vt 0.7812500 0.9687500
vn 0.0000000 -0.8223848 -0.5689316
v -1.130000 -0.940000 -0.337374
vt 0.7812500 0.9687500
vn 0.0000000 -0.8223848 -0.5689316
f 5773/5773/5773 5774/5774/5774 5775/5775/5775
v -0.720000 -0.930000 -0.351829
vt 0.7812500 0.9687500
vn -1.0000000 0.0000000 0.0000000
v -0.720000 -0.940000 -0.520000
vt 0.7812500 0.9687500
vn -1.0000000 0.0000000 0.0000000
v -0.720000 -0.940000 -0.337374
vt 0.7812500 0.9687500
vn -1.0000000 0.0000000 0.0000000
f 5776/5776/5776 5777/5777/5777 5778/5778/5778
v -0.720000 -0.930000 -0.520000
vt 0.7812500 0.9687500
vn 0.0000000 0.0000000 -1.0000000
v 0.720000 -0.940000 -0.520000
vt 0.7812500 0.9687500
vn 0.0000000 0.0000000 -1.0000000
v -0.720000 -0.940000 -0.520000
vt 0.7812500 0.9687500
vn 0.0000000 0.0000000 -1.0000000
f 5779/5779/5779 5780/5780/5780 5781/5781/5781
v 0.720000 -0.940000 -0.520000
vt 0.7812500 0.9687500
vn 0.9999999 -0.0000041 0.0000000
v 0.720000 -0.930000 -0.351828
vt 0.7812500 0.9687500
vn 0.9999999 -0.0000041 0.0000000
v 0.720000 -0.940000 -0.337374
vt 0.7812500 0.9687500
vn 0.9999999 -0.0000041 0.0000000
f 5782/5782/5782 5783/5783/5783 5784/5784/5784
v 0.720000 -0.930000 -0.351828
vt 0.7812500 0.9687500
vn 0.0000000 -0.8223669 -0.5689576
v 1.130000 -0.940000 -0.337374
vt 0.7812500 0.9687500
vn 0.0000000 -0.8223669 -0.5689576
v 0.720000 -0.940000 -0.337374
vt 0.7812500 0.9687500
vn 0.0000000 -0.8223669 -0.5689576
f 5785/5785/5785 5786/5786/5786 5787/5787/5787
v -1.130000 -0.870000 -0.489167
vt 0.7812500 0.9687500
vn 0.0000000 -0.9163662 -0.4003409
v -0.720000 -0.930000 -0.351829
vt 0.7812500 0.9687500
vn 0.0000000 -0.9163662 -0.4003409
v -1.130000 -0.930000 -0.351829
vt 0.7812500 0.9687500
vn 0.0000000 -0.9163662 -0.4003409
f 5788/5788/5788 5789/5789/5789 5790/5790/5790
v -0.720000 -0.870000 -0.489167
vt 0.7812500 0.9687500
vn -1.0000000 0.0000000 0.0000000
v -0.720000 -0.930000 -0.520000
vt 0.7812500 0.9687500
vn -1.0000000 0.0000000 0.0000000
v -0.720000 -0.930000 -0.351829
vt 0.7812500 0.9687500
vn -1.0000000 0.0000000 0.0000000
f 5791/5791/5791 5792/5792/5792 5793/5793/5793
v -0.720000 -0.870000 -0.520000
vt 0.7812500 0.9687500
vn 0.0000000 0.0000000 -1.0000000
v 0.720000 -0.930000 -0.520000
vt 0.7812500 0.9687500
vn 0.0000000 0.0000000 -1.0000000
v -0.720000 -0.930000 -0.520000
vt 0.7812500 0.9687500
vn 0.0000000 0.0000000 -1.0000000
f 5794/5794/5794 5795/5795/5795 5796/5796/5796
v 0.720000 -0.930000 -0.520000
vt 0.7812500 0.9687500
vn 1.0000000 0.0000000 0.0000000
v 0.720000 -0.870000 -0.489167
vt 0.7812500 0.9687500
vn 1.0000000 0.0000000 0.0000000
v 0.720000 -0.930000 -0.351828
vt 0.7812500 0.9687500
vn 1.0000000 0.0000000 0.0000000
f 5797/5797/5797 5798/5798/5798 5799/5799/5799
v 0.720000 -0.870000 -0.489167
vt 0.7812500 0.9687500
vn 0.0000000 -0.9163672 -0.4003387
v 1.130000 -0.930000 -0.351828
vt 0.7812500 0.9687500
vn 0.0000000 -0.9163672 -0.4003387
v 0.720000 -0.930000 -0.351828
vt 0.7812500 0.9687500
vn 0.0000000 -0.9163672 -0.4003387
f 5800/5800/5800 5801/5801/5801 5802/5802/5802
v -1.130000 -0.860000 -0.518550
vt 0.7812500 0.9687500
vn 0.0000000 -0.9466760 -0.3221872
v -0.720000 -0.870000 -0.489167
vt 0.7812500 0.9687500
vn 0.0000000 -0.9466760 -0.3221872
v -1.130000 -0.870000 -0.489167
vt 0.7812500 0.9687500
vn 0.0000000 -0.9466760 -0.3221872
f 5803/5803/5803 5804/5804/5804 5805/5805/5805
v -0.720000 -0.860000 -0.518550
vt 0.7812500 0.9687500
vn -1.0000000 0.0000000 0.0000000
v -0.720000 -0.870000 -0.520000
vt 0.7812500 0.9687500
vn -1.0000000 0.0000000 0.0000000
v -0.720000 -0.870000 -0.489167
vt 0.7812500 0.9687500
vn -1.0000000 0.0000000 0.0000000
f 5806/5806/5806 5807/5807/5807 5808/5808/5808
v -0.720000 -0.860000 -0.520000
vt 0.7812500 0.9687500
vn 0.0000000 0.0000000 -1.0000000
v 0.720000 -0.870000 -0.520000
vt 0.7812500 0.9687500
vn 0.0000000 0.0000000 -1.0000000
v -0.720000 -0.870000 -0.520000
vt 0.7812500 0.9687500
vn 0.0000000 0.0000000 -1.0000000
f 5809/5809/5809 5810/5810/5810 5811/5811/5811
v 0.720000 -0.870000 -0.520000
vt 0.7812500 0.9687500
vn 1.0000000 0.0000000 0.0000000
v 0.720000 -0.860000 -0.518550
vt 0.7812500 0.9687500
vn 1.0000000 0.0000000 0.0000000
v 0.720000 -0.870000 -0.489167
vt 0.7812500 0.9687500
vn 1.0000000 0.0000000 0.0000000
f 5812/5812/5812 5813/5813/5813 5814/5814/5814
v 0.720000 -0.860000 -0.518550
vt 0.7812500 0.9687500
vn 0.0000000 -0.9466760 -0.3221873
v 1.130000 -0.870000 -0.489167
vt 0.7812500 0.9687500
vn 0.0000000 -0.9466760 -0.3221873
v 0.720000 -0.870000 -0.489167
vt 0.7812500 0.9687500
vn 0.0000000 -0.9466760 -0.3221873
f 5815/5815/5815 5816/5816/5816 5817/5817/5817
v -1.130000 -0.820000 -0.703062
vt 0.7812500 0.9687500
vn 0.0000000 -0.9772986 -0.2118664
v -0.720000 -0.860000 -0.518550
vt 0.7812500 0.9687500
vn 0.0000000 -0.9772986 -0.2118664
v -1.130000 -0.860000 -0.518550
vt 0.7812500 0.9687500
vn 0.0000000 -0.9772986 -0.2118664
f 5818/5818/5818 5819/5819/5819 5820/5820/5820
v -0.720000 -0.860000 -0.518550
vt 0.7812500 0.9687500
vn -1.0000000 0.0000000 0.0000000
v -0.720000 -0.820000 -0.520000
vt 0.7812500 0.9687500
vn -1.0000000 0.0000000 0.0000000
v -0.720000 -0.860000 -0.520000
vt 0.7812500 0.9687500
vn -1.0000000 0.0000000 0.0000000
f 5821/5821/5821 5822/5822/5822 5823/5823/5823
v -0.720000 -0.820000 -0.520000
vt 0.7812500 0.9687500
vn 0.0000000 0.0000000 -1.0000000
v 0.720000 -0.860000 -0.520000
vt 0.7812500 0.9687500
vn 0.0000000 0.0000000 -1.0000000
v -0.720000 -0.860000 -0.520000
vt 0.7812500 0.9687500
vn 0.0000000 0.0000000 -1.0000000
f 5824/5824/5824 5825/5825/5825 5826/5826/5826
v 0.720000 -0.820000 -0.520000
vt 0.7812500 0.9687500
vn 1.0000000 0.0000000 0.0000000
v 0.720000 -0.860000 -0.518550
vt 0.7812500 0.9687500
vn 1.0000000 0.0000000 0.0000000
v 0.720000 -0.860000 -0.520000
vt 0.7812500 0.9687500
vn 1.0000000 0.0000000 0.0000000
f 5827/5827/5827 5828/5828/5828 5829/5829/5829
v 0.720000 -0.820000 -0.703061
vt 0.7812500 0.9687500
vn 0.0000000 -0.9772984 -0.2118675
v 1.130000 -0.860000 -0.518550
vt 0.7812500 0.9687500
vn 0.0000000 -0.9772984 -0.2118675
v 0.720000 -0.860000 -0.518550
vt 0.7812500 0.9687500
vn 0.0000000 -0.9772984 -0.2118675
f 5830/5830/5830 5831/5831/5831 5832/5832/5832
v -1.130000 -0.810000 -0.721085
vt 0.7812500 0.9687500
vn 0.0000000 -0.8744221 -0.4851658
v -0.720000 -0.820000 -0.703062
vt 0.7812500 0.9687500
vn 0.0000000 -0.8744221 -0.4851658
v -1.130000 -0.820000 -0.703062
vt 0.7812500 0.9687500
vn 0.0000000 -0.8744221 -0.4851658
f 5833/5833/5833 5834/5834/5834 5835/5835/5835
v -0.720000 -0.820000 -0.703062
vt 0.7812500 0.9687500
vn 1.0000000 0.0000000 0.0000000
v -0.720000 -0.810000 -0.520000
vt 0.7812500 0.9687500
vn 1.0000000 0.0000000 0.0000000
v -0.720000 -0.820000 -0.520000
vt 0.7812500 0.9687500
vn 1.0000000 0.0000000 0.0000000
f 5836/5836/5836 5837/5837/5837 5838/5838/5838
v -0.720000 -0.810000 -0.520000
vt 0.7812500 0.9687500
vn 0.0000000 0.0000000 -1.0000000
v 0.720000 -0.820000 -0.520000
vt 0.7812500 0.9687500
vn 0.0000000 0.0000000 -1.0000000
v -0.720000 -0.820000 -0.520000
vt 0.7812500 0.9687500
vn 0.0000000 0.0000000 -1.0000000
f 5839/5839/5839 5840/5840/5840 5841/5841/5841
v 0.720000 -0.810000 -0.520000
vt 0.7812500 0.9687500
vn -1.0000000 0.0000000 0.0000000
v 0.720000 -0.820000 -0.703061
vt 0.7812500 0.9687500
vn -1.0000000 0.0000000 0.0000000
v 0.720000 -0.820000 -0.520000
vt 0.7812500 0.9687500
vn -1.0000000 0.0000000 0.0000000
f 5842/5842/5842 5843/5843/5843 5844/5844/5844
v 0.720000 -0.810000 -0.721085
vt 0.7812500 0.9687500
vn 0.0000000 -0.8744339 -0.4851449
v 1.130000 -0.820000 -0.703061
vt 0.7812500 0.9687500
vn 0.0000000 -0.8744339 -0.4851449
v 0.720000 -0.820000 -0.703061
vt 0.7812500 0.9687500
vn 0.0000000 -0.8744339 -0.4851449
f 5845/5845/5845 5846/5846/5846 5847/5847/5847
v -1.067857 -0.750000 -0.730000
vt 0.7812500 0.9687500
vn 0.0000000 -0.1469697 -0.9891410
v -0.720000 -0.810000 -0.721085
vt 0.7812500 0.9687500
vn 0.0000000 -0.1469697 -0.9891410
v -1.130000 -0.810000 -0.721085
vt 0.7812500 0.9687500
vn 0.0000000 -0.1469697 -0.9891410
f 5848/5848/5848 5849/5849/5849 5850/5850/5850
v -0.720000 -0.810000 -0.721085
vt 0.7812500 0.9687500
vn 1.0000000 0.0000000 0.0000000
v -0.720000 -0.750000 -0.520000
vt 0.7812500 0.9687500
vn 1.0000000 0.0000000 0.0000000
v -0.720000 -0.810000 -0.520000
vt 0.7812500 0.9687500
vn 1.0000000 0.0000000 0.0000000
f 5851/5851/5851 5852/5852/5852 5853/5853/5853
v -0.720000 -0.750000 -0.520000
vt 0.7812500 0.9687500
vn 0.0000000 0.0000000 -1.0000000
v 0.720000 -0.810000 -0.520000
vt 0.7812500 0.9687500
vn 0.0000000 0.0000000 -1.0000000
v -0.720000 -0.810000 -0.520000
vt 0.7812500 0.9687500
vn 0.0000000 0.0000000 -1.0000000
f 5854/5854/5854 5855/5855/5855 5856/5856/5856
v 0.720000 -0.750000 -0.520000
vt 0.7812500 0.9687500
vn -1.0000000 0.0000000 0.0000000
v 0.720000 -0.810000 -0.721085
vt 0.7812500 0.9687500
vn -1.0000000 0.0000000 0.0000000
v 0.720000 -0.810000 -0.520000
vt 0.7812500 0.9687500
vn -1.0000000 0.0000000 0.0000000
f 5857/5857/5857 5858/5858/5858 5859/5859/5859
v 0.720000 -0.810000 -0.721085
vt 0.7812500 0.9687500
vn 0.0000000 -0.1469698 -0.9891409
v 1.067857 -0.750000 -0.730000
vt 0.7812500 0.9687500
vn 0.0000000 -0.1469698 -0.9891409
v 1.130000 -0.810000 -0.721085
vt 0.7812500 0.9687500
vn 0.0000000 -0.1469698 -0.9891409
f 5860/5860/5860 5861/5861/5861 5862/5862/5862
v -1.067857 -0.750000 -0.730000
vt 0.7812500 0.9687500
vn 0.0000000 0.1961164 -0.9805806
v -0.720000 -0.650000 -0.710000
vt 0.7812500 0.9687500
vn 0.0000000 0.1961164 -0.9805806
v -0.720000 -0.750000 -0.730000
vt 0.7812500 0.9687500
vn 0.0000000 0.1961164 -0.9805806
f 5863/5863/5863 5864/5864/5864 5865/5865/5865
v -0.720000 -0.650000 -0.710000
vt 0.7812500 0.9687500
vn 0.9999999 0.0000014 0.0000000
v -0.720000 -0.750000 -0.520000
vt 0.7812500 0.9687500
vn 0.9999999 0.0000014 0.0000000
v -0.720000 -0.750000 -0.730000
vt 0.7812500 0.9687500
vn 0.9999999 0.0000014 0.0000000
f 5866/5866/5866 5867/5867/5867 5868/5868/5868
v -0.720000 -0.650000 -0.520000
vt 0.7812500 0.9687500
vn 0.0000000 0.0000000 -1.0000000
v 0.720000 -0.750000 -0.520000
vt 0.7812500 0.9687500
vn 0.0000000 0.0000000 -1.0000000
v -0.720000 -0.750000 -0.520000
vt 0.7812500 0.9687500
vn 0.0000000 0.0000000 -1.0000000
f 5869/5869/5869 5870/5870/5870 5871/5871/5871
v 0.720000 -0.750000 -0.520000
vt 0.7812500 0.9687500
vn -0.9999999 0.0000009 0.0000000
v 0.720000 -0.650000 -0.710000
vt 0.7812500 0.9687500
vn -0.9999999 0.0000009 0.0000000
v 0.720000 -0.750000 -0.730000
vt 0.7812500 0.9687500
vn -0.9999999 0.0000009 0.0000000
f 5872/5872/5872 5873/5873/5873 5874/5874/5874
v 0.720000 -0.650000 -0.710000
vt 0.7812500 0.9687500
vn 0.0000000 0.1961164 -0.9805806
v 1.067857 -0.750000 -0.730000
vt 0.7812500 0.9687500
vn 0.0000000 0.1961164 -0.9805806
v 0.720000 -0.750000 -0.730000
vt 0.7812500 0.9687500
vn 0.0000000 0.1961164 -0.9805806
f 5875/5875/5875 5876/5876/5876 5877/5877/5877
v -1.068651 -0.650000 -0.710000
vt 0.7812500 0.9687500
vn 0.0000000 0.1961160 -0.9805807
v -0.720000 -0.600000 -0.700000
vt 0.7812500 0.9687500
vn 0.0000000 0.1961160 -0.9805807
v -0.720000 -0.650000 -0.710000
vt 0.7812500 0.9687500
vn 0.0000000 0.1961160 -0.9805807
f 5878/5878/5878 5879/5879/5879 5880/5880/5880
v -0.720000 -0.600000 -0.700000
vt 0.7812500 0.9687500
vn 1.0000000 -0.0000031 0.0000000
v -0.720000 -0.650000 -0.520000
vt 0.7812500 0.9687500
vn 1.0000000 -0.0000031 0.0000000
v -0.720000 -0.650000 -0.710000
vt 0.7812500 0.9687500
vn 1.0000000 -0.0000031 0.0000000
f 5881/5881/5881 5882/5882/5882 5883/5883/5883
v -0.720000 -0.600000 -0.520000
vt 0.7812500 0.9687500
vn 0.0000000 0.0000000 -1.0000000
v 0.720000 -0.650000 -0.520000
vt 0.7812500 0.9687500
vn 0.0000000 0.0000000 -1.0000000
v -0.720000 -0.650000 -0.520000
vt 0.7812500 0.9687500
vn 0.0000000 0.0000000 -1.0000000
f 5884/5884/5884 5885/5885/5885 5886/5886/5886
v 0.720000 -0.650000 -0.520000
vt 0.7812500 0.9687500
vn -1.0000000 -0.0000020 0.0000000
v 0.720000 -0.600000 -0.700000
vt 0.7812500 0.9687500
vn -1.0000000 -0.0000020 0.0000000
v 0.720000 -0.650000 -0.710000
vt 0.7812500 0.9687500
vn -1.0000000 -0.0000020 0.0000000
f 5887/5887/5887 5888/5888/5888 5889/5889/5889
v 0.720000 -0.600000 -0.700000
vt 0.7812500 0.9687500
vn 0.0000000 0.1961160 -0.9805807
v 1.068651 -0.650000 -0.710000
vt 0.7812500 0.9687500
vn 0.0000000 0.1961160 -0.9805807
v 0.720000 -0.650000 -0.710000
vt 0.7812500 0.9687500
vn 0.0000000 0.1961160 -0.9805807
f 5890/5890/5890 5891/5891/5891 5892/5892/5892
v -1.075000 -0.600000 -0.700000
vt 0.7812500 0.9687500
vn 0.0000000 -0.3463747 -0.9380963
v -0.720000 -0.518750 -0.730000
vt 0.7812500 0.9687500
vn 0.0000000 -0.3463747 -0.9380963
v -0.720000 -0.600000 -0.700000
vt 0.7812500 0.9687500
vn 0.0000000 -0.3463747 -0.9380963
f 5893/5893/5893 5894/5894/5894 5895/5895/5895
v -0.720000 -0.600000 -0.700000
vt 0.7812500 0.9687500
vn 1.0000000 0.0000000 0.0000000
v -0.720000 -0.518750 -0.520000
vt 0.7812500 0.9687500
vn 1.0000000 0.0000000 0.0000000
v -0.720000 -0.600000 -0.520000
vt 0.7812500 0.9687500
vn 1.0000000 0.0000000 0.0000000
f 5896/5896/5896 5897/5897/5897 5898/5898/5898
v -0.720000 -0.518750 -0.520000
vt 0.7812500 0.9687500
vn 0.0000000 0.0000000 -0.9999999
v 0.720000 -0.600000 -0.520000
vt 0.7812500 0.9687500
vn 0.0000000 0.0000000 -0.9999999
v -0.720000 -0.600000 -0.520000
vt 0.7812500 0.9687500
vn 0.0000000 0.0000000 -0.9999999
f 5899/5899/5899 5900/5900/5900 5901/5901/5901
v 0.720000 -0.518750 -0.520000
vt 0.7812500 0.9687500
vn -1.0000000 0.0000000 0.0000000
v 0.720000 -0.600000 -0.700000
vt 0.7812500 0.9687500
vn -1.0000000 0.0000000 0.0000000
v 0.720000 -0.600000 -0.520000
vt 0.7812500 0.9687500
vn -1.0000000 0.0000000 0.0000000
f 5902/5902/5902 5903/5903/5903 5904/5904/5904
v 0.720000 -0.518750 -0.730000
vt 0.7812500 0.9687500
vn 0.0000000 -0.3463747 -0.9380963
v 1.075000 -0.600000 -0.700000
vt 0.7812500 0.9687500
vn 0.0000000 -0.3463747 -0.9380963
v 0.720000 -0.600000 -0.700000
vt 0.7812500 0.9687500
vn 0.0000000 -0.3463747 -0.9380963
f 5905/5905/5905 5906/5906/5906 5907/5907/5907
v -1.116246 -0.437500 -0.730000
vt 0.7812500 0.9687500
vn 0.0000000 0.0000000 -1.0000000
v -0.720000 -0.518750 -0.730000
vt 0.7812500 0.9687500
vn 0.0000000 0.0000000 -1.0000000
v -1.128509 -0.518750 -0.730000
vt 0.7812500 0.9687500
vn 0.0000000 0.0000000 -1.0000000
f 5908/5908/5908 5909/5909/5909 5910/5910/5910
v -0.720000 -0.437500 -0.730000
vt 0.7812500 0.9687500
vn 1.0000000 0.0000000 0.0000000
v -0.720000 -0.518750 -0.520000
vt 0.7812500 0.9687500
vn 1.0000000 0.0000000 0.0000000
v -0.720000 -0.518750 -0.730000
vt 0.7812500 0.9687500
vn 1.0000000 0.0000000 0.0000000
f 5911/5911/5911 5912/5912/5912 5913/5913/5913
v -0.720000 -0.437500 -0.520000
vt 0.7812500 0.9687500
vn 0.0000000 0.0000000 -0.9999999
v 0.720000 -0.518750 -0.520000
vt 0.7812500 0.9687500
vn 0.0000000 0.0000000 -0.9999999
v -0.720000 -0.518750 -0.520000
vt 0.7812500 0.9687500
vn 0.0000000 0.0000000 -0.9999999
f 5914/5914/5914 5915/5915/5915 5916/5916/5916
v 0.720000 -0.437500 -0.520000
vt 0.7812500 0.9687500
vn -1.0000000 0.0000000 0.0000000
v 0.720000 -0.518750 -0.730000
vt 0.7812500 0.9687500
vn -1.0000000 0.0000000 0.0000000
v 0.720000 -0.518750 -0.520000
vt 0.7812500 0.9687500
vn -1.0000000 0.0000000 0.0000000
f 5917/5917/5917 5918/5918/5918 5919/5919/5919
v 0.720000 -0.518750 -0.730000
vt 0.7812500 0.9687500
vn 0.0000000 0.0000000 -1.0000000
v 1.116246 -0.437500 -0.730000
vt 0.7812500 0.9687500
vn 0.0000000 0.0000000 -1.0000000
v 1.128509 -0.518750 -0.730000
vt 0.7812500 0.9687500
vn 0.0000000 0.0000000 -1.0000000
f 5920/5920/5920 5921/5921/5921 5922/5922/5922
v -1.114994 -0.356250 -0.730000
vt 0.7812500 0.9687500
vn 0.0000000 0.0000000 -1.0000000
v -0.720000 -0.437500 -0.730000
vt 0.7812500 0.9687500
vn 0.0000000 0.0000000 -1.0000000
v -1.116246 -0.437500 -0.730000
vt 0.7812500 0.9687500
vn 0.0000000 0.0000000 -1.0000000
f 5923/5923/5923 5924/5924/5924 5925/5925/5925
v -0.720000 -0.356250 -0.730000
vt 0.7812500 0.9687500
vn 1.0000000 0.0000000 0.0000000
v -0.720000 -0.437500 -0.520000
vt 0.7812500 0.9687500
vn 1.0000000 0.0000000 0.0000000
v -0.720000 -0.437500 -0.730000
vt 0.7812500 0.9687500
vn 1.0000000 0.0000000 0.0000000
f 5926/5926/5926 5927/5927/5927 5928/5928/5928
v -0.720000 -0.356250 -0.520000
vt 0.7812500 0.9687500
vn 0.0000000 0.0000000 -0.9999999
v 0.720000 -0.437500 -0.520000
vt 0.7812500 0.9687500
vn 0.0000000 0.0000000 -0.9999999
v -0.720000 -0.437500 -0.520000
vt 0.7812500 0.9687500
vn 0.0000000 0.0000000 -0.9999999
f 5929/5929/5929 5930/5930/5930 5931/5931/5931
v 0.720000 -0.356250 -0.520000
vt 0.7812500 0.9687500
vn -1.0000000 0.0000000 0.0000000
v 0.720000 -0.437500 -0.730000
vt 0.7812500 0.9687500
vn -1.0000000 0.0000000 0.0000000
v 0.720000 -0.437500 -0.520000
vt 0.7812500 0.9687500
vn -1.0000000 0.0000000 0.0000000
f 5932/5932/5932 5933/5933/5933 5934/5934/5934
v 0.720000 -0.437500 -0.730000
vt 0.7812500 0.9687500
vn 0.0000000 0.0000000 -1.0000000
v 1.114994 -0.356250 -0.730000
vt 0.7812500 0.9687500
vn 0.0000000 0.0000000 -1.0000000
v 1.116246 -0.437500 -0.730000
vt 0.7812500 0.9687500
vn 0.0000000 0.0000000 -1.0000000
f 5935/5935/5935 5936/5936/5936 5937/5937/5937
v -1.092127 -0.275000 -0.730000
vt 0.7812500 0.9687500
vn 0.0000000 0.0000000 -1.0000000
v -0.720000 -0.356250 -0.730000
vt 0.7812500 0.9687500
vn 0.0000000 0.0000000 -1.0000000
v -1.114994 -0.356250 -0.730000
vt 0.7812500 0.9687500
vn 0.0000000 0.0000000 -1.0000000
f 5938/5938/5938 5939/5939/5939 5940/5940/5940
v -0.720000 -0.275000 -0.730000
vt 0.7812500 0.9687500
vn 1.0000000 0.0000000 0.0000000
v -0.720000 -0.356250 -0.520000
vt 0.7812500 0.9687500
vn 1.0000000 0.0000000 0.0000000
v -0.720000 -0.356250 -0.730000
vt 0.7812500 0.9687500
vn 1.0000000 0.0000000 0.0000000
f 5941/5941/5941 5942/5942/5942 5943/5943/5943
v -0.720000 -0.275000 -0.520000
vt 0.7812500 0.9687500
vn 0.0000000 0.0000000 -1.0000000
v 0.720000 -0.356250 -0.520000
vt 0.7812500 0.9687500
vn 0.0000000 0.0000000 -1.0000000
v -0.720000 -0.356250 -0.520000
vt 0.7812500 0.9687500
vn 0.0000000 0.0000000 -1.0000000
f 5944/5944/5944 5945/5945/5945 5946/5946/5946
v 0.720000 -0.275000 -0.520000
vt 0.7812500 0.9687500
vn -1.0000000 0.0000000 0.0000000
v 0.720000 -0.356250 -0.730000
vt 0.7812500 0.9687500
vn -1.0000000 0.0000000 0.0000000
v 0.720000 -0.356250 -0.520000
vt 0.7812500 0.9687500
vn -1.0000000 0.0000000 0.0000000
f 5947/5947/5947 5948/5948/5948 5949/5949/5949
v 0.720000 -0.356250 -0.730000
vt 0.7812500 0.9687500
vn 0.0000000 0.0000000 -1.0000000
v 1.092127 -0.275000 -0.730000
vt 0.7812500 0.9687500
vn 0.0000000 0.0000000 -1.0000000
v 1.114994 -0.356250 -0.730000
vt 0.7812500 0.9687500
vn 0.0000000 0.0000000 -1.0000000
f 5950/5950/5950 5951/5951/5951 5952/5952/5952
v -1.086806 -0.193750 -0.730000
vt 0.7812500 0.9687500
vn 0.0000000 0.0000000 -1.0000000
v -0.720000 -0.275000 -0.730000
vt 0.7812500 0.9687500
vn 0.0000000 0.0000000 -1.0000000
v -1.092127 -0.275000 -0.730000
vt 0.7812500 0.9687500
vn 0.0000000 0.0000000 -1.0000000
f 5953/5953/5953 5954/5954/5954 5955/5955/5955
v -0.720000 -0.193750 -0.730000
vt 0.7812500 0.9687500
vn 1.0000000 0.0000000 0.0000000
v -0.720000 -0.275000 -0.520000
vt 0.7812500 0.9687500
vn 1.0000000 0.0000000 0.0000000
v -0.720000 -0.275000 -0.730000
vt 0.7812500 0.9687500
vn 1.0000000 0.0000000 0.0000000
f 5956/5956/5956 5957/5957/5957 5958/5958/5958
v -0.720000 -0.193750 -0.520000
vt 0.7812500 0.9687500
vn 0.0000000 0.0000000 -1.0000000
v 0.720000 -0.275000 -0.520000
vt 0.7812500 0.9687500
vn 0.0000000 0.0000000 -1.0000000
v -0.720000 -0.275000 -0.520000
vt 0.7812500 0.9687500
vn 0.0000000 0.0000000 -1.0000000
f 5959/5959/5959 5960/5960/5960 5961/5961/5961
v 0.720000 -0.193750 -0.520000
vt 0.7812500 0.9687500
vn -1.0000000 0.0000000 0.0000000
v 0.720000 -0.275000 -0.730000
vt 0.7812500 0.9687500
vn -1.0000000 0.0000000 0.0000000
v 0.720000 -0.275000 -0.520000
vt 0.7812500 0.9687500
vn -1.0000000 0.0000000 0.0000000
f 5962/5962/5962 5963/5963/5963 5964/5964/5964
v 0.720000 -0.275000 -0.730000
vt 0.7812500 0.9687500
vn 0.0000000 0.0000000 -1.0000000
v 1.086806 -0.193750 -0.730000
vt 0.7812500 0.9687500
vn 0.0000000 0.0000000 -1.0000000
v 1.092127 -0.275000 -0.730000
vt 0.7812500 0.9687500
vn 0.0000000 0.0000000 -1.0000000
f 5965/5965/5965 5966/5966/5966 5967/5967/5967
v -1.086806 -0.193750 -0.730000
vt 0.7812500 0.9687500
vn 0.0000000 0.0000000 -1.0000000
v -0.720000 -0.112500 -0.730000
vt 0.7812500 0.9687500
vn 0.0000000 0.0000000 -1.0000000
v -0.720000 -0.193750 -0.730000
vt 0.7812500 0.9687500
vn 0.0000000 0.0000000 -1.0000000
f 5968/5968/5968 5969/5969/5969 5970/5970/5970
v -0.720000 -0.112500 -0.730000
vt 0.7812500 0.9687500
vn 1.0000000 0.0000000 0.0000000
v -0.720000 -0.193750 -0.520000
vt 0.7812500 0.9687500
vn 1.0000000 0.0000000 0.0000000
v -0.720000 -0.193750 -0.730000
vt 0.7812500 0.9687500
vn 1.0000000 0.0000000 0.0000000
f 5971/5971/5971 5972/5972/5972 5973/5973/5973
v -0.720000 -0.112500 -0.520000
vt 0.7812500 0.9687500
vn 0.0000000 0.0000000 -1.0000000
v 0.720000 -0.193750 -0.520000
vt 0.7812500 0.9687500
vn 0.0000000 0.0000000 -1.0000000
v -0.720000 -0.193750 -0.520000
vt 0.7812500 0.9687500
vn 0.0000000 0.0000000 -1.0000000
f 5974/5974/5974 5975/5975/5975 5976/5976/5976
v 0.720000 -0.112500 -0.520000
vt 0.7812500 0.9687500
vn -1.0000000 0.0000000 0.0000000
v 0.720000 -0.193750 -0.730000
vt 0.7812500 0.9687500
vn -1.0000000 0.0000000 0.0000000
v 0.720000 -0.193750 -0.520000
vt 0.7812500 0.9687500
vn -1.0000000 0.0000000 0.0000000
f 5977/5977/5977 5978/5978/5978 5979/5979/5979
v 0.720000 -0.112500 -0.730000
vt 0.7812500 0.9687500
vn 0.0000000 0.0000000 -1.0000000
v 1.086806 -0.193750 -0.730000
vt 0.7812500 0.9687500
vn 0.0000000 0.0000000 -1.0000000
v 0.720000 -0.193750 -0.730000
vt 0.7812500 0.9687500
vn 0.0000000 0.0000000 -1.0000000
f 5980/5980/5980 5981/5981/5981 5982/5982/5982
v -1.073117 -0.031250 -0.730000
vt 0.7812500 0.9687500
vn 0.0000000 0.0000000 -1.0000000
v -0.720000 -0.112500 -0.730000
vt 0.7812500 0.9687500
vn 0.0000000 0.0000000 -1.0000000
v -1.087440 -0.112500 -0.730000
vt 0.7812500 0.9687500
vn 0.0000000 0.0000000 -1.0000000
f 5983/5983/5983 5984/5984/5984 5985/5985/5985
v -0.720000 -0.031250 -0.730000
vt 0.7812500 0.9687500
vn 1.0000000 0.0000000 0.0000000
v -0.720000 -0.112500 -0.520000
vt 0.7812500 0.9687500
vn 1.0000000 0.0000000 0.0000000
v -0.720000 -0.112500 -0.730000
vt 0.7812500 0.9687500
vn 1.0000000 0.0000000 0.0000000
f 5986/5986/5986 5987/5987/5987 5988/5988/5988
v -0.720000 -0.031250 -0.520000
vt 0.7812500 0.9687500
vn 0.0000000 0.0000000 -1.0000000
v 0.720000 -0.112500 -0.520000
vt 0.7812500 0.9687500
vn 0.0000000 0.0000000 -1.0000000
v -0.720000 -0.112500 -0.520000
vt 0.7812500 0.9687500
vn 0.0000000 0.0000000 -1.0000000
f 5989/5989/5989 5990/5990/5990 5991/5991/5991
v 0.720000 -0.031250 -0.520000
vt 0.7812500 0.9687500
vn -1.0000000 0.0000000 0.0000000
v 0.720000 -0.112500 -0.730000
vt 0.7812500 0.9687500
vn -1.0000000 0.0000000 0.0000000
v 0.720000 -0.112500 -0.520000
vt 0.7812500 0.9687500
vn -1.0000000 0.0000000 0.0000000
f 5992/5992/5992 5993/5993/5993 5994/5994/5994
v 0.720000 -0.112500 -0.730000
vt 0.7812500 0.9687500
vn 0.0000000 0.0000000 -1.0000000
v 1.073117 -0.031250 -0.730000
vt 0.7812500 0.9687500
vn 0.0000000 0.0000000 -1.0000000
v 1.087439 -0.112500 -0.730000
vt 0.7812500 0.9687500
vn 0.0000000 0.0000000 -1.0000000
f 5995/5995/5995 5996/5996/5996 5997/5997/5997
v -1.073117 -0.031250 -0.730000
vt 0.7812500 0.9687500
vn 0.0000000 0.0000000 -0.9999999
v -0.720000 0.050000 -0.730000
vt 0.7812500 0.9687500
vn 0.0000000 0.0000000 -0.9999999
v -0.720000 -0.031250 -0.730000
vt 0.7812500 0.9687500
vn 0.0000000 0.0000000 -0.9999999
f 5998/5998/5998 5999/5999/5999 6000/6000/6000
v -0.720000 0.050000 -0.730000
vt 0.7812500 0.9687500
vn 1.0000000 0.0000000 0.0000000
v -0.720000 -0.031250 -0.520000
vt 0.7812500 0.9687500
vn 1.0000000 0.0000000 0.0000000
v -0.720000 -0.031250 -0.730000
vt 0.7812500 0.9687500
vn 1.0000000 0.0000000 0.0000000
f 6001/6001/6001 6002/6002/6002 6003/6003/6003
v -0.720000 0.050000 -0.520000
vt 0.7812500 0.9687500
vn 0.0000000 0.0000000 -1.0000000
v 0.720000 -0.031250 -0.520000
vt 0.7812500 0.9687500
vn 0.0000000 0.0000000 -1.0000000
v -0.720000 -0.031250 -0.520000
vt 0.7812500 0.9687500
vn 0.0000000 0.0000000 -1.0000000
f 6004/6004/6004 6005/6005/6005 6006/6006/6006
v 0.720000 0.050000 -0.520000
vt 0.7812500 0.9687500
vn -1.0000000 0.0000000 0.0000000
v 0.720000 -0.031250 -0.730000
vt 0.7812500 0.9687500
vn -1.0000000 0.0000000 0.0000000
v 0.720000 -0.031250 -0.520000
vt 0.7812500 0.9687500
vn -1.0000000 0.0000000 0.0000000
f 6007/6007/6007 6008/6008/6008 6009/6009/6009
v 0.720000 0.050000 -0.730000
vt 0.7812500 0.9687500
vn 0.0000000 0.0000000 -0.9999999
v 1.073117 -0.031250 -0.730000
vt 0.7812500 0.9687500
vn 0.0000000 0.0000000 -0.9999999
v 0.720000 -0.031250 -0.730000
vt 0.7812500 0.9687500
vn 0.0000000 0.0000000 -0.9999999
f 6010/6010/6010 6011/6011/6011 6012/6012/6012
v -1.074445 0.050000 -0.730000
vt 0.7812500 0.9687500
vn 0.0000000 0.0000000 -0.9999999
v -0.720000 0.131250 -0.730000
vt 0.7812500 0.9687500
vn 0.0000000 0.0000000 -0.9999999
v -0.720000 0.050000 -0.730000
vt 0.7812500 0.9687500
vn 0.0000000 0.0000000 -0.9999999
f 6013/6013/6013 6014/6014/6014 6015/6015/6015
v -0.720000 0.131250 -0.730000
vt 0.7812500 0.9687500
vn 1.0000000 0.0000000 0.0000000
v -0.720000 0.050000 -0.520000
vt 0.7812500 0.9687500
vn 1.0000000 0.0000000 0.0000000
v -0.720000 0.050000 -0.730000
vt 0.7812500 0.9687500
vn 1.0000000 0.0000000 0.0000000
f 6016/6016/6016 6017/6017/6017 6018/6018/6018
v -0.720000 0.131250 -0.520000
vt 0.7812500 0.9687500
vn 0.0000000 0.0000000 -1.0000000
v 0.720000 0.050000 -0.520000
vt 0.7812500 0.9687500
vn 0.0000000 0.0000000 -1.0000000
v -0.720000 0.050000 -0.520000
vt 0.7812500 0.9687500
vn 0.0000000 0.0000000 -1.0000000
f 6019/6019/6019 6020/6020/6020 6021/6021/6021
v 0.720000 0.131250 -0.520000
vt 0.7812500 0.9687500
vn -1.0000000 0.0000000 0.0000000
v 0.720000 0.050000 -0.730000
vt 0.7812500 0.9687500
vn -1.0000000 0.0000000 0.0000000
v 0.720000 0.050000 -0.520000
vt 0.7812500 0.9687500
vn -1.0000000 0.0000000 0.0000000
f 6022/6022/6022 6023/6023/6023 6024/6024/6024
v 0.720000 0.131250 -0.730000
vt 0.7812500 0.9687500
vn 0.0000000 0.0000000 -0.9999999
v 1.074445 0.050000 -0.730000
vt 0.7812500 0.9687500
vn 0.0000000 0.0000000 -0.9999999
v 0.720000 0.050000 -0.730000
vt 0.7812500 0.9687500
vn 0.0000000 0.0000000 -0.9999999
f 6025/6025/6025 6026/6026/6026 6027/6027/6027
v -1.076873 0.131250 -0.730000
vt 0.7812500 0.9687500
vn 0.0000000 0.0000000 -1.0000000
v -0.720000 0.212500 -0.730000
vt 0.7812500 0.9687500
vn 0.0000000 0.0000000 -1.0000000
v -0.720000 0.131250 -0.730000
vt 0.7812500 0.9687500
vn 0.0000000 0.0000000 -1.0000000
f 6028/6028/6028 6029/6029/6029 6030/6030/6030
v -0.720000 0.212500 -0.730000
vt 0.7812500 0.9687500
vn 1.0000000 0.0000000 0.0000000
v -0.720000 0.131250 -0.520000
vt 0.7812500 0.9687500
vn 1.0000000 0.0000000 0.0000000
v -0.720000 0.131250 -0.730000
vt 0.7812500 0.9687500
vn 1.0000000 0.0000000 0.0000000
f 6031/6031/6031 6032/6032/6032 6033/6033/6033
v -0.720000 0.212500 -0.520000
vt 0.7812500 0.9687500
vn 0.0000000 0.0000000 -1.0000000
v 0.720000 0.131250 -0.520000
vt 0.7812500 0.9687500
vn 0.0000000 0.0000000 -1.0000000
v -0.720000 0.131250 -0.520000
vt 0.7812500 0.9687500
vn 0.0000000 0.0000000 -1.0000000
f 6034/6034/6034 6035/6035/6035 6036/6036/6036
v 0.720000 0.212500 -0.520000
vt 0.7812500 0.9687500
vn -1.0000000 0.0000000 0.0000000
v 0.720000 0.131250 -0.730000
vt 0.7812500 0.9687500
vn -1.0000000 0.0000000 0.0000000
v 0.720000 0.131250 -0.520000
vt 0.7812500 0.9687500
vn -1.0000000 0.0000000 0.0000000
f 6037/6037/6037 6038/6038/6038 6039/6039/6039
v 0.720000 0.212500 -0.730000
vt 0.7812500 0.9687500
vn 0.0000000 0.0000000 -0.9999999
v 1.076872 0.131250 -0.730000
vt 0.7812500 0.9687500
vn 0.0000000 0.0000000 -0.9999999
v 0.720000 0.131250 -0.730000
vt 0.7812500 0.9687500
vn 0.0000000 0.0000000 -0.9999999
f 6040/6040/6040 6041/6041/6041 6042/6042/6042
v -1.079209 0.212500 -0.730000
vt 0.7812500 0.9687500
vn 0.0000000 0.0000000 -1.0000000
v -0.720000 0.293750 -0.730000
vt 0.7812500 0.9687500
vn 0.0000000 0.0000000 -1.0000000
v -0.720000 0.212500 -0.730000
vt 0.7812500 0.9687500
vn 0.0000000 0.0000000 -1.0000000
f 6043/6043/6043 6044/6044/6044 6045/6045/6045
v -0.720000 0.293750 -0.730000
vt 0.7812500 0.9687500
vn 1.0000000 0.0000000 0.0000000
v -0.720000 0.212500 -0.520000
vt 0.7812500 0.9687500
vn 1.0000000 0.0000000 0.0000000
v -0.720000 0.212500 -0.730000
vt 0.7812500 0.9687500
vn 1.0000000 0.0000000 0.0000000
f 6046/6046/6046 6047/6047/6047 6048/6048/6048
v -0.720000 0.293750 -0.520000
vt 0.7812500 0.9687500
vn 0.0000000 0.0000000 -1.0000000
v 0.720000 0.212500 -0.520000
vt 0.7812500 0.9687500
vn 0.0000000 0.0000000 -1.0000000
v -0.720000 0.212500 -0.520000
vt 0.7812500 0.9687500
vn 0.0000000 0.0000000 -1.0000000
f 6049/6049/6049 6050/6050/6050 6051/6051/6051
v 0.720000 0.293750 -0.520000
vt 0.7812500 0.9687500
vn -1.0000000 0.0000000 0.0000000
v 0.720000 0.212500 -0.730000
vt 0.7812500 0.9687500
vn -1.0000000 0.0000000 0.0000000
v 0.720000 0.212500 -0.520000
vt 0.7812500 0.9687500
vn -1.0000000 0.0000000 0.0000000
f 6052/6052/6052 6053/6053/6053 6054/6054/6054
v 0.720000 0.293750 -0.730000
vt 0.7812500 0.9687500
vn 0.0000000 0.0000000 -1.0000000
v 1.079209 0.212500 -0.730000
vt 0.7812500 0.9687500
vn 0.0000000 0.0000000 -1.0000000
v 0.720000 0.212500 -0.730000
vt 0.7812500 0.9687500
vn 0.0000000 0.0000000 -1.0000000
f 6055/6055/6055 6056/6056/6056 6057/6057/6057
v -1.081060 0.293750 -0.730000
vt 0.7812500 0.9687500
vn 0.0000000 0.0000000 -0.9999999
v -0.720000 0.375000 -0.730000
vt 0.7812500 0.9687500
vn 0.0000000 0.0000000 -0.9999999
v -0.720000 0.293750 -0.730000
vt 0.7812500 0.9687500
vn 0.0000000 0.0000000 -0.9999999
f 6058/6058/6058 6059/6059/6059 6060/6060/6060
v -0.720000 0.375000 -0.730000
vt 0.7812500 0.9687500
vn 1.0000000 0.0000000 0.0000000
v -0.720000 0.293750 -0.520000
vt 0.7812500 0.9687500
vn 1.0000000 0.0000000 0.0000000
v -0.720000 0.293750 -0.730000
vt 0.7812500 0.9687500
vn 1.0000000 0.0000000 0.0000000
f 6061/6061/6061 6062/6062/6062 6063/6063/6063
v -0.720000 0.375000 -0.520000
vt 0.7812500 0.9687500
vn 0.0000000 0.0000000 -0.9999999
v 0.720000 0.293750 -0.520000
vt 0.7812500 0.9687500
vn 0.0000000 0.0000000 -0.9999999
v -0.720000 0.293750 -0.520000
vt 0.7812500 0.9687500
vn 0.0000000 0.0000000 -0.9999999
f 6064/6064/6064 6065/6065/6065 6066/6066/6066
v 0.720000 0.375000 -0.520000
vt 0.7812500 0.9687500
vn -1.0000000 0.0000000 0.0000000
v 0.720000 0.293750 -0.730000
vt 0.7812500 0.9687500
vn -1.0000000 0.0000000 0.0000000
v 0.720000 0.293750 -0.520000
vt 0.7812500 0.9687500
vn -1.0000000 0.0000000 0.0000000
f 6067/6067/6067 6068/6068/6068 6069/6069/6069
v 0.720000 0.375000 -0.730000
vt 0.7812500 0.9687500
vn 0.0000000 0.0000000 -0.9999999
v 1.081060 0.293750 -0.730000
vt 0.7812500 0.9687500
vn 0.0000000 0.0000000 -0.9999999
v 0.720000 0.293750 -0.730000
vt 0.7812500 0.9687500
vn 0.0000000 0.0000000 -0.9999999
f 6070/6070/6070 6071/6071/6071 6072/6072/6072
v -1.073716 0.456250 -0.730000
vt 0.7812500 0.9687500
vn 0.0000000 0.0000000 -1.0000000
v -0.720000 0.375000 -0.730000
vt 0.7812500 0.9687500
vn 0.0000000 0.0000000 -1.0000000
v -1.086565 0.375000 -0.730000
vt 0.7812500 0.9687500
vn 0.0000000 0.0000000 -1.0000000
f 6073/6073/6073 6074/6074/6074 6075/6075/6075
v -0.720000 0.456250 -0.730000
vt 0.7812500 0.9687500
vn 1.0000000 0.0000000 0.0000000
v -0.720000 0.375000 -0.520000
vt 0.7812500 0.9687500
vn 1.0000000 0.0000000 0.0000000
v -0.720000 0.375000 -0.730000
vt 0.7812500 0.9687500
vn 1.0000000 0.0000000 0.0000000
f 6076/6076/6076 6077/6077/6077 6078/6078/6078
v -0.720000 0.456250 -0.520000
vt 0.7812500 0.9687500
vn 0.0000000 0.0000000 -0.9999999
v 0.720000 0.375000 -0.520000
vt 0.7812500 0.9687500
vn 0.0000000 0.0000000 -0.9999999
v -0.720000 0.375000 -0.520000
vt 0.7812500 0.9687500
vn 0.0000000 0.0000000 -0.9999999
f 6079/6079/6079 6080/6080/6080 6081/6081/6081
v 0.720000 0.456250 -0.520000
vt 0.7812500 0.9687500
vn -1.0000000 0.0000000 0.0000000
v 0.720000 0.375000 -0.730000
vt 0.7812500 0.9687500
vn -1.0000000 0.0000000 0.0000000
v 0.720000 0.375000 -0.520000
vt 0.7812500 0.9687500
vn -1.0000000 0.0000000 0.0000000
f 6082/6082/6082 6083/6083/6083 6084/6084/6084
v 0.720000 0.375000 -0.730000
vt 0.7812500 0.9687500
vn 0.0000000 0.0000000 -1.0000000
v 1.073716 0.456250 -0.730000
vt 0.7812500 0.9687500
vn 0.0000000 0.0000000 -1.0000000
v 1.086565 0.375000 -0.730000
vt 0.7812500 0.9687500
vn 0.0000000 0.0000000 -1.0000000
f 6085/6085/6085 6086/6086/6086 6087/6087/6087
v -1.073716 0.456250 -0.730000
vt 0.7812500 0.9687500
vn 0.0000000 0.0000000 -1.0000000
v -0.720000 0.537500 -0.730000
vt 0.7812500 0.9687500
vn 0.0000000 0.0000000 -1.0000000
v -0.720000 0.456250 -0.730000
vt 0.7812500 0.9687500
vn 0.0000000 0.0000000 -1.0000000
f 6088/6088/6088 6089/6089/6089 6090/6090/6090
v -0.720000 0.537500 -0.730000
vt 0.7812500 0.9687500
vn 1.0000000 0.0000000 0.0000000
v -0.720000 0.456250 -0.520000
vt 0.7812500 0.9687500
vn 1.0000000 0.0000000 0.0000000
v -0.720000 0.456250 -0.730000
vt 0.7812500 0.9687500
vn 1.0000000 0.0000000 0.0000000
f 6091/6091/6091 6092/6092/6092 6093/6093/6093
v -0.720000 0.537500 -0.520000
vt 0.7812500 0.9687500
vn 0.0000000 0.0000000 -0.9999999
v 0.720000 0.456250 -0.520000
vt 0.7812500 0.9687500
vn 0.0000000 0.0000000 -0.9999999
v -0.720000 0.456250 -0.520000
vt 0.7812500 0.9687500
vn 0.0000000 0.0000000 -0.9999999
f 6094/6094/6094 6095/6095/6095 6096/6096/6096
v 0.720000 0.537500 -0.520000
vt 0.7812500 0.9687500
vn -1.0000000 0.0000000 0.0000000
v 0.720000 0.456250 -0.730000
vt 0.7812500 0.9687500
vn -1.0000000 0.0000000 0.0000000
v 0.720000 0.456250 -0.520000
vt 0.7812500 0.9687500
vn -1.0000000 0.0000000 0.0000000
f 6097/6097/6097 6098/6098/6098 6099/6099/6099
v 0.720000 0.537500 -0.730000
vt 0.7812500 0.9687500
vn 0.0000000 0.0000000 -1.0000000
v 1.073716 0.456250 -0.730000
vt 0.7812500 0.9687500
vn 0.0000000 0.0000000 -1.0000000
v 0.720000 0.456250 -0.730000
vt 0.7812500 0.9687500
vn 0.0000000 0.0000000 -1.0000000
f 6100/6100/6100 6101/6101/6101 6102/6102/6102
v -1.076433 0.537500 -0.730000
vt 0.7812500 0.9687500
vn 0.0000000 0.0000000 -1.0000000
v -0.720000 0.618750 -0.730000
vt 0.7812500 0.9687500
vn 0.0000000 0.0000000 -1.0000000
v -0.720000 0.537500 -0.730000
vt 0.7812500 0.9687500
vn 0.0000000 0.0000000 -1.0000000
f 6103/6103/6103 6104/6104/6104 6105/6105/6105
v -0.720000 0.618750 -0.730000
vt 0.7812500 0.9687500
vn 1.0000000 0.0000000 0.0000000
v -0.720000 0.537500 -0.520000
vt 0.7812500 0.9687500
vn 1.0000000 0.0000000 0.0000000
v -0.720000 0.537500 -0.730000
vt 0.7812500 0.9687500
vn 1.0000000 0.0000000 0.0000000
f 6106/6106/6106 6107/6107/6107 6108/6108/6108
v -0.720000 0.618750 -0.520000
vt 0.7812500 0.9687500
vn 0.0000000 0.0000000 -0.9999999
v 0.720000 0.537500 -0.520000
vt 0.7812500 0.9687500
vn 0.0000000 0.0000000 -0.9999999
v -0.720000 0.537500 -0.520000
vt 0.7812500 0.9687500
vn 0.0000000 0.0000000 -0.9999999
f 6109/6109/6109 6110/6110/6110 6111/6111/6111
v 0.720000 0.618750 -0.520000
vt 0.7812500 0.9687500
vn -1.0000000 0.0000000 0.0000000
v 0.720000 0.537500 -0.730000
vt 0.7812500 0.9687500
vn -1.0000000 0.0000000 0.0000000
v 0.720000 0.537500 -0.520000
vt 0.7812500 0.9687500
vn -1.0000000 0.0000000 0.0000000
f 6112/6112/6112 6113/6113/6113 6114/6114/6114
v 0.720000 0.618750 -0.730000
vt 0.7812500 0.9687500
vn 0.0000000 0.0000000 -1.0000000
v 1.076433 0.537500 -0.730000
vt 0.7812500 0.9687500
vn 0.0000000 0.0000000 -1.0000000
v 0.720000 0.537500 -0.730000
vt 0.7812500 0.9687500
vn 0.0000000 0.0000000 -1.0000000
f 6115/6115/6115 6116/6116/6116 6117/6117/6117
v -1.078625 0.618750 -0.730000
vt 0.7812500 0.9687500
vn 0.0000000 0.0000000 -1.0000000
v -0.720000 0.700000 -0.730000
vt 0.7812500 0.9687500
vn 0.0000000 0.0000000 -1.0000000
v -0.720000 0.618750 -0.730000
vt 0.7812500 0.9687500
vn 0.0000000 0.0000000 -1.0000000
f 6118/6118/6118 6119/6119/6119 6120/6120/6120
v -0.720000 0.700000 -0.730000
vt 0.7812500 0.9687500
vn 1.0000000 0.0000000 0.0000000
v -0.720000 0.618750 -0.520000
vt 0.7812500 0.9687500
vn 1.0000000 0.0000000 0.0000000
v -0.720000 0.618750 -0.730000
vt 0.7812500 0.9687500
vn 1.0000000 0.0000000 0.0000000
f 6121/6121/6121 6122/6122/6122 6123/6123/6123
v -0.720000 0.700000 -0.520000
vt 0.7812500 0.9687500
vn 0.0000000 0.0000000 -0.9999999
v 0.720000 0.618750 -0.520000
vt 0.7812500 0.9687500
vn 0.0000000 0.0000000 -0.9999999
v -0.720000 0.618750 -0.520000
vt 0.7812500 0.9687500
vn 0.0000000 0.0000000 -0.9999999
f 6124/6124/6124 6125/6125/6125 6126/6126/6126
v 0.720000 0.700000 -0.520000
vt 0.7812500 0.9687500
vn -1.0000000 0.0000000 0.0000000
v 0.720000 0.618750 -0.730000
vt 0.7812500 0.9687500
vn -1.0000000 0.0000000 0.0000000
v 0.720000 0.618750 -0.520000
vt 0.7812500 0.9687500
vn -1.0000000 0.0000000 0.0000000
f 6127/6127/6127 6128/6128/6128 6129/6129/6129
v 0.720000 0.700000 -0.730000
vt 0.7812500 0.9687500
vn 0.0000000 0.0000000 -1.0000000
v 1.078626 0.618750 -0.730000
vt 0.7812500 0.9687500
vn 0.0000000 0.0000000 -1.0000000
v 0.720000 0.618750 -0.730000
vt 0.7812500 0.9687500
vn 0.0000000 0.0000000 -1.0000000
f 6130/6130/6130 6131/6131/6131 6132/6132/6132
v -1.078732 0.700000 -0.730000
vt 0.7812500 0.9687500
vn 0.0000000 0.0000000 -1.0000000
v -0.720000 0.781250 -0.730000
vt 0.7812500 0.9687500
vn 0.0000000 0.0000000 -1.0000000
v -0.720000 0.700000 -0.730000
vt 0.7812500 0.9687500
vn 0.0000000 0.0000000 -1.0000000
f 6133/6133/6133 6134/6134/6134 6135/6135/6135
v -0.720000 0.781250 -0.730000
vt 0.7812500 0.9687500
vn 1.0000000 0.0000000 0.0000000
v -0.720000 0.700000 -0.520000
vt 0.7812500 0.9687500
vn 1.0000000 0.0000000 0.0000000
v -0.720000 0.700000 -0.730000
vt 0.7812500 0.9687500
vn 1.0000000 0.0000000 0.0000000
f 6136/6136/6136 6137/6137/6137 6138/6138/6138
v -0.720000 0.781250 -0.520000
vt 0.7812500 0.9687500
vn 0.0000000 0.0000000 -1.0000000
v 0.720000 0.700000 -0.520000
vt 0.7812500 0.9687500
vn 0.0000000 0.0000000 -1.0000000
v -0.720000 0.700000 -0.520000
vt 0.7812500 0.9687500
vn 0.0000000 0.0000000 -1.0000000
f 6139/6139/6139 6140/6140/6140 6141/6141/6141
v 0.720000 0.781250 -0.520000
vt 0.7812500 0.9687500
vn -1.0000000 0.0000000 0.0000000
v 0.720000 0.700000 -0.730000
vt 0.7812500 0.9687500
vn -1.0000000 0.0000000 0.0000000
v 0.720000 0.700000 -0.520000
vt 0.7812500 0.9687500
vn -1.0000000 0.0000000 0.0000000
f 6142/6142/6142 6143/6143/6143 6144/6144/6144
v 0.720000 0.781250 -0.730000
vt 0.7812500 0.9687500
vn 0.0000000 0.0000000 -0.9999999
v 1.078733 0.700000 -0.730000
vt 0.7812500 0.9687500
vn 0.0000000 0.0000000 -0.9999999
v 0.720000 0.700000 -0.730000
vt 0.7812500 0.9687500
vn 0.0000000 0.0000000 -0.9999999
f 6145/6145/6145 6146/6146/6146 6147/6147/6147
v -1.078881 0.781250 -0.730000
vt 0.7812500 0.9687500
vn 0.0000000 0.0000000 -1.0000000
v -0.720000 0.862500 -0.730000
vt 0.7812500 0.9687500
vn 0.0000000 0.0000000 -1.0000000
v -0.720000 0.781250 -0.730000
vt 0.7812500 0.9687500
vn 0.0000000 0.0000000 -1.0000000
f 6148/6148/6148 6149/6149/6149 6150/6150/6150
v -0.720000 0.862500 -0.730000
vt 0.7812500 0.9687500
vn 1.0000000 0.0000000 0.0000000
v -0.720000 0.781250 -0.520000
vt 0.7812500 0.9687500
vn 1.0000000 0.0000000 0.0000000
v -0.720000 0.781250 -0.730000
vt 0.7812500 0.9687500
vn 1.0000000 0.0000000 0.0000000
f 6151/6151/6151 6152/6152/6152 6153/6153/6153
v -0.720000 0.862500 -0.520000
vt 0.7812500 0.9687500
vn 0.0000000 0.0000000 -1.0000000
v 0.720000 0.781250 -0.520000
vt 0.7812500 0.9687500
vn 0.0000000 0.0000000 -1.0000000
v -0.720000 0.781250 -0.520000
vt 0.7812500 0.9687500
vn 0.0000000 0.0000000 -1.0000000
f 6154/6154/6154 6155/6155/6155 6156/6156/6156
v 0.720000 0.862500 -0.520000
vt 0.7812500 0.9687500
vn -1.0000000 0.0000000 0.0000000
v 0.720000 0.781250 -0.730000
vt 0.7812500 0.9687500
vn -1.0000000 0.0000000 0.0000000
v 0.720000 0.781250 -0.520000
vt 0.7812500 0.9687500
vn -1.0000000 0.0000000 0.0000000
f 6157/6157/6157 6158/6158/6158 6159/6159/6159
v 0.720000 0.862500 -0.730000
vt 0.7812500 0.9687500
vn 0.0000000 0.0000000 -1.0000000
v 1.078881 0.781250 -0.730000
vt 0.7812500 0.9687500
vn 0.0000000 0.0000000 -1.0000000
v 0.720000 0.781250 -0.730000
vt 0.7812500 0.9687500
vn 0.0000000 0.0000000 -1.0000000
f 6160/6160/6160 6161/6161/6161 6162/6162/6162
v -1.079029 0.862500 -0.730000
vt 0.7812500 0.9687500
vn 0.0000000 0.0000000 -1.0000000
v -0.720000 0.943750 -0.730000
vt 0.7812500 0.9687500
vn 0.0000000 0.0000000 -1.0000000
v -0.720000 0.862500 -0.730000
vt 0.7812500 0.9687500
vn 0.0000000 0.0000000 -1.0000000
f 6163/6163/6163 6164/6164/6164 6165/6165/6165
v -0.720000 0.943750 -0.730000
vt 0.7812500 0.9687500
vn 1.0000000 0.0000000 0.0000000
v -0.720000 0.862500 -0.520000
vt 0.7812500 0.9687500
vn 1.0000000 0.0000000 0.0000000
v -0.720000 0.862500 -0.730000
vt 0.7812500 0.9687500
vn 1.0000000 0.0000000 0.0000000
f 6166/6166/6166 6167/6167/6167 6168/6168/6168
v -0.720000 0.943750 -0.520000
vt 0.7812500 0.9687500
vn 0.0000000 0.0000000 -1.0000000
v 0.720000 0.862500 -0.520000
vt 0.7812500 0.9687500
vn 0.0000000 0.0000000 -1.0000000
v -0.720000 0.862500 -0.520000
vt 0.7812500 0.9687500
vn 0.0000000 0.0000000 -1.0000000
f 6169/6169/6169 6170/6170/6170 6171/6171/6171
v 0.720000 0.943750 -0.520000
vt 0.7812500 0.9687500
vn -1.0000000 0.0000000 0.0000000
v 0.720000 0.862500 -0.730000
vt 0.7812500 0.9687500
vn -1.0000000 0.0000000 0.0000000
v 0.720000 0.862500 -0.520000
vt 0.7812500 0.9687500
vn -1.0000000 0.0000000 0.0000000
f 6172/6172/6172 6173/6173/6173 6174/6174/6174
v 0.720000 0.943750 -0.730000
vt 0.7812500 0.9687500
vn 0.0000000 0.0000000 -1.0000000
v 1.079029 0.862500 -0.730000
vt 0.7812500 0.9687500
vn 0.0000000 0.0000000 -1.0000000
v 0.720000 0.862500 -0.730000
vt 0.7812500 0.9687500
vn 0.0000000 0.0000000 -1.0000000
f 6175/6175/6175 6176/6176/6176 6177/6177/6177
v -1.079177 0.943750 -0.730000
vt 0.7812500 0.9687500
vn 0.0000000 0.0000000 -1.0000000
v -0.720000 1.025000 -0.730000
vt 0.7812500 0.9687500
vn 0.0000000 0.0000000 -1.0000000
v -0.720000 0.943750 -0.730000
vt 0.7812500 0.9687500
vn 0.0000000 0.0000000 -1.0000000
f 6178/6178/6178 6179/6179/6179 6180/6180/6180
v -0.720000 1.025000 -0.730000
vt 0.7812500 0.9687500
vn 1.0000000 0.0000000 0.0000000
v -0.720000 0.943750 -0.520000
vt 0.7812500 0.9687500
vn 1.0000000 0.0000000 0.0000000
v -0.720000 0.943750 -0.730000
vt 0.7812500 0.9687500
vn 1.0000000 0.0000000 0.0000000
f 6181/6181/6181 6182/6182/6182 6183/6183/6183
v -0.720000 1.025000 -0.520000
vt 0.7812500 0.9687500
vn 0.0000000 0.0000000 -0.9999999
v 0.720000 0.943750 -0.520000
vt 0.7812500 0.9687500
vn 0.0000000 0.0000000 -0.9999999
v -0.720000 0.943750 -0.520000
vt 0.7812500 0.9687500
vn 0.0000000 0.0000000 -0.9999999
f 6184/6184/6184 6185/6185/6185 6186/6186/6186
v 0.720000 1.025000 -0.520000
vt 0.7812500 0.9687500
vn -1.0000000 0.0000000 0.0000000
v 0.720000 0.943750 -0.730000
vt 0.7812500 0.9687500
vn -1.0000000 0.0000000 0.0000000
v 0.720000 0.943750 -0.520000
vt 0.7812500 0.9687500
vn -1.0000000 0.0000000 0.0000000
f 6187/6187/6187 6188/6188/6188 6189/6189/6189
v 0.720000 1.025000 -0.730000
vt 0.7812500 0.9687500
vn 0.0000000 0.0000000 -1.0000000
v 1.079177 0.943750 -0.730000
vt 0.7812500 0.9687500
vn 0.0000000 0.0000000 -1.0000000
v 0.720000 0.943750 -0.730000
vt 0.7812500 0.9687500
vn 0.0000000 0.0000000 -1.0000000
f 6190/6190/6190 6191/6191/6191 6192/6192/6192
v -1.079431 1.025000 -0.730000
vt 0.7812500 0.9687500
vn 0.0000000 0.0000000 -1.0000000
v -0.720000 1.106250 -0.730000
vt 0.7812500 0.9687500
vn 0.0000000 0.0000000 -1.0000000
v -0.720000 1.025000 -0.730000
vt 0.7812500 0.9687500
vn 0.0000000 0.0000000 -1.0000000
f 6193/6193/6193 6194/6194/6194 6195/6195/6195
v -0.720000 1.106250 -0.730000
vt 0.7812500 0.9687500
vn 1.0000000 0.0000000 0.0000000
v -0.720000 1.025000 -0.520000
vt 0.7812500 0.9687500
vn 1.0000000 0.0000000 0.0000000
v -0.720000 1.025000 -0.730000
vt 0.7812500 0.9687500
vn 1.0000000 0.0000000 0.0000000
f 6196/6196/6196 6197/6197/6197 6198/6198/6198
v -0.720000 1.106250 -0.520000
vt 0.7812500 0.9687500
vn 0.0000000 0.0000000 -0.9999999
v 0.720000 1.025000 -0.520000
vt 0.7812500 0.9687500
vn 0.0000000 0.0000000 -0.9999999
v -0.720000 1.025000 -0.520000
vt 0.7812500 0.9687500
vn 0.0000000 0.0000000 -0.9999999
f 6199/6199/6199 6200/6200/6200 6201/6201/6201
v 0.720000 1.106250 -0.520000
vt 0.7812500 0.9687500
vn -1.0000000 0.0000000 0.0000000
v 0.720000 1.025000 -0.730000
vt 0.7812500 0.9687500
vn -1.0000000 0.0000000 0.0000000
v 0.720000 1.025000 -0.520000
vt 0.7812500 0.9687500
vn -1.0000000 0.0000000 0.0000000
f 6202/6202/6202 6203/6203/6203 6204/6204/6204
v 0.720000 1.106250 -0.730000
vt 0.7812500 0.9687500
vn 0.0000000 0.0000000 -1.0000000
v 1.079431 1.025000 -0.730000
vt 0.7812500 0.9687500
vn 0.0000000 0.0000000 -1.0000000
v 0.720000 1.025000 -0.730000
vt 0.7812500 0.9687500
vn 0.0000000 0.0000000 -1.0000000
f 6205/6205/6205 6206/6206/6206 6207/6207/6207
v -1.079726 1.106250 -0.730000
vt 0.7812500 0.9687500
vn 0.0000000 0.0000000 -1.0000000
v -0.720000 1.187500 -0.730000
vt 0.7812500 0.9687500
vn 0.0000000 0.0000000 -1.0000000
v -0.720000 1.106250 -0.730000
vt 0.7812500 0.9687500
vn 0.0000000 0.0000000 -1.0000000
f 6208/6208/6208 6209/6209/6209 6210/6210/6210
v -0.720000 1.187500 -0.730000
vt 0.7812500 0.9687500
vn 1.0000000 0.0000000 0.0000000
v -0.720000 1.106250 -0.520000
vt 0.7812500 0.9687500
vn 1.0000000 0.0000000 0.0000000
v -0.720000 1.106250 -0.730000
vt 0.7812500 0.9687500
vn 1.0000000 0.0000000 0.0000000
f 6211/6211/6211 6212/6212/6212 6213/6213/6213
v -0.720000 1.187500 -0.520000
vt 0.7812500 0.9687500
vn 0.0000000 0.0000000 -0.9999999
v 0.720000 1.106250 -0.520000
vt 0.7812500 0.9687500
vn 0.0000000 0.0000000 -0.9999999
v -0.720000 1.106250 -0.520000
vt 0.7812500 0.9687500
vn 0.0000000 0.0000000 -0.9999999
f 6214/6214/6214 6215/6215/6215 6216/6216/6216
v 0.720000 1.187500 -0.520000
vt 0.7812500 0.9687500
vn -1.0000000 0.0000000 0.0000000
v 0.720000 1.106250 -0.730000
vt 0.7812500 0.9687500
vn -1.0000000 0.0000000 0.0000000
v 0.720000 1.106250 -0.520000
vt 0.7812500 0.9687500
vn -1.0000000 0.0000000 0.0000000
f 6217/6217/6217 6218/6218/6218 6219/6219/6219
v 0.720000 1.187500 -0.730000
vt 0.7812500 0.9687500
vn 0.0000000 0.0000000 -1.0000000
v 1.079726 1.106250 -0.730000
vt 0.7812500 0.9687500
vn 0.0000000 0.0000000 -1.0000000
v 0.720000 1.106250 -0.730000
vt 0.7812500 0.9687500
vn 0.0000000 0.0000000 -1.0000000
f 6220/6220/6220 6221/6221/6221 6222/6222/6222
v -1.096742 1.187500 -0.730000
vt 0.7812500 0.9687500
vn 0.0000000 0.0000000 -1.0000000
v -0.720000 1.268750 -0.730000
vt 0.7812500 0.9687500
vn 0.0000000 0.0000000 -1.0000000
v -0.720000 1.187500 -0.730000
vt 0.7812500 0.9687500
vn 0.0000000 0.0000000 -1.0000000
f 6223/6223/6223 6224/6224/6224 6225/6225/6225
v -0.720000 1.268750 -0.730000
vt 0.7812500 0.9687500
vn 1.0000000 0.0000000 0.0000000
v -0.720000 1.187500 -0.520000
vt 0.7812500 0.9687500
vn 1.0000000 0.0000000 0.0000000
v -0.720000 1.187500 -0.730000
vt 0.7812500 0.9687500
vn 1.0000000 0.0000000 0.0000000
f 6226/6226/6226 6227/6227/6227 6228/6228/6228
v -0.720000 1.268750 -0.520000
vt 0.7812500 0.9687500
vn 0.0000000 0.0000000 -1.0000000
v 0.720000 1.187500 -0.520000
vt 0.7812500 0.9687500
vn 0.0000000 0.0000000 -1.0000000
v -0.720000 1.187500 -0.520000
vt 0.7812500 0.9687500
vn 0.0000000 0.0000000 -1.0000000
f 6229/6229/6229 6230/6230/6230 6231/6231/6231
v 0.720000 1.268750 -0.520000
vt 0.7812500 0.9687500
vn -1.0000000 0.0000000 0.0000000
v 0.720000 1.187500 -0.730000
vt 0.7812500 0.9687500
vn -1.0000000 0.0000000 0.0000000
v 0.720000 1.187500 -0.520000
vt 0.7812500 0.9687500
vn -1.0000000 0.0000000 0.0000000
f 6232/6232/6232 6233/6233/6233 6234/6234/6234
v 0.720000 1.268750 -0.730000
vt 0.7812500 0.9687500
vn 0.0000000 0.0000000 -1.0000000
v 1.096741 1.187500 -0.730000
vt 0.7812500 0.9687500
vn 0.0000000 0.0000000 -1.0000000
v 0.720000 1.187500 -0.730000
vt 0.7812500 0.9687500
vn 0.0000000 0.0000000 -1.0000000
f 6235/6235/6235 6236/6236/6236 6237/6237/6237
v -1.097311 1.268750 -0.730000
vt 0.7812500 0.9687500
vn 0.0000000 0.0000000 -1.0000000
v -0.720000 1.350000 -0.730000
vt 0.7812500 0.9687500
vn 0.0000000 0.0000000 -1.0000000
v -0.720000 1.268750 -0.730000
vt 0.7812500 0.9687500
vn 0.0000000 0.0000000 -1.0000000
f 6238/6238/6238 6239/6239/6239 6240/6240/6240
v -0.720000 1.350000 -0.730000
vt 0.7812500 0.9687500
vn 1.0000000 0.0000000 0.0000000
v -0.720000 1.268750 -0.520000
vt 0.7812500 0.9687500
vn 1.0000000 0.0000000 0.0000000
v -0.720000 1.268750 -0.730000
vt 0.7812500 0.9687500
vn 1.0000000 0.0000000 0.0000000
f 6241/6241/6241 6242/6242/6242 6243/6243/6243
v -0.720000 1.350000 -0.520000
vt 0.7812500 0.9687500
vn 0.0000000 0.0000000 -1.0000000
v 0.720000 1.268750 -0.520000
vt 0.7812500 0.9687500
vn 0.0000000 0.0000000 -1.0000000
v -0.720000 1.268750 -0.520000
vt 0.7812500 0.9687500
vn 0.0000000 0.0000000 -1.0000000
f 6244/6244/6244 6245/6245/6245 6246/6246/6246
v 0.720000 1.350000 -0.520000
vt 0.7812500 0.9687500
vn -1.0000000 0.0000000 0.0000000
v 0.720000 1.268750 -0.730000
vt 0.7812500 0.9687500
vn -1.0000000 0.0000000 0.0000000
v 0.720000 1.268750 -0.520000
vt 0.7812500 0.9687500
vn -1.0000000 0.0000000 0.0000000
f 6247/6247/6247 6248/6248/6248 6249/6249/6249
v 0.720000 1.350000 -0.730000
vt 0.7812500 0.9687500
vn 0.0000000 0.0000000 -1.0000000
v 1.097311 1.268750 -0.730000
vt 0.7812500 0.9687500
vn 0.0000000 0.0000000 -1.0000000
v 0.720000 1.268750 -0.730000
vt 0.7812500 0.9687500
vn 0.0000000 0.0000000 -1.0000000
f 6250/6250/6250 6251/6251/6251 6252/6252/6252
v -1.103951 1.350000 -0.730000
vt 0.7812500 0.9687500
vn 0.0000000 0.0000000 -1.0000000
v -0.720000 1.380000 -0.730000
vt 0.7812500 0.9687500
vn 0.0000000 0.0000000 -1.0000000
v -0.720000 1.350000 -0.730000
vt 0.7812500 0.9687500
vn 0.0000000 0.0000000 -1.0000000
f 6253/6253/6253 6254/6254/6254 6255/6255/6255
v -0.720000 1.380000 -0.730000
vt 0.7812500 0.9687500
vn 1.0000000 0.0000000 0.0000000
v -0.720000 1.350000 -0.520000
vt 0.7812500 0.9687500
vn 1.0000000 0.0000000 0.0000000
v -0.720000 1.350000 -0.730000
vt 0.7812500 0.9687500
vn 1.0000000 0.0000000 0.0000000
f 6256/6256/6256 6257/6257/6257 6258/6258/6258
v -0.720000 1.380000 -0.520000
vt 0.7812500 0.9687500
vn 0.0000000 0.0000000 -1.0000000
v 0.720000 1.350000 -0.520000
vt 0.7812500 0.9687500
vn 0.0000000 0.0000000 -1.0000000
v -0.720000 1.350000 -0.520000
vt 0.7812500 0.9687500
vn 0.0000000 0.0000000 -1.0000000
f 6259/6259/6259 6260/6260/6260 6261/6261/6261
v 0.720000 1.380000 -0.520000
vt 0.7812500 0.9687500
vn -1.0000000 0.0000000 0.0000000
v 0.720000 1.350000 -0.730000
vt 0.7812500 0.9687500
vn -1.0000000 0.0000000 0.0000000
v 0.720000 1.350000 -0.520000
vt 0.7812500 0.9687500
vn -1.0000000 0.0000000 0.0000000
f 6262/6262/6262 6263/6263/6263 6264/6264/6264
v 0.720000 1.380000 -0.730000
vt 0.7812500 0.9687500
vn 0.0000000 0.0000000 -1.0000000
v 1.103951 1.350000 -0.730000
vt 0.7812500 0.9687500
vn 0.0000000 0.0000000 -1.0000000
v 0.720000 1.350000 -0.730000
vt 0.7812500 0.9687500
vn 0.0000000 0.0000000 -1.0000000
f 6265/6265/6265 6266/6266/6266 6267/6267/6267
v -1.120240 1.380000 -0.730000
vt 0.7812500 0.9687500
vn 0.0000000 0.0000000 -1.0000000
v -0.720000 1.431250 -0.730000
vt 0.7812500 0.9687500
vn 0.0000000 0.0000000 -1.0000000
v -0.720000 1.380000 -0.730000
vt 0.7812500 0.9687500
vn 0.0000000 0.0000000 -1.0000000
f 6268/6268/6268 6269/6269/6269 6270/6270/6270
v -0.720000 1.431250 -0.730000
vt 0.7812500 0.9687500
vn 1.0000000 0.0000000 0.0000000
v -0.720000 1.380000 -0.520000
vt 0.7812500 0.9687500
vn 1.0000000 0.0000000 0.0000000
v -0.720000 1.380000 -0.730000
vt 0.7812500 0.9687500
vn 1.0000000 0.0000000 0.0000000
f 6271/6271/6271 6272/6272/6272 6273/6273/6273
v -0.720000 1.431250 -0.520000
vt 0.7812500 0.9687500
vn 0.0000000 0.0000000 -1.0000000
v 0.720000 1.380000 -0.520000
vt 0.7812500 0.9687500
vn 0.0000000 0.0000000 -1.0000000
v -0.720000 1.380000 -0.520000
vt 0.7812500 0.9687500
vn 0.0000000 0.0000000 -1.0000000
f 6274/6274/6274 6275/6275/6275 6276/6276/6276
v 0.720000 1.431250 -0.520000
vt 0.7812500 0.9687500
vn -1.0000000 0.0000000 0.0000000
v 0.720000 1.380000 -0.730000
vt 0.7812500 0.9687500
vn -1.0000000 0.0000000 0.0000000
v 0.720000 1.380000 -0.520000
vt 0.7812500 0.9687500
vn -1.0000000 0.0000000 0.0000000
f 6277/6277/6277 6278/6278/6278 6279/6279/6279
v 0.720000 1.431250 -0.730000
vt 0.7812500 0.9687500
vn 0.0000000 0.0000000 -1.0000000
v 1.120241 1.380000 -0.730000
vt 0.7812500 0.9687500
vn 0.0000000 0.0000000 -1.0000000
v 0.720000 1.380000 -0.730000
vt 0.7812500 0.9687500
vn 0.0000000 0.0000000 -1.0000000
f 6280/6280/6280 6281/6281/6281 6282/6282/6282
v -1.125002 1.440000 -0.728000
vt 0.7812500 0.9687500
vn 0.0000000 0.2228259 -0.9748582
v -0.720000 1.431250 -0.730000
vt 0.7812500 0.9687500
vn 0.0000000 0.2228259 -0.9748582
v -1.125988 1.431250 -0.730000
vt 0.7812500 0.9687500
vn 0.0000000 0.2228259 -0.9748582
f 6283/6283/6283 6284/6284/6284 6285/6285/6285
v -0.720000 1.440000 -0.728000
vt 0.7812500 0.9687500
vn 1.0000000 0.0000000 0.0000000
v -0.720000 1.431250 -0.520000
vt 0.7812500 0.9687500
vn 1.0000000 0.0000000 0.0000000
v -0.720000 1.431250 -0.730000
vt 0.7812500 0.9687500
vn 1.0000000 0.0000000 0.0000000
f 6286/6286/6286 6287/6287/6287 6288/6288/6288
v -0.720000 1.440000 -0.520000
vt 0.7812500 0.9687500
vn 0.0000000 0.0000000 -1.0000000
v 0.720000 1.431250 -0.520000
vt 0.7812500 0.9687500
vn 0.0000000 0.0000000 -1.0000000
v -0.720000 1.431250 -0.520000
vt 0.7812500 0.9687500
vn 0.0000000 0.0000000 -1.0000000
f 6289/6289/6289 6290/6290/6290 6291/6291/6291
v 0.720000 1.431250 -0.520000
vt 0.7812500 0.9687500
vn -1.0000000 0.0000066 0.0000000
v 0.720000 1.440000 -0.728000
vt 0.7812500 0.9687500
vn -1.0000000 0.0000066 0.0000000
v 0.720000 1.431250 -0.730000
vt 0.7812500 0.9687500
vn -1.0000000 0.0000066 0.0000000
f 6292/6292/6292 6293/6293/6293 6294/6294/6294
v 0.720000 1.431250 -0.730000
vt 0.7812500 0.9687500
vn 0.0000000 0.2228251 -0.9748585
v 1.125002 1.440000 -0.728000
vt 0.7812500 0.9687500
vn 0.0000000 0.2228251 -0.9748585
v 1.125988 1.431250 -0.730000
vt 0.7812500 0.9687500
vn 0.0000000 0.2228251 -0.9748585
f 6295/6295/6295 6296/6296/6296 6297/6297/6297
v -1.125002 1.440000 -0.728000
vt 0.7812500 0.9687500
vn 0.0000000 0.4107424 -0.9117514
v -0.720000 1.450000 -0.723495
vt 0.7812500 0.9687500
vn 0.0000000 0.4107424 -0.9117514
v -0.720000 1.440000 -0.728000
vt 0.7812500 0.9687500
vn 0.0000000 0.4107424 -0.9117514
f 6298/6298/6298 6299/6299/6299 6300/6300/6300
v -0.720000 1.450000 -0.723495
vt 0.7812500 0.9687500
vn 1.0000000 0.0000000 0.0000000
v -0.720000 1.440000 -0.520000
vt 0.7812500 0.9687500
vn 1.0000000 0.0000000 0.0000000
v -0.720000 1.440000 -0.728000
vt 0.7812500 0.9687500
vn 1.0000000 0.0000000 0.0000000
f 6301/6301/6301 6302/6302/6302 6303/6303/6303
v -0.720000 1.450000 -0.520000
vt 0.7812500 0.9687500
vn 0.0000000 0.0000000 -1.0000000
v 0.720000 1.440000 -0.520000
vt 0.7812500 0.9687500
vn 0.0000000 0.0000000 -1.0000000
v -0.720000 1.440000 -0.520000
vt 0.7812500 0.9687500
vn 0.0000000 0.0000000 -1.0000000
f 6304/6304/6304 6305/6305/6305 6306/6306/6306
v 0.720000 1.440000 -0.520000
vt 0.7812500 0.9687500
vn -1.0000000 0.0000047 0.0000000
v 0.720000 1.450000 -0.723496
vt 0.7812500 0.9687500
vn -1.0000000 0.0000047 0.0000000
v 0.720000 1.440000 -0.728000
vt 0.7812500 0.9687500
vn -1.0000000 0.0000047 0.0000000
f 6307/6307/6307 6308/6308/6308 6309/6309/6309
v 0.720000 1.450000 -0.723496
vt 0.7812500 0.9687500
vn 0.0000000 0.4106656 -0.9117860
v 1.125002 1.440000 -0.728000
vt 0.7812500 0.9687500
vn 0.0000000 0.4106656 -0.9117860
v 0.720000 1.440000 -0.728000
vt 0.7812500 0.9687500
vn 0.0000000 0.4106656 -0.9117860
f 6310/6310/6310 6311/6311/6311 6312/6312/6312
v -1.131884 1.450000 -0.723495
vt 0.7812500 0.9687500
vn 0.0000000 0.9769722 -0.2133667
v -0.720000 1.460000 -0.677707
vt 0.7812500 0.9687500
vn 0.0000000 0.9769722 -0.2133667
v -0.720000 1.450000 -0.723495
vt 0.7812500 0.9687500
vn 0.0000000 0.9769722 -0.2133667
f 6313/6313/6313 6314/6314/6314 6315/6315/6315
v -0.720000 1.460000 -0.677707
vt 0.7812500 0.9687500
vn 1.0000000 0.0000000 0.0000000
v -0.720000 1.450000 -0.520000
vt 0.7812500 0.9687500
vn 1.0000000 0.0000000 0.0000000
v -0.720000 1.450000 -0.723495
vt 0.7812500 0.9687500
vn 1.0000000 0.0000000 0.0000000
f 6316/6316/6316 6317/6317/6317 6318/6318/6318
v -0.720000 1.460000 -0.520000
vt 0.7812500 0.9687500
vn 0.0000000 0.0000000 -1.0000000
v 0.720000 1.450000 -0.520000
vt 0.7812500 0.9687500
vn 0.0000000 0.0000000 -1.0000000
v -0.720000 1.450000 -0.520000
vt 0.7812500 0.9687500
vn 0.0000000 0.0000000 -1.0000000
f 6319/6319/6319 6320/6320/6320 6321/6321/6321
v 0.720000 1.450000 -0.520000
vt 0.7812500 0.9687500
vn -1.0000000 -0.0000037 0.0000000
v 0.720000 1.460000 -0.677708
vt 0.7812500 0.9687500
vn -1.0000000 -0.0000037 0.0000000
v 0.720000 1.450000 -0.723496
vt 0.7812500 0.9687500
vn -1.0000000 -0.0000037 0.0000000
f 6322/6322/6322 6323/6323/6323 6324/6324/6324
v 0.720000 1.460000 -0.677708
vt 0.7812500 0.9687500
vn 0.0000000 0.9769722 -0.2133667
v 1.131884 1.450000 -0.723496
vt 0.7812500 0.9687500
vn 0.0000000 0.9769722 -0.2133667
v 0.720000 1.450000 -0.723496
vt 0.7812500 0.9687500
vn 0.0000000 0.9769722 -0.2133667
f 6325/6325/6325 6326/6326/6326 6327/6327/6327
v -1.128374 1.480000 -0.575584
vt 0.7812500 0.9687500
vn 0.0000000 0.9813575 -0.1921912
v -0.720000 1.460000 -0.677707
vt 0.7812500 0.9687500
vn 0.0000000 0.9813575 -0.1921912
v -1.135325 1.460000 -0.677707
vt 0.7812500 0.9687500
vn 0.0000000 0.9813575 -0.1921912
f 6328/6328/6328 6329/6329/6329 6330/6330/6330
v -0.720000 1.480000 -0.575584
vt 0.7812500 0.9687500
vn 1.0000000 0.0000000 0.0000000
v -0.720000 1.460000 -0.520000
vt 0.7812500 0.9687500
vn 1.0000000 0.0000000 0.0000000
v -0.720000 1.460000 -0.677707
vt 0.7812500 0.9687500
vn 1.0000000 0.0000000 0.0000000
f 6331/6331/6331 6332/6332/6332 6333/6333/6333
v -0.720000 1.480000 -0.520000
vt 0.7812500 0.9687500
vn 0.0000000 0.0000000 -1.0000000
v 0.720000 1.460000 -0.520000
vt 0.7812500 0.9687500
vn 0.0000000 0.0000000 -1.0000000
v -0.720000 1.460000 -0.520000
vt 0.7812500 0.9687500
vn 0.0000000 0.0000000 -1.0000000
f 6334/6334/6334 6335/6335/6335 6336/6336/6336
v 0.720000 1.460000 -0.520000
vt 0.7812500 0.9687500
vn -0.9999999 0.0000047 0.0000000
v 0.720000 1.480000 -0.575585
vt 0.7812500 0.9687500
vn -0.9999999 0.0000047 0.0000000
v 0.720000 1.460000 -0.677708
vt 0.7812500 0.9687500
vn -0.9999999 0.0000047 0.0000000
f 6337/6337/6337 6338/6338/6338 6339/6339/6339
v 0.720000 1.460000 -0.677708
vt 0.7812500 0.9687500
vn 0.0000000 0.9813577 -0.1921904
v 1.128375 1.480000 -0.575585
vt 0.7812500 0.9687500
vn 0.0000000 0.9813577 -0.1921904
v 1.135324 1.460000 -0.677708
vt 0.7812500 0.9687500
vn 0.0000000 0.9813577 -0.1921904
f 6340/6340/6340 6341/6341/6341 6342/6342/6342
v -1.128374 1.480000 -0.575584
vt 0.7812500 0.9687500
vn 0.0000000 0.9749304 -0.2225099
v -0.720000 1.490000 -0.531770
vt 0.7812500 0.9687500
vn 0.0000000 0.9749304 -0.2225099
v -0.720000 1.480000 -0.575584
vt 0.7812500 0.9687500
vn 0.0000000 0.9749304 -0.2225099
f 6343/6343/6343 6344/6344/6344 6345/6345/6345
v -0.720000 1.490000 -0.531770
vt 0.7812500 0.9687500
vn 1.0000000 -0.0000134 0.0000000
v -0.720000 1.480000 -0.520000
vt 0.7812500 0.9687500
vn 1.0000000 -0.0000134 0.0000000
v -0.720000 1.480000 -0.575584
vt 0.7812500 0.9687500
vn 1.0000000 -0.0000134 0.0000000
f 6346/6346/6346 6347/6347/6347 6348/6348/6348
v -0.720000 1.490000 -0.520000
vt 0.7812500 0.9687500
vn 0.0000000 0.0000000 -1.0000000
v 0.720000 1.480000 -0.520000
vt 0.7812500 0.9687500
vn 0.0000000 0.0000000 -1.0000000
v -0.720000 1.480000 -0.520000
vt 0.7812500 0.9687500
vn 0.0000000 0.0000000 -1.0000000
f 6349/6349/6349 6350/6350/6350 6351/6351/6351
v 0.720000 1.480000 -0.520000
vt 0.7812500 0.9687500
vn -1.0000000 -0.0000134 0.0000000
v 0.720000 1.490000 -0.531770
vt 0.7812500 0.9687500
vn -1.0000000 -0.0000134 0.0000000
v 0.720000 1.480000 -0.575585
vt 0.7812500 0.9687500
vn -1.0000000 -0.0000134 0.0000000
f 6352/6352/6352 6353/6353/6353 6354/6354/6354
v 0.720000 1.490000 -0.531770
vt 0.7812500 0.9687500
vn 0.0000000 0.9749302 -0.2225107
v 1.128375 1.480000 -0.575585
vt 0.7812500 0.9687500
vn 0.0000000 0.9749302 -0.2225107
v 0.720000 1.480000 -0.575585
vt 0.7812500 0.9687500
vn 0.0000000 0.9749302 -0.2225107
f 6355/6355/6355 6356/6356/6356 6357/6357/6357
v -1.136175 1.490000 -0.531770
vt 0.7812500 0.9687500
vn 0.0000000 0.9639950 -0.2659204
v -0.720000 1.500000 -0.495518
vt 0.7812500 0.9687500
vn 0.0000000 0.9639950 -0.2659204
v -0.720000 1.490000 -0.531770
vt 0.7812500 0.9687500
vn 0.0000000 0.9639950 -0.2659204
f 6358/6358/6358 6359/6359/6359 6360/6360/6360
v -0.720000 1.490000 -0.531770
vt 0.7812500 0.9687500
vn 0.9999999 0.0000000 0.0000000
v -0.720000 1.500000 -0.520000
vt 0.7812500 0.9687500
vn 0.9999999 0.0000000 0.0000000
v -0.720000 1.490000 -0.520000
vt 0.7812500 0.9687500
vn 0.9999999 0.0000000 0.0000000
f 6361/6361/6361 6362/6362/6362 6363/6363/6363
v -0.720000 1.500000 -0.520000
vt 0.7812500 0.9687500
vn 0.0000000 0.0000000 -1.0000000
v 0.720000 1.490000 -0.520000
vt 0.7812500 0.9687500
vn 0.0000000 0.0000000 -1.0000000
v -0.720000 1.490000 -0.520000
vt 0.7812500 0.9687500
vn 0.0000000 0.0000000 -1.0000000
f 6364/6364/6364 6365/6365/6365 6366/6366/6366
v 0.720000 1.500000 -0.520000
vt 0.7812500 0.9687500
vn -0.9999999 0.0000000 0.0000000
v 0.720000 1.490000 -0.531770
vt 0.7812500 0.9687500
vn -0.9999999 0.0000000 0.0000000
v 0.720000 1.490000 -0.520000
vt 0.7812500 0.9687500
vn -0.9999999 0.0000000 0.0000000
f 6367/6367/6367 6368/6368/6368 6369/6369/6369
v 0.720000 1.500000 -0.495518
vt 0.7812500 0.9687500
vn 0.0000000 0.9639950 -0.2659204
v 1.136175 1.490000 -0.531770
vt 0.7812500 0.9687500
vn 0.0000000 0.9639950 -0.2659204
v 0.720000 1.490000 -0.531770
vt 0.7812500 0.9687500
vn 0.0000000 0.9639950 -0.2659204
f 6370/6370/6370 6371/6371/6371 6372/6372/6372
v -1.141201 1.500000 -0.495518
vt 0.7812500 0.9687500
vn 0.0000000 0.9501567 -0.3117729
v -0.720000 1.510000 -0.465042
vt 0.7812500 0.9687500
vn 0.0000000 0.9501567 -0.3117729
v -0.720000 1.500000 -0.495518
vt 0.7812500 0.9687500
vn 0.0000000 0.9501567 -0.3117729
f 6373/6373/6373 6374/6374/6374 6375/6375/6375
v -0.720000 1.500000 -0.495518
vt 0.7812500 0.9687500
vn -1.0000000 0.0000000 0.0000000
v -0.720000 1.510000 -0.520000
vt 0.7812500 0.9687500
vn -1.0000000 0.0000000 0.0000000
v -0.720000 1.500000 -0.520000
vt 0.7812500 0.9687500
vn -1.0000000 0.0000000 0.0000000
f 6376/6376/6376 6377/6377/6377 6378/6378/6378
v -0.720000 1.510000 -0.520000
vt 0.7812500 0.9687500
vn 0.0000000 0.0000000 -1.0000000
v 0.720000 1.500000 -0.520000
vt 0.7812500 0.9687500
vn 0.0000000 0.0000000 -1.0000000
v -0.720000 1.500000 -0.520000
vt 0.7812500 0.9687500
vn 0.0000000 0.0000000 -1.0000000
f 6379/6379/6379 6380/6380/6380 6381/6381/6381
v 0.720000 1.510000 -0.520000
vt 0.7812500 0.9687500
vn 1.0000000 0.0000000 0.0000000
v 0.720000 1.500000 -0.495518
vt 0.7812500 0.9687500
vn 1.0000000 0.0000000 0.0000000
v 0.720000 1.500000 -0.520000
vt 0.7812500 0.9687500
vn 1.0000000 0.0000000 0.0000000
f 6382/6382/6382 6383/6383/6383 6384/6384/6384
v 0.720000 1.510000 -0.465042
vt 0.7812500 0.9687500
vn 0.0000000 0.9501567 -0.3117729
v 1.141201 1.500000 -0.495518
vt 0.7812500 0.9687500
vn 0.0000000 0.9501567 -0.3117729
v 0.720000 1.500000 -0.495518
vt 0.7812500 0.9687500
vn 0.0000000 0.9501567 -0.3117729
f 6385/6385/6385 6386/6386/6386 6387/6387/6387
v -1.148712 1.512500 -0.460036
vt 0.7812500 0.9687500
vn 0.0000000 0.8946425 -0.4467827
v -0.720000 1.510000 -0.465042
vt 0.7812500 0.9687500
vn 0.0000000 0.8946425 -0.4467827
v -1.156548 1.510000 -0.465042
vt 0.7812500 0.9687500
vn 0.0000000 0.8946425 -0.4467827
f 6388/6388/6388 6389/6389/6389 6390/6390/6390
v -0.720000 1.510000 -0.465042
vt 0.7812500 0.9687500
vn -1.0000000 0.0000000 0.0000000
v -0.720000 1.512500 -0.520000
vt 0.7812500 0.9687500
vn -1.0000000 0.0000000 0.0000000
v -0.720000 1.510000 -0.520000
vt 0.7812500 0.9687500
vn -1.0000000 0.0000000 0.0000000
f 6391/6391/6391 6392/6392/6392 6393/6393/6393
v -0.720000 1.512500 -0.520000
vt 0.7812500 0.9687500
vn 0.0000000 0.0000000 -0.9999999
v 0.720000 1.510000 -0.520000
vt 0.7812500 0.9687500
vn 0.0000000 0.0000000 -0.9999999
v -0.720000 1.510000 -0.520000
vt 0.7812500 0.9687500
vn 0.0000000 0.0000000 -0.9999999
f 6394/6394/6394 6395/6395/6395 6396/6396/6396
v 0.720000 1.512500 -0.520000
vt 0.7812500 0.9687500
vn 1.0000000 0.0000000 0.0000000
v 0.720000 1.510000 -0.465042
vt 0.7812500 0.9687500
vn 1.0000000 0.0000000 0.0000000
v 0.720000 1.510000 -0.520000
vt 0.7812500 0.9687500
vn 1.0000000 0.0000000 0.0000000
f 6397/6397/6397 6398/6398/6398 6399/6399/6399
v 0.720000 1.510000 -0.465042
vt 0.7812500 0.9687500
vn 0.0000000 0.8946428 -0.4467819
v 1.148713 1.512500 -0.460036
vt 0.7812500 0.9687500
vn 0.0000000 0.8946428 -0.4467819
v 1.156549 1.510000 -0.465042
vt 0.7812500 0.9687500
vn 0.0000000 0.8946428 -0.4467819
f 6400/6400/6400 6401/6401/6401 6402/6402/6402
v -1.148712 1.512500 -0.460036
vt 0.7812500 0.9687500
vn 0.0000000 0.8946581 -0.4467515
v -0.720000 1.540000 -0.404965
vt 0.7812500 0.9687500
vn 0.0000000 0.8946581 -0.4467515
v -0.720000 1.512500 -0.460036
vt 0.7812500 0.9687500
vn 0.0000000 0.8946581 -0.4467515
f 6403/6403/6403 6404/6404/6404 6405/6405/6405
v -0.720000 1.512500 -0.460036
vt 0.7812500 0.9687500
vn -1.0000000 0.0000000 0.0000000
v -0.720000 1.540000 -0.520000
vt 0.7812500 0.9687500
vn -1.0000000 0.0000000 0.0000000
v -0.720000 1.512500 -0.520000
vt 0.7812500 0.9687500
vn -1.0000000 0.0000000 0.0000000
f 6406/6406/6406 6407/6407/6407 6408/6408/6408
v -0.720000 1.540000 -0.520000
vt 0.7812500 0.9687500
vn 0.0000000 0.0000000 -1.0000000
v 0.720000 1.512500 -0.520000
vt 0.7812500 0.9687500
vn 0.0000000 0.0000000 -1.0000000
v -0.720000 1.512500 -0.520000
vt 0.7812500 0.9687500
vn 0.0000000 0.0000000 -1.0000000
f 6409/6409/6409 6410/6410/6410 6411/6411/6411
v 0.720000 1.540000 -0.520000
vt 0.7812500 0.9687500
vn 1.0000000 0.0000000 0.0000000
v 0.720000 1.512500 -0.460036
vt 0.7812500 0.9687500
vn 1.0000000 0.0000000 0.0000000
v 0.720000 1.512500 -0.520000
vt 0.7812500 0.9687500
vn 1.0000000 0.0000000 0.0000000
f 6412/6412/6412 6413/6413/6413 6414/6414/6414
v 0.720000 1.540000 -0.404965
vt 0.7812500 0.9687500
vn 0.0000000 0.8946584 -0.4467507
v 1.148713 1.512500 -0.460036
vt 0.7812500 0.9687500
vn 0.0000000 0.8946584 -0.4467507
v 0.720000 1.512500 -0.460036
vt 0.7812500 0.9687500
vn 0.0000000 0.8946584 -0.4467507
f 6415/6415/6415 6416/6416/6416 6417/6417/6417
v -1.150202 1.540000 -0.404965
vt 0.7812500 0.9687500
vn 0.0000000 0.8810083 -0.4731010
v -0.720000 1.550000 -0.386343
vt 0.7812500 0.9687500
vn 0.0000000 0.8810083 -0.4731010
v -0.720000 1.540000 -0.404965
vt 0.7812500 0.9687500
vn 0.0000000 0.8810083 -0.4731010
f 6418/6418/6418 6419/6419/6419 6420/6420/6420
v -0.720000 1.540000 -0.404965
vt 0.7812500 0.9687500
vn -1.0000000 0.0000000 0.0000000
v -0.720000 1.550000 -0.520000
vt 0.7812500 0.9687500
vn -1.0000000 0.0000000 0.0000000
v -0.720000 1.540000 -0.520000
vt 0.7812500 0.9687500
vn -1.0000000 0.0000000 0.0000000
f 6421/6421/6421 6422/6422/6422 6423/6423/6423
v -0.720000 1.550000 -0.520000
vt 0.7812500 0.9687500
vn 0.0000000 0.0000000 -1.0000000
v 0.720000 1.540000 -0.520000
vt 0.7812500 0.9687500
vn 0.0000000 0.0000000 -1.0000000
v -0.720000 1.540000 -0.520000
vt 0.7812500 0.9687500
vn 0.0000000 0.0000000 -1.0000000
f 6424/6424/6424 6425/6425/6425 6426/6426/6426
v 0.720000 1.550000 -0.520000
vt 0.7812500 0.9687500
vn 1.0000000 0.0000000 0.0000000
v 0.720000 1.540000 -0.404965
vt 0.7812500 0.9687500
vn 1.0000000 0.0000000 0.0000000
v 0.720000 1.540000 -0.520000
vt 0.7812500 0.9687500
vn 1.0000000 0.0000000 0.0000000
f 6427/6427/6427 6428/6428/6428 6429/6429/6429
v 0.720000 1.550000 -0.386343
vt 0.7812500 0.9687500
vn 0.0000000 0.8810083 -0.4731010
v 1.150202 1.540000 -0.404965
vt 0.7812500 0.9687500
vn 0.0000000 0.8810083 -0.4731010
v 0.720000 1.540000 -0.404965
vt 0.7812500 0.9687500
vn 0.0000000 0.8810083 -0.4731010
f 6430/6430/6430 6431/6431/6431 6432/6432/6432
v -1.150965 1.593750 -0.325823
vt 0.7812500 0.9687500
vn 0.0000000 0.8104177 -0.5858527
v -0.720000 1.550000 -0.386343
vt 0.7812500 0.9687500
vn 0.0000000 0.8104177 -0.5858527
v -1.150965 1.550000 -0.386343
vt 0.7812500 0.9687500
vn 0.0000000 0.8104177 -0.5858527
f 6433/6433/6433 6434/6434/6434 6435/6435/6435
v -0.720000 1.550000 -0.386343
vt 0.7812500 0.9687500
vn -1.0000000 0.0000000 0.0000000
v -0.720000 1.593750 -0.520000
vt 0.7812500 0.9687500
vn -1.0000000 0.0000000 0.0000000
v -0.720000 1.550000 -0.520000
vt 0.7812500 0.9687500
vn -1.0000000 0.0000000 0.0000000
f 6436/6436/6436 6437/6437/6437 6438/6438/6438
v -0.720000 1.593750 -0.520000
vt 0.7812500 0.9687500
vn 0.0000000 0.0000000 -1.0000000
v 0.720000 1.550000 -0.520000
vt 0.7812500 0.9687500
vn 0.0000000 0.0000000 -1.0000000
v -0.720000 1.550000 -0.520000
vt 0.7812500 0.9687500
vn 0.0000000 0.0000000 -1.0000000
f 6439/6439/6439 6440/6440/6440 6441/6441/6441
v 0.720000 1.593750 -0.520000
vt 0.7812500 0.9687500
vn 1.0000000 0.0000000 0.0000000
v 0.720000 1.550000 -0.386343
vt 0.7812500 0.9687500
vn 1.0000000 0.0000000 0.0000000
v 0.720000 1.550000 -0.520000
vt 0.7812500 0.9687500
vn 1.0000000 0.0000000 0.0000000
f 6442/6442/6442 6443/6443/6443 6444/6444/6444
v 0.720000 1.593750 -0.325823
vt 0.7812500 0.9687500
vn 0.0000000 0.8104175 -0.5858528
v 1.150965 1.550000 -0.386343
vt 0.7812500 0.9687500
vn 0.0000000 0.8104175 -0.5858528
v 0.720000 1.550000 -0.386343
vt 0.7812500 0.9687500
vn 0.0000000 0.8104175 -0.5858528
f 6445/6445/6445 6446/6446/6446 6447/6447/6447
v -1.150965 1.593750 -0.325823
vt 0.7812500 0.9687500
vn 0.0000000 0.8104145 -0.5858569
v -0.720000 1.610000 -0.303344
vt 0.7812500 0.9687500
vn 0.0000000 0.8104145 -0.5858569
v -0.720000 1.593750 -0.325823
vt 0.7812500 0.9687500
vn 0.0000000 0.8104145 -0.5858569
f 6448/6448/6448 6449/6449/6449 6450/6450/6450
v -0.720000 1.593750 -0.325823
vt 0.7812500 0.9687500
vn -1.0000000 0.0000000 0.0000000
v -0.720000 1.610000 -0.520000
vt 0.7812500 0.9687500
vn -1.0000000 0.0000000 0.0000000
v -0.720000 1.593750 -0.520000
vt 0.7812500 0.9687500
vn -1.0000000 0.0000000 0.0000000
f 6451/6451/6451 6452/6452/6452 6453/6453/6453
v -0.720000 1.610000 -0.520000
vt 0.7812500 0.9687500
vn 0.0000000 0.0000000 -1.0000000
v 0.720000 1.593750 -0.520000
vt 0.7812500 0.9687500
vn 0.0000000 0.0000000 -1.0000000
v -0.720000 1.593750 -0.520000
vt 0.7812500 0.9687500
vn 0.0000000 0.0000000 -1.0000000
f 6454/6454/6454 6455/6455/6455 6456/6456/6456
v 0.720000 1.610000 -0.520000
vt 0.7812500 0.9687500
vn 1.0000000 0.0000000 0.0000000
v 0.720000 1.593750 -0.325823
vt 0.7812500 0.9687500
vn 1.0000000 0.0000000 0.0000000
v 0.720000 1.593750 -0.520000
vt 0.7812500 0.9687500
vn 1.0000000 0.0000000 0.0000000
f 6457/6457/6457 6458/6458/6458 6459/6459/6459
v 0.720000 1.610000 -0.303344
vt 0.7812500 0.9687500
vn 0.0000000 0.8104145 -0.5858569
v 1.150965 1.593750 -0.325823
vt 0.7812500 0.9687500
vn 0.0000000 0.8104145 -0.5858569
v 0.720000 1.593750 -0.325823
vt 0.7812500 0.9687500
vn 0.0000000 0.8104145 -0.5858569
f 6460/6460/6460 6461/6461/6461 6462/6462/6462
v -1.151349 1.610000 -0.303344
vt 0.7812500 0.9687500
vn 0.0000000 0.6614291 -0.7500077
v -0.720000 1.675000 -0.246021
vt 0.7812500 0.9687500
vn 0.0000000 0.6614291 -0.7500077
v -0.720000 1.610000 -0.303344
vt 0.7812500 0.9687500
vn 0.0000000 0.6614291 -0.7500077
f 6463/6463/6463 6464/6464/6464 6465/6465/6465
v -0.720000 1.610000 -0.303344
vt 0.7812500 0.9687500
vn -1.0000000 0.0000000 0.0000000
v -0.720000 1.675000 -0.520000
vt 0.7812500 0.9687500
vn -1.0000000 0.0000000 0.0000000
v -0.720000 1.610000 -0.520000
vt 0.7812500 0.9687500
vn -1.0000000 0.0000000 0.0000000
f 6466/6466/6466 6467/6467/6467 6468/6468/6468
v -0.720000 1.675000 -0.520000
vt 0.7812500 0.9687500
vn 0.0000000 0.0000000 -0.9999999
v 0.720000 1.610000 -0.520000
vt 0.7812500 0.9687500
vn 0.0000000 0.0000000 -0.9999999
v -0.720000 1.610000 -0.520000
vt 0.7812500 0.9687500
vn 0.0000000 0.0000000 -0.9999999
f 6469/6469/6469 6470/6470/6470 6471/6471/6471
v 0.720000 1.675000 -0.520000
vt 0.7812500 0.9687500
vn 1.0000000 0.0000000 0.0000000
v 0.720000 1.610000 -0.303344
vt 0.7812500 0.9687500
vn 1.0000000 0.0000000 0.0000000
v 0.720000 1.610000 -0.520000
vt 0.7812500 0.9687500
vn 1.0000000 0.0000000 0.0000000
f 6472/6472/6472 6473/6473/6473 6474/6474/6474
v 0.720000 1.675000 -0.246021
vt 0.7812500 0.9687500
vn 0.0000000 0.6614291 -0.7500077
v 1.151349 1.610000 -0.303344
vt 0.7812500 0.9687500
vn 0.0000000 0.6614291 -0.7500077
v 0.720000 1.610000 -0.303344
vt 0.7812500 0.9687500
vn 0.0000000 0.6614291 -0.7500077
f 6475/6475/6475 6476/6476/6476 6477/6477/6477
v -1.150977 1.680000 -0.241612
vt 0.7812500 0.9687500
vn 0.0000000 0.6613628 -0.7500663
v -0.720000 1.675000 -0.246021
vt 0.7812500 0.9687500
vn 0.0000000 0.6613628 -0.7500663
v -1.151365 1.675000 -0.246021
vt 0.7812500 0.9687500
vn 0.0000000 0.6613628 -0.7500663
f 6478/6478/6478 6479/6479/6479 6480/6480/6480
v -0.720000 1.675000 -0.246021
vt 0.7812500 0.9687500
vn -0.9999999 0.0000000 0.0000000
v -0.720000 1.680000 -0.520000
vt 0.7812500 0.9687500
vn -0.9999999 0.0000000 0.0000000
v -0.720000 1.675000 -0.520000
vt 0.7812500 0.9687500
vn -0.9999999 0.0000000 0.0000000
f 6481/6481/6481 6482/6482/6482 6483/6483/6483
v -0.720000 1.680000 -0.520000
vt 0.7812500 0.9687500
vn 0.0000000 0.0000000 -0.9999999
v 0.720000 1.675000 -0.520000
vt 0.7812500 0.9687500
vn 0.0000000 0.0000000 -0.9999999
v -0.720000 1.675000 -0.520000
vt 0.7812500 0.9687500
vn 0.0000000 0.0000000 -0.9999999
f 6484/6484/6484 6485/6485/6485 6486/6486/6486
v 0.720000 1.680000 -0.520000
vt 0.7812500 0.9687500
vn 0.9999999 0.0000000 0.0000000
v 0.720000 1.675000 -0.246021
vt 0.7812500 0.9687500
vn 0.9999999 0.0000000 0.0000000
v 0.720000 1.675000 -0.520000
vt 0.7812500 0.9687500
vn 0.9999999 0.0000000 0.0000000
f 6487/6487/6487 6488/6488/6488 6489/6489/6489
v 0.720000 1.675000 -0.246021
vt 0.7812500 0.9687500
vn 0.0000000 0.6613925 -0.7500399
v 1.150975 1.680000 -0.241612
vt 0.7812500 0.9687500
vn 0.0000000 0.6613925 -0.7500399
v 1.151365 1.675000 -0.246021
vt 0.7812500 0.9687500
vn 0.0000000 0.6613925 -0.7500399
f 6490/6490/6490 6491/6491/6491 6492/6492/6492
v -1.150977 1.680000 -0.241612
vt 0.7812500 0.9687500
vn 0.0000000 0.4419832 -0.8970233
v -0.720000 1.756250 -0.204042
vt 0.7812500 0.9687500
vn 0.0000000 0.4419832 -0.8970233
v -0.720000 1.680000 -0.241612
vt 0.7812500 0.9687500
vn 0.0000000 0.4419832 -0.8970233
f 6493/6493/6493 6494/6494/6494 6495/6495/6495
v -0.720000 1.680000 -0.241612
vt 0.7812500 0.9687500
vn -1.0000000 0.0000000 0.0000000
v -0.720000 1.756250 -0.520000
vt 0.7812500 0.9687500
vn -1.0000000 0.0000000 0.0000000
v -0.720000 1.680000 -0.520000
vt 0.7812500 0.9687500
vn -1.0000000 0.0000000 0.0000000
f 6496/6496/6496 6497/6497/6497 6498/6498/6498
v -0.720000 1.756250 -0.520000
vt 0.7812500 0.9687500
vn 0.0000000 0.0000000 -1.0000000
v 0.720000 1.680000 -0.520000
vt 0.7812500 0.9687500
vn 0.0000000 0.0000000 -1.0000000
v -0.720000 1.680000 -0.520000
vt 0.7812500 0.9687500
vn 0.0000000 0.0000000 -1.0000000
f 6499/6499/6499 6500/6500/6500 6501/6501/6501
v 0.720000 1.756250 -0.520000
vt 0.7812500 0.9687500
vn 1.0000000 0.0000000 0.0000000
v 0.720000 1.680000 -0.241612
vt 0.7812500 0.9687500
vn 1.0000000 0.0000000 0.0000000
v 0.720000 1.680000 -0.520000
vt 0.7812500 0.9687500
vn 1.0000000 0.0000000 0.0000000
f 6502/6502/6502 6503/6503/6503 6504/6504/6504
v 0.720000 1.756250 -0.204043
vt 0.7812500 0.9687500
vn 0.0000000 0.4419720 -0.8970288
v 1.150975 1.680000 -0.241612
vt 0.7812500 0.9687500
vn 0.0000000 0.4419720 -0.8970288
v 0.720000 1.680000 -0.241612
vt 0.7812500 0.9687500
vn 0.0000000 0.4419720 -0.8970288
f 6505/6505/6505 6506/6506/6506 6507/6507/6507
v -1.151013 1.756250 -0.204042
vt 0.7812500 0.9687500
vn 0.0000000 0.4419795 -0.8970252
v -0.720000 1.790000 -0.187413
vt 0.7812500 0.9687500
vn 0.0000000 0.4419795 -0.8970252
v -0.720000 1.756250 -0.204042
vt 0.7812500 0.9687500
vn 0.0000000 0.4419795 -0.8970252
f 6508/6508/6508 6509/6509/6509 6510/6510/6510
v -0.720000 1.756250 -0.204042
vt 0.7812500 0.9687500
vn -1.0000000 0.0000000 0.0000000
v -0.720000 1.790000 -0.520000
vt 0.7812500 0.9687500
vn -1.0000000 0.0000000 0.0000000
v -0.720000 1.756250 -0.520000
vt 0.7812500 0.9687500
vn -1.0000000 0.0000000 0.0000000
f 6511/6511/6511 6512/6512/6512 6513/6513/6513
v -0.720000 1.790000 -0.520000
vt 0.7812500 0.9687500
vn 0.0000000 0.0000000 -1.0000000
v 0.720000 1.756250 -0.520000
vt 0.7812500 0.9687500
vn 0.0000000 0.0000000 -1.0000000
v -0.720000 1.756250 -0.520000
vt 0.7812500 0.9687500
vn 0.0000000 0.0000000 -1.0000000
f 6514/6514/6514 6515/6515/6515 6516/6516/6516
v 0.720000 1.790000 -0.520000
vt 0.7812500 0.9687500
vn 1.0000000 0.0000000 0.0000000
v 0.720000 1.756250 -0.204043
vt 0.7812500 0.9687500
vn 1.0000000 0.0000000 0.0000000
v 0.720000 1.756250 -0.520000
vt 0.7812500 0.9687500
vn 1.0000000 0.0000000 0.0000000
f 6517/6517/6517 6518/6518/6518 6519/6519/6519
v 0.720000 1.790000 -0.187414
vt 0.7812500 0.9687500
vn 0.0000000 0.4419778 -0.8970260
v 1.151011 1.756250 -0.204043
vt 0.7812500 0.9687500
vn 0.0000000 0.4419778 -0.8970260
v 0.720000 1.756250 -0.204043
vt 0.7812500 0.9687500
vn 0.0000000 0.4419778 -0.8970260
f 6520/6520/6520 6521/6521/6521 6522/6522/6522
v -1.151000 1.800000 -0.184185
vt 0.7812500 0.9687500
vn 0.0000000 0.3071940 -0.9516469
v -0.720000 1.790000 -0.187413
vt 0.7812500 0.9687500
vn 0.0000000 0.3071940 -0.9516469
v -1.151218 1.790000 -0.187413
vt 0.7812500 0.9687500
vn 0.0000000 0.3071940 -0.9516469
f 6523/6523/6523 6524/6524/6524 6525/6525/6525
v -0.720000 1.790000 -0.187413
vt 0.7812500 0.9687500
vn -1.0000000 0.0000000 0.0000000
v -0.720000 1.800000 -0.520000
vt 0.7812500 0.9687500
vn -1.0000000 0.0000000 0.0000000
v -0.720000 1.790000 -0.520000
vt 0.7812500 0.9687500
vn -1.0000000 0.0000000 0.0000000
f 6526/6526/6526 6527/6527/6527 6528/6528/6528
v -0.720000 1.800000 -0.520000
vt 0.7812500 0.9687500
vn 0.0000000 0.0000000 -1.0000000
v 0.720000 1.790000 -0.520000
vt 0.7812500 0.9687500
vn 0.0000000 0.0000000 -1.0000000
v -0.720000 1.790000 -0.520000
vt 0.7812500 0.9687500
vn 0.0000000 0.0000000 -1.0000000
f 6529/6529/6529 6530/6530/6530 6531/6531/6531
v 0.720000 1.800000 -0.520000
vt 0.7812500 0.9687500
vn 1.0000000 0.0000000 0.0000000
v 0.720000 1.790000 -0.187414
vt 0.7812500 0.9687500
vn 1.0000000 0.0000000 0.0000000
v 0.720000 1.790000 -0.520000
vt 0.7812500 0.9687500
vn 1.0000000 0.0000000 0.0000000
f 6532/6532/6532 6533/6533/6533 6534/6534/6534
v 0.720000 1.790000 -0.187414
vt 0.7812500 0.9687500
vn 0.0000000 0.3072845 -0.9516177
v 1.150999 1.800000 -0.184185
vt 0.7812500 0.9687500
vn 0.0000000 0.3072845 -0.9516177
v 1.151218 1.790000 -0.187414
vt 0.7812500 0.9687500
vn 0.0000000 0.3072845 -0.9516177
f 6535/6535/6535 6536/6536/6536 6537/6537/6537
v -1.150638 1.837500 -0.176984
vt 0.7812500 0.9687500
vn 0.0000000 0.1885825 -0.9820573
v -0.720000 1.800000 -0.184185
vt 0.7812500 0.9687500
vn 0.0000000 0.1885825 -0.9820573
v -1.151000 1.800000 -0.184185
vt 0.7812500 0.9687500
vn 0.0000000 0.1885825 -0.9820573
f 6538/6538/6538 6539/6539/6539 6540/6540/6540
v -0.720000 1.800000 -0.184185
vt 0.7812500 0.9687500
vn -1.0000000 0.0000000 0.0000000
v -0.720000 1.837500 -0.520000
vt 0.7812500 0.9687500
vn -1.0000000 0.0000000 0.0000000
v -0.720000 1.800000 -0.520000
vt 0.7812500 0.9687500
vn -1.0000000 0.0000000 0.0000000
f 6541/6541/6541 6542/6542/6542 6543/6543/6543
v -0.720000 1.837500 -0.520000
vt 0.7812500 0.9687500
vn 0.0000000 0.0000000 -1.0000000
v 0.720000 1.800000 -0.520000
vt 0.7812500 0.9687500
vn 0.0000000 0.0000000 -1.0000000
v -0.720000 1.800000 -0.520000
vt 0.7812500 0.9687500
vn 0.0000000 0.0000000 -1.0000000
f 6544/6544/6544 6545/6545/6545 6546/6546/6546
v 0.720000 1.837500 -0.520000
vt 0.7812500 0.9687500
vn 1.0000000 0.0000000 0.0000000
v 0.720000 1.800000 -0.184185
vt 0.7812500 0.9687500
vn 1.0000000 0.0000000 0.0000000
v 0.720000 1.800000 -0.520000
vt 0.7812500 0.9687500
vn 1.0000000 0.0000000 0.0000000
f 6547/6547/6547 6548/6548/6548 6549/6549/6549
v 0.720000 1.800000 -0.184185
vt 0.7812500 0.9687500
vn 0.0000000 0.1885816 -0.9820575
v 1.150638 1.837500 -0.176984
vt 0.7812500 0.9687500
vn 0.0000000 0.1885816 -0.9820575
v 1.150999 1.800000 -0.184185
vt 0.7812500 0.9687500
vn 0.0000000 0.1885816 -0.9820575
f 6550/6550/6550 6551/6551/6551 6552/6552/6552
v -1.150608 1.910000 -0.163062
vt 0.7812500 0.9687500
vn 0.0000000 0.1885826 -0.9820574
v -0.720000 1.837500 -0.176984
vt 0.7812500 0.9687500
vn 0.0000000 0.1885826 -0.9820574
v -1.150638 1.837500 -0.176984
vt 0.7812500 0.9687500
vn 0.0000000 0.1885826 -0.9820574
f 6553/6553/6553 6554/6554/6554 6555/6555/6555
v -0.720000 1.837500 -0.176984
vt 0.7812500 0.9687500
vn -1.0000000 0.0000000 0.0000000
v -0.720000 1.910000 -0.520000
vt 0.7812500 0.9687500
vn -1.0000000 0.0000000 0.0000000
v -0.720000 1.837500 -0.520000
vt 0.7812500 0.9687500
vn -1.0000000 0.0000000 0.0000000
f 6556/6556/6556 6557/6557/6557 6558/6558/6558
v -0.720000 1.910000 -0.520000
vt 0.7812500 0.9687500
vn 0.0000000 0.0000000 -1.0000000
v 0.720000 1.837500 -0.520000
vt 0.7812500 0.9687500
vn 0.0000000 0.0000000 -1.0000000
v -0.720000 1.837500 -0.520000
vt 0.7812500 0.9687500
vn 0.0000000 0.0000000 -1.0000000
f 6559/6559/6559 6560/6560/6560 6561/6561/6561
v 0.720000 1.910000 -0.520000
vt 0.7812500 0.9687500
vn 1.0000000 0.0000000 0.0000000
v 0.720000 1.837500 -0.176984
vt 0.7812500 0.9687500
vn 1.0000000 0.0000000 0.0000000
v 0.720000 1.837500 -0.520000
vt 0.7812500 0.9687500
vn 1.0000000 0.0000000 0.0000000
f 6562/6562/6562 6563/6563/6563 6564/6564/6564
v 0.720000 1.837500 -0.176984
vt 0.7812500 0.9687500
vn 0.0000000 0.1885823 -0.9820574
v 1.150608 1.910000 -0.163062
vt 0.7812500 0.9687500
vn 0.0000000 0.1885823 -0.9820574
v 1.150638 1.837500 -0.176984
vt 0.7812500 0.9687500
vn 0.0000000 0.1885823 -0.9820574
f 6565/6565/6565 6566/6566/6566 6567/6567/6567
v -1.150432 1.918750 -0.162924
vt 0.7812500 0.9687500
vn 0.0000000 0.0157693 -0.9998757
v -0.720000 1.910000 -0.163062
vt 0.7812500 0.9687500
vn 0.0000000 0.0157693 -0.9998757
v -1.150608 1.910000 -0.163062
vt 0.7812500 0.9687500
vn 0.0000000 0.0157693 -0.9998757
f 6568/6568/6568 6569/6569/6569 6570/6570/6570
v -0.720000 1.910000 -0.163062
vt 0.7812500 0.9687500
vn -1.0000000 0.0000000 0.0000000
v -0.720000 1.918750 -0.520000
vt 0.7812500 0.9687500
vn -1.0000000 0.0000000 0.0000000
v -0.720000 1.910000 -0.520000
vt 0.7812500 0.9687500
vn -1.0000000 0.0000000 0.0000000
f 6571/6571/6571 6572/6572/6572 6573/6573/6573
v -0.720000 1.918750 -0.520000
vt 0.7812500 0.9687500
vn 0.0000000 0.0000000 -0.9999999
v 0.720000 1.910000 -0.520000
vt 0.7812500 0.9687500
vn 0.0000000 0.0000000 -0.9999999
v -0.720000 1.910000 -0.520000
vt 0.7812500 0.9687500
vn 0.0000000 0.0000000 -0.9999999
f 6574/6574/6574 6575/6575/6575 6576/6576/6576
v 0.720000 1.918750 -0.520000
vt 0.7812500 0.9687500
vn 1.0000000 0.0000000 0.0000000
v 0.720000 1.910000 -0.163062
vt 0.7812500 0.9687500
vn 1.0000000 0.0000000 0.0000000
v 0.720000 1.910000 -0.520000
vt 0.7812500 0.9687500
vn 1.0000000 0.0000000 0.0000000
f 6577/6577/6577 6578/6578/6578 6579/6579/6579
v 0.720000 1.910000 -0.163062
vt 0.7812500 0.9687500
vn 0.0000000 0.0157692 -0.9998756
v 1.150432 1.918750 -0.162924
vt 0.7812500 0.9687500
vn 0.0000000 0.0157692 -0.9998756
v 1.150608 1.910000 -0.163062
vt 0.7812500 0.9687500
vn 0.0000000 0.0157692 -0.9998756
f 6580/6580/6580 6581/6581/6581 6582/6582/6582
v -1.149463 1.970000 -0.162118
vt 0.7812500 0.9687500
vn 0.0000000 0.0157250 -0.9998763
v -0.720000 1.918750 -0.162924
vt 0.7812500 0.9687500
vn 0.0000000 0.0157250 -0.9998763
v -1.150432 1.918750 -0.162924
vt 0.7812500 0.9687500
vn 0.0000000 0.0157250 -0.9998763
f 6583/6583/6583 6584/6584/6584 6585/6585/6585
v -0.720000 1.918750 -0.162924
vt 0.7812500 0.9687500
vn -1.0000000 0.0000000 0.0000000
v -0.720000 1.970000 -0.520000
vt 0.7812500 0.9687500
vn -1.0000000 0.0000000 0.0000000
v -0.720000 1.918750 -0.520000
vt 0.7812500 0.9687500
vn -1.0000000 0.0000000 0.0000000
f 6586/6586/6586 6587/6587/6587 6588/6588/6588
v -0.720000 1.970000 -0.520000
vt 0.7812500 0.9687500
vn 0.0000000 0.0000000 -1.0000000
v 0.720000 1.918750 -0.520000
vt 0.7812500 0.9687500
vn 0.0000000 0.0000000 -1.0000000
v -0.720000 1.918750 -0.520000
vt 0.7812500 0.9687500
vn 0.0000000 0.0000000 -1.0000000
f 6589/6589/6589 6590/6590/6590 6591/6591/6591
v 0.720000 1.970000 -0.520000
vt 0.7812500 0.9687500
vn 1.0000000 0.0000000 0.0000000
v 0.720000 1.918750 -0.162924
vt 0.7812500 0.9687500
vn 1.0000000 0.0000000 0.0000000
v 0.720000 1.918750 -0.520000
vt 0.7812500 0.9687500
vn 1.0000000 0.0000000 0.0000000
f 6592/6592/6592 6593/6593/6593 6594/6594/6594
v 0.720000 1.918750 -0.162924
vt 0.7812500 0.9687500
vn 0.0000000 0.0157250 -0.9998763
v 1.149463 1.970000 -0.162118
vt 0.7812500 0.9687500
vn 0.0000000 0.0157250 -0.9998763
v 1.150432 1.918750 -0.162924
vt 0.7812500 0.9687500
vn 0.0000000 0.0157250 -0.9998763
f 6595/6595/6595 6596/6596/6596 6597/6597/6597
v -1.148510 1.990000 -0.161804
vt 0.7812500 0.9687500
vn 0.0000000 0.0156979 -0.9998768
v -0.720000 1.970000 -0.162118
vt 0.7812500 0.9687500
vn 0.0000000 0.0156979 -0.9998768
v -1.149463 1.970000 -0.162118
vt 0.7812500 0.9687500
vn 0.0000000 0.0156979 -0.9998768
f 6598/6598/6598 6599/6599/6599 6600/6600/6600
v -0.720000 1.970000 -0.162118
vt 0.7812500 0.9687500
vn -1.0000000 0.0000000 0.0000000
v -0.720000 1.990000 -0.520000
vt 0.7812500 0.9687500
vn -1.0000000 0.0000000 0.0000000
v -0.720000 1.970000 -0.520000
vt 0.7812500 0.9687500
vn -1.0000000 0.0000000 0.0000000
f 6601/6601/6601 6602/6602/6602 6603/6603/6603
v -0.720000 1.990000 -0.520000
vt 0.7812500 0.9687500
vn 0.0000000 0.0000000 -1.0000000
v 0.720000 1.970000 -0.520000
vt 0.7812500 0.9687500
vn 0.0000000 0.0000000 -1.0000000
v -0.720000 1.970000 -0.520000
vt 0.7812500 0.9687500
vn 0.0000000 0.0000000 -1.0000000
f 6604/6604/6604 6605/6605/6605 6606/6606/6606
v 0.720000 1.990000 -0.520000
vt 0.7812500 0.9687500
vn 1.0000000 0.0000000 0.0000000
v 0.720000 1.970000 -0.162118
vt 0.7812500 0.9687500
vn 1.0000000 0.0000000 0.0000000
v 0.720000 1.970000 -0.520000
vt 0.7812500 0.9687500
vn 1.0000000 0.0000000 0.0000000
f 6607/6607/6607 6608/6608/6608 6609/6609/6609
v 0.720000 1.970000 -0.162118
vt 0.7812500 0.9687500
vn 0.0000000 0.0156979 -0.9998768
v 1.148510 1.990000 -0.161804
vt 0.7812500 0.9687500
vn 0.0000000 0.0156979 -0.9998768
v 1.149463 1.970000 -0.162118
vt 0.7812500 0.9687500
vn 0.0000000 0.0156979 -0.9998768
f 6610/6610/6610 6611/6611/6611 6612/6612/6612
v -1.147534 2.000000 -0.162781
vt 0.7812500 0.9687500
vn 0.0000000 -0.0972365 -0.9952613
v -0.720000 1.990000 -0.161804
vt 0.7812500 0.9687500
vn 0.0000000 -0.0972365 -0.9952613
v -1.148510 1.990000 -0.161804
vt 0.7812500 0.9687500
vn 0.0000000 -0.0972365 -0.9952613
f 6613/6613/6613 6614/6614/6614 6615/6615/6615
v -0.720000 2.000000 -0.162781
vt 0.7812500 0.9687500
vn -1.0000000 0.0000000 0.0000000
v -0.720000 1.990000 -0.520000
vt 0.7812500 0.9687500
vn -1.0000000 0.0000000 0.0000000
v -0.720000 1.990000 -0.161804
vt 0.7812500 0.9687500
vn -1.0000000 0.0000000 0.0000000
f 6616/6616/6616 6617/6617/6617 6618/6618/6618
v -0.720000 2.000000 -0.520000
vt 0.7812500 0.9687500
vn 0.0000000 0.0000000 -1.0000000
v 0.720000 1.990000 -0.520000
vt 0.7812500 0.9687500
vn 0.0000000 0.0000000 -1.0000000
v -0.720000 1.990000 -0.520000
vt 0.7812500 0.9687500
vn 0.0000000 0.0000000 -1.0000000
f 6619/6619/6619 6620/6620/6620 6621/6621/6621
v 0.720000 1.990000 -0.520000
vt 0.7812500 0.9687500
vn 1.0000000 -0.0000067 0.0000000
v 0.720000 2.000000 -0.162781
vt 0.7812500 0.9687500
vn 1.0000000 -0.0000067 0.0000000
v 0.720000 1.990000 -0.161804
vt 0.7812500 0.9687500
vn 1.0000000 -0.0000067 0.0000000
f 6622/6622/6622 6623/6623/6623 6624/6624/6624
v 0.720000 1.990000 -0.161804
vt 0.7812500 0.9687500
vn 0.0000000 -0.0972362 -0.9952614
v 1.147534 2.000000 -0.162781
vt 0.7812500 0.9687500
vn 0.0000000 -0.0972362 -0.9952614
v 1.148510 1.990000 -0.161804
vt 0.7812500 0.9687500
vn 0.0000000 -0.0972362 -0.9952614
f 6625/6625/6625 6626/6626/6626 6627/6627/6627
v -1.147143 2.060000 -0.168641
vt 0.7812500 0.9687500
vn 0.0000000 -0.0972042 -0.9952645
v -0.720000 2.000000 -0.162781
vt 0.7812500 0.9687500
vn 0.0000000 -0.0972042 -0.9952645
v -1.147534 2.000000 -0.162781
vt 0.7812500 0.9687500
vn 0.0000000 -0.0972042 -0.9952645
f 6628/6628/6628 6629/6629/6629 6630/6630/6630
v -0.720000 2.060000 -0.168641
vt 0.7812500 0.9687500
vn -1.0000000 0.0000000 0.0000000
v -0.720000 2.000000 -0.520000
vt 0.7812500 0.9687500
vn -1.0000000 0.0000000 0.0000000
v -0.720000 2.000000 -0.162781
vt 0.7812500 0.9687500
vn -1.0000000 0.0000000 0.0000000
f 6631/6631/6631 6632/6632/6632 6633/6633/6633
v -0.720000 2.060000 -0.520000
vt 0.7812500 0.9687500
vn 0.0000000 0.0000000 -1.0000000
v 0.720000 2.000000 -0.520000
vt 0.7812500 0.9687500
vn 0.0000000 0.0000000 -1.0000000
v -0.720000 2.000000 -0.520000
vt 0.7812500 0.9687500
vn 0.0000000 0.0000000 -1.0000000
f 6634/6634/6634 6635/6635/6635 6636/6636/6636
v 0.720000 2.000000 -0.520000
vt 0.7812500 0.9687500
vn 1.0000000 0.0000003 0.0000000
v 0.720000 2.060000 -0.168641
vt 0.7812500 0.9687500
vn 1.0000000 0.0000003 0.0000000
v 0.720000 2.000000 -0.162781
vt 0.7812500 0.9687500
vn 1.0000000 0.0000003 0.0000000
f 6637/6637/6637 6638/6638/6638 6639/6639/6639
v 0.720000 2.000000 -0.162781
vt 0.7812500 0.9687500
vn 0.0000000 -0.0972042 -0.9952645
v 1.147143 2.060000 -0.168641
vt 0.7812500 0.9687500
vn 0.0000000 -0.0972042 -0.9952645
v 1.147534 2.000000 -0.162781
vt 0.7812500 0.9687500
vn 0.0000000 -0.0972042 -0.9952645
f 6640/6640/6640 6641/6641/6641 6642/6642/6642
v -1.146682 2.081250 -0.173241
vt 0.7812500 0.9687500
vn 0.0000000 -0.2115748 -0.9773619
v -0.720000 2.060000 -0.168641
vt 0.7812500 0.9687500
vn 0.0000000 -0.2115748 -0.9773619
v -1.147143 2.060000 -0.168641
vt 0.7812500 0.9687500
vn 0.0000000 -0.2115748 -0.9773619
f 6643/6643/6643 6644/6644/6644 6645/6645/6645
v -0.720000 2.081250 -0.173241
vt 0.7812500 0.9687500
vn -1.0000000 0.0000000 0.0000000
v -0.720000 2.060000 -0.520000
vt 0.7812500 0.9687500
vn -1.0000000 0.0000000 0.0000000
v -0.720000 2.060000 -0.168641
vt 0.7812500 0.9687500
vn -1.0000000 0.0000000 0.0000000
f 6646/6646/6646 6647/6647/6647 6648/6648/6648
v -0.720000 2.081250 -0.520000
vt 0.7812500 0.9687500
vn 0.0000000 0.0000000 -1.0000000
v 0.720000 2.060000 -0.520000
vt 0.7812500 0.9687500
vn 0.0000000 0.0000000 -1.0000000
v -0.720000 2.060000 -0.520000
vt 0.7812500 0.9687500
vn 0.0000000 0.0000000 -1.0000000
f 6649/6649/6649 6650/6650/6650 6651/6651/6651
v 0.720000 2.060000 -0.520000
vt 0.7812500 0.9687500
vn 1.0000000 0.0000011 0.0000000
v 0.720000 2.081250 -0.173241
vt 0.7812500 0.9687500
vn 1.0000000 0.0000011 0.0000000
v 0.720000 2.060000 -0.168641
vt 0.7812500 0.9687500
vn 1.0000000 0.0000011 0.0000000
f 6652/6652/6652 6653/6653/6653 6654/6654/6654
v 0.720000 2.060000 -0.168641
vt 0.7812500 0.9687500
vn 0.0000000 -0.2115742 -0.9773619
v 1.146682 2.081250 -0.173241
vt 0.7812500 0.9687500
vn 0.0000000 -0.2115742 -0.9773619
v 1.147143 2.060000 -0.168641
vt 0.7812500 0.9687500
vn 0.0000000 -0.2115742 -0.9773619
f 6655/6655/6655 6656/6656/6656 6657/6657/6657
v -1.146682 2.081250 -0.173241
vt 0.7812500 0.9687500
vn 0.0000000 -0.2115871 -0.9773592
v -0.720000 2.110000 -0.179465
vt 0.7812500 0.9687500
vn 0.0000000 -0.2115871 -0.9773592
v -0.720000 2.081250 -0.173241
vt 0.7812500 0.9687500
vn 0.0000000 -0.2115871 -0.9773592
f 6658/6658/6658 6659/6659/6659 6660/6660/6660
v -0.720000 2.110000 -0.179465
vt 0.7812500 0.9687500
vn -1.0000000 0.0000000 0.0000000
v -0.720000 2.081250 -0.520000
vt 0.7812500 0.9687500
vn -1.0000000 0.0000000 0.0000000
v -0.720000 2.081250 -0.173241
vt 0.7812500 0.9687500
vn -1.0000000 0.0000000 0.0000000
f 6661/6661/6661 6662/6662/6662 6663/6663/6663
v -0.720000 2.110000 -0.520000
vt 0.7812500 0.9687500
vn 0.0000000 0.0000000 -1.0000000
v 0.720000 2.081250 -0.520000
vt 0.7812500 0.9687500
vn 0.0000000 0.0000000 -1.0000000
v -0.720000 2.081250 -0.520000
vt 0.7812500 0.9687500
vn 0.0000000 0.0000000 -1.0000000
f 6664/6664/6664 6665/6665/6665 6666/6666/6666
v 0.720000 2.081250 -0.520000
vt 0.7812500 0.9687500
vn 1.0000000 -0.0000007 0.0000000
v 0.720000 2.110000 -0.179465
vt 0.7812500 0.9687500
vn 1.0000000 -0.0000007 0.0000000
v 0.720000 2.081250 -0.173241
vt 0.7812500 0.9687500
vn 1.0000000 -0.0000007 0.0000000
f 6667/6667/6667 6668/6668/6668 6669/6669/6669
v 0.720000 2.110000 -0.179465
vt 0.7812500 0.9687500
vn 0.0000000 -0.2115871 -0.9773592
v 1.146682 2.081250 -0.173241
vt 0.7812500 0.9687500
vn 0.0000000 -0.2115871 -0.9773592
v 0.720000 2.081250 -0.173241
vt 0.7812500 0.9687500
vn 0.0000000 -0.2115871 -0.9773592
f 6670/6670/6670 6671/6671/6671 6672/6672/6672
v -1.133522 2.160000 -0.195358
vt 0.7812500 0.9687500
vn 0.0000000 -0.3029237 -0.9530148
v -0.720000 2.110000 -0.179465
vt 0.7812500 0.9687500
vn 0.0000000 -0.3029237 -0.9530148
v -1.150005 2.110000 -0.179465
vt 0.7812500 0.9687500
vn 0.0000000 -0.3029237 -0.9530148
f 6673/6673/6673 6674/6674/6674 6675/6675/6675
v -0.720000 2.160000 -0.195358
vt 0.7812500 0.9687500
vn -1.0000000 -0.0000018 0.0000000
v -0.720000 2.110000 -0.520000
vt 0.7812500 0.9687500
vn -1.0000000 -0.0000018 0.0000000
v -0.720000 2.110000 -0.179465
vt 0.7812500 0.9687500
vn -1.0000000 -0.0000018 0.0000000
f 6676/6676/6676 6677/6677/6677 6678/6678/6678
v -0.720000 2.160000 -0.520000
vt 0.7812500 0.9687500
vn 0.0000000 0.0000000 -1.0000000
v 0.720000 2.110000 -0.520000
vt 0.7812500 0.9687500
vn 0.0000000 0.0000000 -1.0000000
v -0.720000 2.110000 -0.520000
vt 0.7812500 0.9687500
vn 0.0000000 0.0000000 -1.0000000
f 6679/6679/6679 6680/6680/6680 6681/6681/6681
v 0.720000 2.110000 -0.520000
vt 0.7812500 0.9687500
vn 1.0000000 -0.0000016 0.0000000
v 0.720000 2.160000 -0.195358
vt 0.7812500 0.9687500
vn 1.0000000 -0.0000016 0.0000000
v 0.720000 2.110000 -0.179465
vt 0.7812500 0.9687500
vn 1.0000000 -0.0000016 0.0000000
f 6682/6682/6682 6683/6683/6683 6684/6684/6684
v 0.720000 2.110000 -0.179465
vt 0.7812500 0.9687500
vn 0.0000000 -0.3029249 -0.9530144
v 1.133521 2.160000 -0.195358
vt 0.7812500 0.9687500
vn 0.0000000 -0.3029249 -0.9530144
v 1.150004 2.110000 -0.179465
vt 0.7812500 0.9687500
vn 0.0000000 -0.3029249 -0.9530144
f 6685/6685/6685 6686/6686/6686 6687/6687/6687
v -1.132135 2.162500 -0.196547
vt 0.7812500 0.9687500
vn 0.0000000 -0.4295087 -0.9030628
v -0.720000 2.160000 -0.195358
vt 0.7812500 0.9687500
vn 0.0000000 -0.4295087 -0.9030628
v -1.133522 2.160000 -0.195358
vt 0.7812500 0.9687500
vn 0.0000000 -0.4295087 -0.9030628
f 6688/6688/6688 6689/6689/6689 6690/6690/6690
v -0.720000 2.162500 -0.196547
vt 0.7812500 0.9687500
vn -1.0000000 0.0000367 0.0000000
v -0.720000 2.160000 -0.520000
vt 0.7812500 0.9687500
vn -1.0000000 0.0000367 0.0000000
v -0.720000 2.160000 -0.195358
vt 0.7812500 0.9687500
vn -1.0000000 0.0000367 0.0000000
f 6691/6691/6691 6692/6692/6692 6693/6693/6693
v -0.720000 2.162500 -0.520000
vt 0.7812500 0.9687500
vn 0.0000000 0.0000000 -0.9999999
v 0.720000 2.160000 -0.520000
vt 0.7812500 0.9687500
vn 0.0000000 0.0000000 -0.9999999
v -0.720000 2.160000 -0.520000
vt 0.7812500 0.9687500
vn 0.0000000 0.0000000 -0.9999999
f 6694/6694/6694 6695/6695/6695 6696/6696/6696
v 0.720000 2.160000 -0.520000
vt 0.7812500 0.9687500
vn 1.0000000 0.0000382 0.0000000
v 0.720000 2.162500 -0.196547
vt 0.7812500 0.9687500
vn 1.0000000 0.0000382 0.0000000
v 0.720000 2.160000 -0.195358
vt 0.7812500 0.9687500
vn 1.0000000 0.0000382 0.0000000
f 6697/6697/6697 6698/6698/6698 6699/6699/6699
v 0.720000 2.160000 -0.195358
vt 0.7812500 0.9687500
vn 0.0000000 -0.4294962 -0.9030687
v 1.132134 2.162500 -0.196547
vt 0.7812500 0.9687500
vn 0.0000000 -0.4294962 -0.9030687
v 1.133521 2.160000 -0.195358
vt 0.7812500 0.9687500
vn 0.0000000 -0.4294962 -0.9030687
f 6700/6700/6700 6701/6701/6701 6702/6702/6702
v -1.132135 2.162500 -0.196547
vt 0.7812500 0.9687500
vn 0.0000000 -0.4295928 -0.9030227
v -0.720000 2.200000 -0.214387
vt 0.7812500 0.9687500
vn 0.0000000 -0.4295928 -0.9030227
v -0.720000 2.162500 -0.196547
vt 0.7812500 0.9687500
vn 0.0000000 -0.4295928 -0.9030227
f 6703/6703/6703 6704/6704/6704 6705/6705/6705
v -0.720000 2.200000 -0.214387
vt 0.7812500 0.9687500
vn -1.0000000 0.0000000 0.0000000
v -0.720000 2.162500 -0.520000
vt 0.7812500 0.9687500
vn -1.0000000 0.0000000 0.0000000
v -0.720000 2.162500 -0.196547
vt 0.7812500 0.9687500
vn -1.0000000 0.0000000 0.0000000
f 6706/6706/6706 6707/6707/6707 6708/6708/6708
v -0.720000 2.200000 -0.520000
vt 0.7812500 0.9687500
vn 0.0000000 0.0000000 -1.0000000
v 0.720000 2.162500 -0.520000
vt 0.7812500 0.9687500
vn 0.0000000 0.0000000 -1.0000000
v -0.720000 2.162500 -0.520000
vt 0.7812500 0.9687500
vn 0.0000000 0.0000000 -1.0000000
f 6709/6709/6709 6710/6710/6710 6711/6711/6711
v 0.720000 2.162500 -0.520000
vt 0.7812500 0.9687500
vn 1.0000000 0.0000003 0.0000000
v 0.720000 2.200000 -0.214387
vt 0.7812500 0.9687500
vn 1.0000000 0.0000003 0.0000000
v 0.720000 2.162500 -0.196547
vt 0.7812500 0.9687500
vn 1.0000000 0.0000003 0.0000000
f 6712/6712/6712 6713/6713/6713 6714/6714/6714
v 0.720000 2.200000 -0.214387
vt 0.7812500 0.9687500
vn 0.0000000 -0.4295919 -0.9030231
v 1.132134 2.162500 -0.196547
vt 0.7812500 0.9687500
vn 0.0000000 -0.4295919 -0.9030231
v 0.720000 2.162500 -0.196547
vt 0.7812500 0.9687500
vn 0.0000000 -0.4295919 -0.9030231
f 6715/6715/6715 6716/6716/6716 6717/6717/6717
v -1.131783 2.220000 -0.227118
vt 0.7812500 0.9687500
vn 0.0000000 -0.5369896 -0.8435888
v -0.720000 2.200000 -0.214387
vt 0.7812500 0.9687500
vn 0.0000000 -0.5369896 -0.8435888
v -1.132723 2.200000 -0.214387
vt 0.7812500 0.9687500
vn 0.0000000 -0.5369896 -0.8435888
f 6718/6718/6718 6719/6719/6719 6720/6720/6720
v -0.720000 2.220000 -0.227118
vt 0.7812500 0.9687500
vn -1.0000000 0.0000049 0.0000000
v -0.720000 2.200000 -0.520000
vt 0.7812500 0.9687500
vn -1.0000000 0.0000049 0.0000000
v -0.720000 2.200000 -0.214387
vt 0.7812500 0.9687500
vn -1.0000000 0.0000049 0.0000000
f 6721/6721/6721 6722/6722/6722 6723/6723/6723
v -0.720000 2.220000 -0.520000
vt 0.7812500 0.9687500
vn 0.0000000 0.0000000 -1.0000000
v 0.720000 2.200000 -0.520000
vt 0.7812500 0.9687500
vn 0.0000000 0.0000000 -1.0000000
v -0.720000 2.200000 -0.520000
vt 0.7812500 0.9687500
vn 0.0000000 0.0000000 -1.0000000
f 6724/6724/6724 6725/6725/6725 6726/6726/6726
v 0.720000 2.200000 -0.520000
vt 0.7812500 0.9687500
vn 1.0000000 0.0000030 0.0000000
v 0.720000 2.220000 -0.227118
vt 0.7812500 0.9687500
vn 1.0000000 0.0000030 0.0000000
v 0.720000 2.200000 -0.214387
vt 0.7812500 0.9687500
vn 1.0000000 0.0000030 0.0000000
f 6727/6727/6727 6728/6728/6728 6729/6729/6729
v 0.720000 2.200000 -0.214387
vt 0.7812500 0.9687500
vn 0.0000000 -0.5369924 -0.8435871
v 1.131783 2.220000 -0.227118
vt 0.7812500 0.9687500
vn 0.0000000 -0.5369924 -0.8435871
v 1.132722 2.200000 -0.214387
vt 0.7812500 0.9687500
vn 0.0000000 -0.5369924 -0.8435871
f 6730/6730/6730 6731/6731/6731 6732/6732/6732
v -1.128492 2.243750 -0.246600
vt 0.7812500 0.9687500
vn 0.0000000 -0.6342170 -0.7731550
v -0.720000 2.220000 -0.227118
vt 0.7812500 0.9687500
vn 0.0000000 -0.6342170 -0.7731550
v -1.131783 2.220000 -0.227118
vt 0.7812500 0.9687500
vn 0.0000000 -0.6342170 -0.7731550
f 6733/6733/6733 6734/6734/6734 6735/6735/6735
v -0.720000 2.243750 -0.246600
vt 0.7812500 0.9687500
vn -1.0000000 -0.0000043 0.0000000
v -0.720000 2.220000 -0.520000
vt 0.7812500 0.9687500
vn -1.0000000 -0.0000043 0.0000000
v -0.720000 2.220000 -0.227118
vt 0.7812500 0.9687500
vn -1.0000000 -0.0000043 0.0000000
f 6736/6736/6736 6737/6737/6737 6738/6738/6738
v -0.720000 2.243750 -0.520000
vt 0.7812500 0.9687500
vn 0.0000000 0.0000000 -1.0000000
v 0.720000 2.220000 -0.520000
vt 0.7812500 0.9687500
vn 0.0000000 0.0000000 -1.0000000
v -0.720000 2.220000 -0.520000
vt 0.7812500 0.9687500
vn 0.0000000 0.0000000 -1.0000000
f 6739/6739/6739 6740/6740/6740 6741/6741/6741
v 0.720000 2.220000 -0.520000
vt 0.7812500 0.9687500
vn 1.0000000 -0.0000027 0.0000000
v 0.720000 2.243750 -0.246599
vt 0.7812500 0.9687500
vn 1.0000000 -0.0000027 0.0000000
v 0.720000 2.220000 -0.227118
vt 0.7812500 0.9687500
vn 1.0000000 -0.0000027 0.0000000
f 6742/6742/6742 6743/6743/6743 6744/6744/6744
v 0.720000 2.220000 -0.227118
vt 0.7812500 0.9687500
vn 0.0000000 -0.6341988 -0.7731699
v 1.128492 2.243750 -0.246599
vt 0.7812500 0.9687500
vn 0.0000000 -0.6341988 -0.7731699
v 1.131783 2.220000 -0.227118
vt 0.7812500 0.9687500
vn 0.0000000 -0.6341988 -0.7731699
f 6745/6745/6745 6746/6746/6746 6747/6747/6747
v -1.127184 2.300000 -0.292740
vt 0.7812500 0.9687500
vn 0.0000000 -0.6342061 -0.7731640
v -0.720000 2.243750 -0.246600
vt 0.7812500 0.9687500
vn 0.0000000 -0.6342061 -0.7731640
v -1.128492 2.243750 -0.246600
vt 0.7812500 0.9687500
vn 0.0000000 -0.6342061 -0.7731640
f 6748/6748/6748 6749/6749/6749 6750/6750/6750
v -0.720000 2.300000 -0.292740
vt 0.7812500 0.9687500
vn -1.0000000 -0.0000019 0.0000000
v -0.720000 2.243750 -0.520000
vt 0.7812500 0.9687500
vn -1.0000000 -0.0000019 0.0000000
v -0.720000 2.243750 -0.246600
vt 0.7812500 0.9687500
vn -1.0000000 -0.0000019 0.0000000
f 6751/6751/6751 6752/6752/6752 6753/6753/6753
v -0.720000 2.300000 -0.520000
vt 0.7812500 0.9687500
vn 0.0000000 0.0000000 -0.9999999
v 0.720000 2.243750 -0.520000
vt 0.7812500 0.9687500
vn 0.0000000 0.0000000 -0.9999999
v -0.720000 2.243750 -0.520000
vt 0.7812500 0.9687500
vn 0.0000000 0.0000000 -0.9999999
f 6754/6754/6754 6755/6755/6755 6756/6756/6756
v 0.720000 2.243750 -0.520000
vt 0.7812500 0.9687500
vn 1.0000000 -0.0000015 0.0000000
v 0.720000 2.300000 -0.292740
vt 0.7812500 0.9687500
vn 1.0000000 -0.0000015 0.0000000
v 0.720000 2.243750 -0.246599
vt 0.7812500 0.9687500
vn 1.0000000 -0.0000015 0.0000000
f 6757/6757/6757 6758/6758/6758 6759/6759/6759
v 0.720000 2.243750 -0.246599
vt 0.7812500 0.9687500
vn 0.0000000 -0.6342150 -0.7731567
v 1.127185 2.300000 -0.292740
vt 0.7812500 0.9687500
vn 0.0000000 -0.6342150 -0.7731567
v 1.128492 2.243750 -0.246599
vt 0.7812500 0.9687500
vn 0.0000000 -0.6342150 -0.7731567
f 6760/6760/6760 6761/6761/6761 6762/6762/6762
v -1.127184 2.300000 -0.292740
vt 0.7812500 0.9687500
vn 0.0000000 -0.6342191 -0.7731533
v -0.720000 2.320000 -0.309146
vt 0.7812500 0.9687500
vn 0.0000000 -0.6342191 -0.7731533
v -0.720000 2.300000 -0.292740
vt 0.7812500 0.9687500
vn 0.0000000 -0.6342191 -0.7731533
f 6763/6763/6763 6764/6764/6764 6765/6765/6765
v -0.720000 2.320000 -0.309146
vt 0.7812500 0.9687500
vn -1.0000000 0.0000066 0.0000000
v -0.720000 2.300000 -0.520000
vt 0.7812500 0.9687500
vn -1.0000000 0.0000066 0.0000000
v -0.720000 2.300000 -0.292740
vt 0.7812500 0.9687500
vn -1.0000000 0.0000066 0.0000000
f 6766/6766/6766 6767/6767/6767 6768/6768/6768
v -0.720000 2.320000 -0.520000
vt 0.7812500 0.9687500
vn 0.0000000 0.0000000 -1.0000000
v 0.720000 2.300000 -0.520000
vt 0.7812500 0.9687500
vn 0.0000000 0.0000000 -1.0000000
v -0.720000 2.300000 -0.520000
vt 0.7812500 0.9687500
vn 0.0000000 0.0000000 -1.0000000
f 6769/6769/6769 6770/6770/6770 6771/6771/6771
v 0.720000 2.300000 -0.520000
vt 0.7812500 0.9687500
vn 1.0000000 0.0000008 0.0000000
v 0.720000 2.320000 -0.309145
vt 0.7812500 0.9687500
vn 1.0000000 0.0000008 0.0000000
v 0.720000 2.300000 -0.292740
vt 0.7812500 0.9687500
vn 1.0000000 0.0000008 0.0000000
f 6772/6772/6772 6773/6773/6773 6774/6774/6774
v 0.720000 2.320000 -0.309145
vt 0.7812500 0.9687500
vn 0.0000000 -0.6341972 -0.7731714
v 1.127185 2.300000 -0.292740
vt 0.7812500 0.9687500
vn 0.0000000 -0.6341972 -0.7731714
v 0.720000 2.300000 -0.292740
vt 0.7812500 0.9687500
vn 0.0000000 -0.6341972 -0.7731714
f 6775/6775/6775 6776/6776/6776 6777/6777/6777
v -1.136574 2.325000 -0.316194
vt 0.7812500 0.9687500
vn 0.0000000 -0.8156061 -0.5786074
v -0.720000 2.320000 -0.309146
vt 0.7812500 0.9687500
vn 0.0000000 -0.8156061 -0.5786074
v -1.142597 2.320000 -0.309146
vt 0.7812500 0.9687500
vn 0.0000000 -0.8156061 -0.5786074
f 6778/6778/6778 6779/6779/6779 6780/6780/6780
v -0.720000 2.325000 -0.316194
vt 0.7812500 0.9687500
vn -1.0000000 0.0000000 0.0000000
v -0.720000 2.320000 -0.520000
vt 0.7812500 0.9687500
vn -1.0000000 0.0000000 0.0000000
v -0.720000 2.320000 -0.309146
vt 0.7812500 0.9687500
vn -1.0000000 0.0000000 0.0000000
f 6781/6781/6781 6782/6782/6782 6783/6783/6783
v -0.720000 2.325000 -0.520000
vt 0.7812500 0.9687500
vn 0.0000000 0.0000000 -0.9999999
v 0.720000 2.320000 -0.520000
vt 0.7812500 0.9687500
vn 0.0000000 0.0000000 -0.9999999
v -0.720000 2.320000 -0.520000
vt 0.7812500 0.9687500
vn 0.0000000 0.0000000 -0.9999999
f 6784/6784/6784 6785/6785/6785 6786/6786/6786
v 0.720000 2.320000 -0.520000
vt 0.7812500 0.9687500
vn 1.0000000 0.0000141 0.0000000
v 0.720000 2.325000 -0.316193
vt 0.7812500 0.9687500
vn 1.0000000 0.0000141 0.0000000
v 0.720000 2.320000 -0.309145
vt 0.7812500 0.9687500
vn 1.0000000 0.0000141 0.0000000
f 6787/6787/6787 6788/6788/6788 6789/6789/6789
v 0.720000 2.320000 -0.309145
vt 0.7812500 0.9687500
vn 0.0000000 -0.8155972 -0.5786198
v 1.136575 2.325000 -0.316193
vt 0.7812500 0.9687500
vn 0.0000000 -0.8155972 -0.5786198
v 1.142598 2.320000 -0.309145
vt 0.7812500 0.9687500
vn 0.0000000 -0.8155972 -0.5786198
f 6790/6790/6790 6791/6791/6791 6792/6792/6792
v -1.136574 2.325000 -0.316194
vt 0.7812500 0.9687500
vn 0.0000000 -0.8156278 -0.5785770
v -0.720000 2.330000 -0.323242
vt 0.7812500 0.9687500
vn 0.0000000 -0.8156278 -0.5785770
v -0.720000 2.325000 -0.316194
vt 0.7812500 0.9687500
vn 0.0000000 -0.8156278 -0.5785770
f 6793/6793/6793 6794/6794/6794 6795/6795/6795
v -0.720000 2.330000 -0.323242
vt 0.7812500 0.9687500
vn -1.0000000 0.0000000 0.0000000
v -0.720000 2.325000 -0.520000
vt 0.7812500 0.9687500
vn -1.0000000 0.0000000 0.0000000
v -0.720000 2.325000 -0.316194
vt 0.7812500 0.9687500
vn -1.0000000 0.0000000 0.0000000
f 6796/6796/6796 6797/6797/6797 6798/6798/6798
v -0.720000 2.330000 -0.520000
vt 0.7812500 0.9687500
vn 0.0000000 0.0000000 -1.0000000
v 0.720000 2.325000 -0.520000
vt 0.7812500 0.9687500
vn 0.0000000 0.0000000 -1.0000000
v -0.720000 2.325000 -0.520000
vt 0.7812500 0.9687500
vn 0.0000000 0.0000000 -1.0000000
f 6799/6799/6799 6800/6800/6800 6801/6801/6801
v 0.720000 2.325000 -0.520000
vt 0.7812500 0.9687500
vn 1.0000000 -0.0000018 0.0000000
v 0.720000 2.330000 -0.323241
vt 0.7812500 0.9687500
vn 1.0000000 -0.0000018 0.0000000
v 0.720000 2.325000 -0.316193
vt 0.7812500 0.9687500
vn 1.0000000 -0.0000018 0.0000000
f 6802/6802/6802 6803/6803/6803 6804/6804/6804
v 0.720000 2.330000 -0.323241
vt 0.7812500 0.9687500
vn 0.0000000 -0.8156273 -0.5785778
v 1.136575 2.325000 -0.316193
vt 0.7812500 0.9687500
vn 0.0000000 -0.8156273 -0.5785778
v 0.720000 2.325000 -0.316193
vt 0.7812500 0.9687500
vn 0.0000000 -0.8156273 -0.5785778
f 6805/6805/6805 6806/6806/6806 6807/6807/6807
v -1.133538 2.390000 -0.415797
vt 0.7812500 0.9687500
vn 0.0000000 -0.8391070 -0.5439664
v -0.720000 2.330000 -0.323242
vt 0.7812500 0.9687500
vn 0.0000000 -0.8391070 -0.5439664
v -1.141376 2.330000 -0.323242
vt 0.7812500 0.9687500
vn 0.0000000 -0.8391070 -0.5439664
f 6808/6808/6808 6809/6809/6809 6810/6810/6810
v -0.720000 2.390000 -0.415797
vt 0.7812500 0.9687500
vn -1.0000000 -0.0000025 0.0000000
v -0.720000 2.330000 -0.520000
vt 0.7812500 0.9687500
vn -1.0000000 -0.0000025 0.0000000
v -0.720000 2.330000 -0.323242
vt 0.7812500 0.9687500
vn -1.0000000 -0.0000025 0.0000000
f 6811/6811/6811 6812/6812/6812 6813/6813/6813
v -0.720000 2.390000 -0.520000
vt 0.7812500 0.9687500
vn 0.0000000 0.0000000 -1.0000000
v 0.720000 2.330000 -0.520000
vt 0.7812500 0.9687500
vn 0.0000000 0.0000000 -1.0000000
v -0.720000 2.330000 -0.520000
vt 0.7812500 0.9687500
vn 0.0000000 0.0000000 -1.0000000
f 6814/6814/6814 6815/6815/6815 6816/6816/6816
v 0.720000 2.330000 -0.520000
vt 0.7812500 0.9687500
vn 1.0000000 -0.0000013 0.0000000
v 0.720000 2.390000 -0.415797
vt 0.7812500 0.9687500
vn 1.0000000 -0.0000013 0.0000000
v 0.720000 2.330000 -0.323241
vt 0.7812500 0.9687500
vn 1.0000000 -0.0000013 0.0000000
f 6817/6817/6817 6818/6818/6818 6819/6819/6819
v 0.720000 2.330000 -0.323241
vt 0.7812500 0.9687500
vn 0.0000000 -0.8391098 -0.5439622
v 1.133537 2.390000 -0.415797
vt 0.7812500 0.9687500
vn 0.0000000 -0.8391098 -0.5439622
v 1.141377 2.330000 -0.323241
vt 0.7812500 0.9687500
vn 0.0000000 -0.8391098 -0.5439622
f 6820/6820/6820 6821/6821/6821 6822/6822/6822
v -1.131385 2.400000 -0.443792
vt 0.7812500 0.9687500
vn 0.0000000 -0.9417261 -0.3363805
v -0.720000 2.390000 -0.415797
vt 0.7812500 0.9687500
vn 0.0000000 -0.9417261 -0.3363805
v -1.133538 2.390000 -0.415797
vt 0.7812500 0.9687500
vn 0.0000000 -0.9417261 -0.3363805
f 6823/6823/6823 6824/6824/6824 6825/6825/6825
v -0.720000 2.400000 -0.443792
vt 0.7812500 0.9687500
vn -1.0000000 0.0000000 0.0000000
v -0.720000 2.390000 -0.520000
vt 0.7812500 0.9687500
vn -1.0000000 0.0000000 0.0000000
v -0.720000 2.390000 -0.415797
vt 0.7812500 0.9687500
vn -1.0000000 0.0000000 0.0000000
f 6826/6826/6826 6827/6827/6827 6828/6828/6828
v -0.720000 2.400000 -0.520000
vt 0.7812500 0.9687500
vn 0.0000000 0.0000000 -1.0000000
v 0.720000 2.390000 -0.520000
vt 0.7812500 0.9687500
vn 0.0000000 0.0000000 -1.0000000
v -0.720000 2.390000 -0.520000
vt 0.7812500 0.9687500
vn 0.0000000 0.0000000 -1.0000000
f 6829/6829/6829 6830/6830/6830 6831/6831/6831
v 0.720000 2.390000 -0.520000
vt 0.7812500 0.9687500
vn 1.0000000 0.0000000 0.0000000
v 0.720000 2.400000 -0.443792
vt 0.7812500 0.9687500
vn 1.0000000 0.0000000 0.0000000
v 0.720000 2.390000 -0.415797
vt 0.7812500 0.9687500
vn 1.0000000 0.0000000 0.0000000
f 6832/6832/6832 6833/6833/6833 6834/6834/6834
v 0.720000 2.390000 -0.415797
vt 0.7812500 0.9687500
vn 0.0000000 -0.9417250 -0.3363837
v 1.131383 2.400000 -0.443792
vt 0.7812500 0.9687500
vn 0.0000000 -0.9417250 -0.3363837
v 1.133537 2.390000 -0.415797
vt 0.7812500 0.9687500
vn 0.0000000 -0.9417250 -0.3363837
f 6835/6835/6835 6836/6836/6836 6837/6837/6837
v -1.129188 2.406250 -0.462667
vt 0.7812500 0.9687500
vn 0.0000000 -0.9493119 -0.3143356
v -0.720000 2.400000 -0.443792
vt 0.7812500 0.9687500
vn 0.0000000 -0.9493119 -0.3143356
v -1.131385 2.400000 -0.443792
vt 0.7812500 0.9687500
vn 0.0000000 -0.9493119 -0.3143356
f 6838/6838/6838 6839/6839/6839 6840/6840/6840
v -0.720000 2.406250 -0.462667
vt 0.7812500 0.9687500
vn -1.0000000 0.0000156 0.0000000
v -0.720000 2.400000 -0.520000
vt 0.7812500 0.9687500
vn -1.0000000 0.0000156 0.0000000
v -0.720000 2.400000 -0.443792
vt 0.7812500 0.9687500
vn -1.0000000 0.0000156 0.0000000
f 6841/6841/6841 6842/6842/6842 6843/6843/6843
v -0.720000 2.406250 -0.520000
vt 0.7812500 0.9687500
vn 0.0000000 0.0000000 -1.0000000
v 0.720000 2.400000 -0.520000
vt 0.7812500 0.9687500
vn 0.0000000 0.0000000 -1.0000000
v -0.720000 2.400000 -0.520000
vt 0.7812500 0.9687500
vn 0.0000000 0.0000000 -1.0000000
f 6844/6844/6844 6845/6845/6845 6846/6846/6846
v 0.720000 2.400000 -0.520000
vt 0.7812500 0.9687500
vn 1.0000000 0.0000078 0.0000000
v 0.720000 2.406250 -0.462667
vt 0.7812500 0.9687500
vn 1.0000000 0.0000078 0.0000000
v 0.720000 2.400000 -0.443792
vt 0.7812500 0.9687500
vn 1.0000000 0.0000078 0.0000000
f 6847/6847/6847 6848/6848/6848 6849/6849/6849
v 0.720000 2.400000 -0.443792
vt 0.7812500 0.9687500
vn 0.0000000 -0.9493142 -0.3143287
v 1.129186 2.406250 -0.462667
vt 0.7812500 0.9687500
vn 0.0000000 -0.9493142 -0.3143287
v 1.131383 2.400000 -0.443792
vt 0.7812500 0.9687500
vn 0.0000000 -0.9493142 -0.3143287
f 6850/6850/6850 6851/6851/6851 6852/6852/6852
v -1.128545 2.430000 -0.534394
vt 0.7812500 0.9687500
vn 0.0000000 -0.9493119 -0.3143357
v -0.720000 2.406250 -0.462667
vt 0.7812500 0.9687500
vn 0.0000000 -0.9493119 -0.3143357
v -1.129188 2.406250 -0.462667
vt 0.7812500 0.9687500
vn 0.0000000 -0.9493119 -0.3143357
f 6853/6853/6853 6854/6854/6854 6855/6855/6855
v -0.720000 2.430000 -0.534394
vt 0.7812500 0.9687500
vn -1.0000000 0.0000000 0.0000000
v -0.720000 2.406250 -0.520000
vt 0.7812500 0.9687500
vn -1.0000000 0.0000000 0.0000000
v -0.720000 2.406250 -0.462667
vt 0.7812500 0.9687500
vn -1.0000000 0.0000000 0.0000000
f 6856/6856/6856 6857/6857/6857 6858/6858/6858
v -0.720000 2.430000 -0.520000
vt 0.7812500 0.9687500
vn 0.0000000 0.0000000 -1.0000000
v 0.720000 2.406250 -0.520000
vt 0.7812500 0.9687500
vn 0.0000000 0.0000000 -1.0000000
v -0.720000 2.406250 -0.520000
vt 0.7812500 0.9687500
vn 0.0000000 0.0000000 -1.0000000
f 6859/6859/6859 6860/6860/6860 6861/6861/6861
v 0.720000 2.406250 -0.520000
vt 0.7812500 0.9687500
vn 1.0000000 0.0000000 0.0000000
v 0.720000 2.430000 -0.534393
vt 0.7812500 0.9687500
vn 1.0000000 0.0000000 0.0000000
v 0.720000 2.406250 -0.462667
vt 0.7812500 0.9687500
vn 1.0000000 0.0000000 0.0000000
f 6862/6862/6862 6863/6863/6863 6864/6864/6864
v 0.720000 2.406250 -0.462667
vt 0.7812500 0.9687500
vn 0.0000000 -0.9493105 -0.3143400
v 1.128543 2.430000 -0.534393
vt 0.7812500 0.9687500
vn 0.0000000 -0.9493105 -0.3143400
v 1.129186 2.406250 -0.462667
vt 0.7812500 0.9687500
vn 0.0000000 -0.9493105 -0.3143400
f 6865/6865/6865 6866/6866/6866 6867/6867/6867
v -1.119208 2.440000 -0.567215
vt 0.7812500 0.9687500
vn 0.0000000 -0.9565850 -0.2914531
v -0.720000 2.430000 -0.534394
vt 0.7812500 0.9687500
vn 0.0000000 -0.9565850 -0.2914531
v -1.128545 2.430000 -0.534394
vt 0.7812500 0.9687500
vn 0.0000000 -0.9565850 -0.2914531
f 6868/6868/6868 6869/6869/6869 6870/6870/6870
v -0.720000 2.430000 -0.534394
vt 0.7812500 0.9687500
vn 1.0000000 0.0000000 0.0000000
v -0.720000 2.440000 -0.520000
vt 0.7812500 0.9687500
vn 1.0000000 0.0000000 0.0000000
v -0.720000 2.430000 -0.520000
vt 0.7812500 0.9687500
vn 1.0000000 0.0000000 0.0000000
f 6871/6871/6871 6872/6872/6872 6873/6873/6873
v -0.720000 2.440000 -0.520000
vt 0.7812500 0.9687500
vn 0.0000000 0.0000000 -1.0000000
v 0.720000 2.430000 -0.520000
vt 0.7812500 0.9687500
vn 0.0000000 0.0000000 -1.0000000
v -0.720000 2.430000 -0.520000
vt 0.7812500 0.9687500
vn 0.0000000 0.0000000 -1.0000000
f 6874/6874/6874 6875/6875/6875 6876/6876/6876
v 0.720000 2.440000 -0.520000
vt 0.7812500 0.9687500
vn -1.0000000 0.0000000 0.0000000
v 0.720000 2.430000 -0.534393
vt 0.7812500 0.9687500
vn -1.0000000 0.0000000 0.0000000
v 0.720000 2.430000 -0.520000
vt 0.7812500 0.9687500
vn -1.0000000 0.0000000 0.0000000
f 6877/6877/6877 6878/6878/6878 6879/6879/6879
v 0.720000 2.430000 -0.534393
vt 0.7812500 0.9687500
vn 0.0000000 -0.9565849 -0.2914540
v 1.119208 2.440000 -0.567214
vt 0.7812500 0.9687500
vn 0.0000000 -0.9565849 -0.2914540
v 1.128543 2.430000 -0.534393
vt 0.7812500 0.9687500
vn 0.0000000 -0.9565849 -0.2914540
f 6880/6880/6880 6881/6881/6881 6882/6882/6882
v -1.114751 2.450000 -0.613724
vt 0.7812500 0.9687500
vn 0.0000000 -0.9776567 -0.2102083
v -0.720000 2.440000 -0.567215
vt 0.7812500 0.9687500
vn 0.0000000 -0.9776567 -0.2102083
v -1.119208 2.440000 -0.567215
vt 0.7812500 0.9687500
vn 0.0000000 -0.9776567 -0.2102083
f 6883/6883/6883 6884/6884/6884 6885/6885/6885
v -0.720000 2.440000 -0.567215
vt 0.7812500 0.9687500
vn 1.0000000 0.0000000 0.0000000
v -0.720000 2.450000 -0.520000
vt 0.7812500 0.9687500
vn 1.0000000 0.0000000 0.0000000
v -0.720000 2.440000 -0.520000
vt 0.7812500 0.9687500
vn 1.0000000 0.0000000 0.0000000
f 6886/6886/6886 6887/6887/6887 6888/6888/6888
v -0.720000 2.450000 -0.520000
vt 0.7812500 0.9687500
vn 0.0000000 0.0000000 -0.9999999
v 0.720000 2.440000 -0.520000
vt 0.7812500 0.9687500
vn 0.0000000 0.0000000 -0.9999999
v -0.720000 2.440000 -0.520000
vt 0.7812500 0.9687500
vn 0.0000000 0.0000000 -0.9999999
f 6889/6889/6889 6890/6890/6890 6891/6891/6891
v 0.720000 2.450000 -0.520000
vt 0.7812500 0.9687500
vn -1.0000000 0.0000000 0.0000000
v 0.720000 2.440000 -0.567214
vt 0.7812500 0.9687500
vn -1.0000000 0.0000000 0.0000000
v 0.720000 2.440000 -0.520000
vt 0.7812500 0.9687500
vn -1.0000000 0.0000000 0.0000000
f 6892/6892/6892 6893/6893/6893 6894/6894/6894
v 0.720000 2.440000 -0.567214
vt 0.7812500 0.9687500
vn 0.0000000 -0.9776561 -0.2102110
v 1.114750 2.450000 -0.613723
vt 0.7812500 0.9687500
vn 0.0000000 -0.9776561 -0.2102110
v 1.119208 2.440000 -0.567214
vt 0.7812500 0.9687500
vn 0.0000000 -0.9776561 -0.2102110
f 6895/6895/6895 6896/6896/6896 6897/6897/6897
v -1.107366 2.460000 -0.660232
vt 0.7812500 0.9687500
vn 0.0000000 -0.9776559 -0.2102117
v -0.720000 2.450000 -0.613724
vt 0.7812500 0.9687500
vn 0.0000000 -0.9776559 -0.2102117
v -1.114751 2.450000 -0.613724
vt 0.7812500 0.9687500
vn 0.0000000 -0.9776559 -0.2102117
f 6898/6898/6898 6899/6899/6899 6900/6900/6900
v -0.720000 2.450000 -0.613724
vt 0.7812500 0.9687500
vn 1.0000000 0.0000000 0.0000000
v -0.720000 2.460000 -0.520000
vt 0.7812500 0.9687500
vn 1.0000000 0.0000000 0.0000000
v -0.720000 2.450000 -0.520000
vt 0.7812500 0.9687500
vn 1.0000000 0.0000000 0.0000000
f 6901/6901/6901 6902/6902/6902 6903/6903/6903
v -0.720000 2.460000 -0.520000
vt 0.7812500 0.9687500
vn 0.0000000 0.0000000 -1.0000000
v 0.720000 2.450000 -0.520000
vt 0.7812500 0.9687500
vn 0.0000000 0.0000000 -1.0000000
v -0.720000 2.450000 -0.520000
vt 0.7812500 0.9687500
vn 0.0000000 0.0000000 -1.0000000
f 6904/6904/6904 6905/6905/6905 6906/6906/6906
v 0.720000 2.460000 -0.520000
vt 0.7812500 0.9687500
vn -1.0000000 0.0000000 0.0000000
v 0.720000 2.450000 -0.613723
vt 0.7812500 0.9687500
vn -1.0000000 0.0000000 0.0000000
v 0.720000 2.450000 -0.520000
vt 0.7812500 0.9687500
vn -1.0000000 0.0000000 0.0000000
f 6907/6907/6907 6908/6908/6908 6909/6909/6909
v 0.720000 2.450000 -0.613723
vt 0.7812500 0.9687500
vn 0.0000000 -0.9776568 -0.2102074
v 1.107366 2.460000 -0.660231
vt 0.7812500 0.9687500
vn 0.0000000 -0.9776568 -0.2102074
v 1.114750 2.450000 -0.613723
vt 0.7812500 0.9687500
vn 0.0000000 -0.9776568 -0.2102074
f 6910/6910/6910 6911/6911/6911 6912/6912/6912
v -1.107366 2.460000 -0.660232
vt 0.7812500 0.9687500
vn 0.0000000 -0.9034389 -0.4287168
v -0.720000 2.470000 -0.681306
vt 0.7812500 0.9687500
vn 0.0000000 -0.9034389 -0.4287168
v -0.720000 2.460000 -0.660232
vt 0.7812500 0.9687500
vn 0.0000000 -0.9034389 -0.4287168
f 6913/6913/6913 6914/6914/6914 6915/6915/6915
v -0.720000 2.460000 -0.660232
vt 0.7812500 0.9687500
vn 1.0000000 0.0000000 0.0000000
v -0.720000 2.470000 -0.520000
vt 0.7812500 0.9687500
vn 1.0000000 0.0000000 0.0000000
v -0.720000 2.460000 -0.520000
vt 0.7812500 0.9687500
vn 1.0000000 0.0000000 0.0000000
f 6916/6916/6916 6917/6917/6917 6918/6918/6918
v -0.720000 2.470000 -0.520000
vt 0.7812500 0.9687500
vn 0.0000000 0.0000000 -0.9999999
v 0.720000 2.460000 -0.520000
vt 0.7812500 0.9687500
vn 0.0000000 0.0000000 -0.9999999
v -0.720000 2.460000 -0.520000
vt 0.7812500 0.9687500
vn 0.0000000 0.0000000 -0.9999999
f 6919/6919/6919 6920/6920/6920 6921/6921/6921
v 0.720000 2.470000 -0.520000
vt 0.7812500 0.9687500
vn -1.0000000 0.0000000 0.0000000
v 0.720000 2.460000 -0.660231
vt 0.7812500 0.9687500
vn -1.0000000 0.0000000 0.0000000
v 0.720000 2.460000 -0.520000
vt 0.7812500 0.9687500
vn -1.0000000 0.0000000 0.0000000
f 6922/6922/6922 6923/6923/6923 6924/6924/6924
v 0.720000 2.470000 -0.681306
vt 0.7812500 0.9687500
vn 0.0000000 -0.9034469 -0.4287000
v 1.107366 2.460000 -0.660231
vt 0.7812500 0.9687500
vn 0.0000000 -0.9034469 -0.4287000
v 0.720000 2.460000 -0.660231
vt 0.7812500 0.9687500
vn 0.0000000 -0.9034469 -0.4287000
f 6925/6925/6925 6926/6926/6926 6927/6927/6927
v -1.112206 2.480000 -0.687922
vt 0.7812500 0.9687500
vn 0.0000000 -0.5517850 -0.8339865
v -0.720000 2.470000 -0.681306
vt 0.7812500 0.9687500
vn 0.0000000 -0.5517850 -0.8339865
v -1.117315 2.470000 -0.681306
vt 0.7812500 0.9687500
vn 0.0000000 -0.5517850 -0.8339865
f 6928/6928/6928 6929/6929/6929 6930/6930/6930
v -0.720000 2.470000 -0.681306
vt 0.7812500 0.9687500
vn 0.9999999 0.0000000 0.0000000
v -0.720000 2.480000 -0.520000
vt 0.7812500 0.9687500
vn 0.9999999 0.0000000 0.0000000
v -0.720000 2.470000 -0.520000
vt 0.7812500 0.9687500
vn 0.9999999 0.0000000 0.0000000
f 6931/6931/6931 6932/6932/6932 6933/6933/6933
v -0.720000 2.480000 -0.520000
vt 0.7812500 0.9687500
vn 0.0000000 0.0000000 -1.0000000
v 0.720000 2.470000 -0.520000
vt 0.7812500 0.9687500
vn 0.0000000 0.0000000 -1.0000000
v -0.720000 2.470000 -0.520000
vt 0.7812500 0.9687500
vn 0.0000000 0.0000000 -1.0000000
f 6934/6934/6934 6935/6935/6935 6936/6936/6936
v 0.720000 2.480000 -0.520000
vt 0.7812500 0.9687500
vn -0.9999999 0.0000000 0.0000000
v 0.720000 2.470000 -0.681306
vt 0.7812500 0.9687500
vn -0.9999999 0.0000000 0.0000000
v 0.720000 2.470000 -0.520000
vt 0.7812500 0.9687500
vn -0.9999999 0.0000000 0.0000000
f 6937/6937/6937 6938/6938/6938 6939/6939/6939
v 0.720000 2.470000 -0.681306
vt 0.7812500 0.9687500
vn 0.0000000 -0.5517250 -0.8340262
v 1.112206 2.480000 -0.687921
vt 0.7812500 0.9687500
vn 0.0000000 -0.5517250 -0.8340262
v 1.117315 2.470000 -0.681306
vt 0.7812500 0.9687500
vn 0.0000000 -0.5517250 -0.8340262
f 6940/6940/6940 6941/6941/6941 6942/6942/6942
v -1.093280 2.487500 -0.730000
vt 0.7812500 0.9687500
vn 0.0000000 -0.9844857 -0.1754647
v -0.720000 2.480000 -0.687922
vt 0.7812500 0.9687500
vn 0.0000000 -0.9844857 -0.1754647
v -1.112206 2.480000 -0.687922
vt 0.7812500 0.9687500
vn 0.0000000 -0.9844857 -0.1754647
f 6943/6943/6943 6944/6944/6944 6945/6945/6945
v -0.720000 2.480000 -0.687922
vt 0.7812500 0.9687500
vn 0.0000000 0.0000000 1.0000000
v -0.720000 2.480000 -0.730000
vt 0.7812500 0.9687500
vn 0.0000000 0.0000000 1.0000000
v -0.720000 2.480000 -0.520000
vt 0.7812500 0.9687500
vn 0.0000000 0.0000000 1.0000000
f 6946/6946/6946 6947/6947/6947 6948/6948/6948
v 0.720000 2.480000 -0.520000
vt 0.7812500 0.9687500
vn 0.0000000 -1.0000000 0.0000000
v 0.720000 2.480000 -0.730000
vt 0.7812500 0.9687500
vn 0.0000000 -1.0000000 0.0000000
v 0.720000 2.480000 -0.687921
vt 0.7812500 0.9687500
vn 0.0000000 -1.0000000 0.0000000
f 6949/6949/6949 6950/6950/6950 6951/6951/6951
v 0.720000 2.480000 -0.687921
vt 0.7812500 0.9687500
vn 0.0000000 -0.9844865 -0.1754605
v 1.093283 2.487500 -0.730000
vt 0.7812500 0.9687500
vn 0.0000000 -0.9844865 -0.1754605
v 1.112206 2.480000 -0.687921
vt 0.7812500 0.9687500
vn 0.0000000 -0.9844865 -0.1754605
f 6952/6952/6952 6953/6953/6953 6954/6954/6954
v -1.093280 2.487500 -0.730000
vt 0.7812500 0.9687500
vn 0.0000000 0.0000000 -1.0000000
v -1.055466 2.550000 -0.730000
vt 0.7812500 0.9687500
vn 0.0000000 0.0000000 -1.0000000
v -0.720000 2.480000 -0.730000
vt 0.7812500 0.9687500
vn 0.0000000 0.0000000 -1.0000000
f 6955/6955/6955 6956/6956/6956 6957/6957/6957
v 0.720000 2.480000 -0.730000
vt 0.7812500 0.9687500
vn 0.0000000 0.0000000 -1.0000000
v 1.055467 2.550000 -0.730000
vt 0.7812500 0.9687500
vn 0.0000000 0.0000000 -1.0000000
v 1.093283 2.487500 -0.730000
vt 0.7812500 0.9687500
vn 0.0000000 0.0000000 -1.0000000
f 6958/6958/6958 6959/6959/6959 6960/6960/6960
v -1.055466 2.550000 -0.730000
vt 0.7812500 0.9687500
vn 0.0000000 0.0000000 -1.0000000
v -1.040750 2.568750 -0.730000
vt 0.7812500 0.9687500
vn 0.0000000 0.0000000 -1.0000000
v -0.720000 2.480000 -0.730000
vt 0.7812500 0.9687500
vn 0.0000000 0.0000000 -1.0000000
f 6961/6961/6961 6962/6962/6962 6963/6963/6963
v 0.720000 2.480000 -0.730000
vt 0.7812500 0.9687500
vn 0.0000000 0.0000000 -1.0000000
v 1.040750 2.568750 -0.730000
vt 0.7812500 0.9687500
vn 0.0000000 0.0000000 -1.0000000
v 1.055467 2.550000 -0.730000
vt 0.7812500 0.9687500
vn 0.0000000 0.0000000 -1.0000000
f 6964/6964/6964 6965/6965/6965 6966/6966/6966
v -1.040750 2.568750 -0.730000
vt 0.7812500 0.9687500
vn 0.0000000 0.0000000 -1.0000000
v -1.010016 2.600000 -0.730000
vt 0.7812500 0.9687500
vn 0.0000000 0.0000000 -1.0000000
v -0.720000 2.480000 -0.730000
vt 0.7812500 0.9687500
vn 0.0000000 0.0000000 -1.0000000
f 6967/6967/6967 6968/6968/6968 6969/6969/6969
v 0.720000 2.480000 -0.730000
vt 0.7812500 0.9687500
vn 0.0000000 0.0000000 -1.0000000
v 1.010016 2.600000 -0.730000
vt 0.7812500 0.9687500
vn 0.0000000 0.0000000 -1.0000000
v 1.040750 2.568750 -0.730000
vt 0.7812500 0.9687500
vn 0.0000000 0.0000000 -1.0000000
f 6970/6970/6970 6971/6971/6971 6972/6972/6972
v -1.010016 2.600000 -0.730000
vt 0.7812500 0.9687500
vn 0.0000000 0.0000000 -0.9999999
v -0.941375 2.650000 -0.730000
vt 0.7812500 0.9687500
vn 0.0000000 0.0000000 -0.9999999
v -0.720000 2.480000 -0.730000
vt 0.7812500 0.9687500
vn 0.0000000 0.0000000 -0.9999999
f 6973/6973/6973 6974/6974/6974 6975/6975/6975
v 0.720000 2.480000 -0.730000
vt 0.7812500 0.9687500
vn 0.0000000 0.0000000 -1.0000000
v 0.941375 2.650000 -0.730000
vt 0.7812500 0.9687500
vn 0.0000000 0.0000000 -1.0000000
v 1.010016 2.600000 -0.730000
vt 0.7812500 0.9687500
vn 0.0000000 0.0000000 -1.0000000
f 6976/6976/6976 6977/6977/6977 6978/6978/6978
v 0.720000 2.480000 -0.730000
vt 0.7812500 0.9687500
vn 0.0000000 -0.9999999 0.0000000
v -0.720000 2.480000 -0.520000
vt 0.7812500 0.9687500
vn 0.0000000 -0.9999999 0.0000000
v -0.720000 2.480000 -0.730000
vt 0.7812500 0.9687500
vn 0.0000000 -0.9999999 0.0000000
f 6979/6979/6979 6980/6980/6980 6981/6981/6981
v -1.045000 -2.500000 -0.550000
vt 0.7812500 0.9687500
vn 0.0000000 -0.2873476 -0.9578264
v -1.060000 -2.300000 -0.610000
vt 0.7812500 0.9687500
vn 0.0000000 -0.2873476 -0.9578264
v -0.720000 -2.300000 -0.610000
vt 0.7812500 0.9687500
vn 0.0000000 -0.2873476 -0.9578264
f 6982/6982/6982 6983/6983/6983 6984/6984/6984
v -0.720000 -2.300000 -0.520000
vt 0.7812500 0.9687500
vn 0.0000000 0.0000000 -1.0000000
v 0.720000 -2.300000 -0.520000
vt 0.7812500 0.9687500
vn 0.0000000 0.0000000 -1.0000000
v 0.720000 -2.580000 -0.520000
vt 0.7812500 0.9687500
vn 0.0000000 0.0000000 -1.0000000
f 6985/6985/6985 6986/6986/6986 6987/6987/6987
v 0.720000 -2.300000 -0.610000
vt 0.7812500 0.9687500
vn 0.0000000 -0.2873475 -0.9578264
v 1.060000 -2.300000 -0.610000
vt 0.7812500 0.9687500
vn 0.0000000 -0.2873475 -0.9578264
v 1.045000 -2.500000 -0.550000
vt 0.7812500 0.9687500
vn 0.0000000 -0.2873475 -0.9578264
f 6988/6988/6988 6989/6989/6989 6990/6990/6990
v -1.060000 -2.300000 -0.610000
vt 0.7812500 0.9687500
vn 0.0000000 -0.2740864 -0.9617050
v -1.075000 -2.100000 -0.667000
vt 0.7812500 0.9687500
vn 0.0000000 -0.2740864 -0.9617050
v -0.720000 -2.100000 -0.667000
vt 0.7812500 0.9687500
vn 0.0000000 -0.2740864 -0.9617050
f 6991/6991/6991 6992/6992/6992 6993/6993/6993
v -0.720000 -2.300000 -0.610000
vt 0.7812500 0.9687500
vn 1.0000000 0.0000000 0.0000000
v -0.720000 -2.100000 -0.667000
vt 0.7812500 0.9687500
vn 1.0000000 0.0000000 0.0000000
v -0.720000 -2.100000 -0.520000
vt 0.7812500 0.9687500
vn 1.0000000 0.0000000 0.0000000
f 6994/6994/6994 6995/6995/6995 6996/6996/6996
v -0.720000 -2.100000 -0.520000
vt 0.7812500 0.9687500
vn 0.0000000 0.0000000 -1.0000000
v 0.720000 -2.100000 -0.520000
vt 0.7812500 0.9687500
vn 0.0000000 0.0000000 -1.0000000
v 0.720000 -2.300000 -0.520000
vt 0.7812500 0.9687500
vn 0.0000000 0.0000000 -1.0000000
f 6997/6997/6997 6998/6998/6998 6999/6999/6999
v 0.720000 -2.100000 -0.520000
vt 0.7812500 0.9687500
vn -1.0000000 0.0000000 0.0000000
v 0.720000 -2.100000 -0.667000
vt 0.7812500 0.9687500
vn -1.0000000 0.0000000 0.0000000
v 0.720000 -2.300000 -0.610000
vt 0.7812500 0.9687500
vn -1.0000000 0.0000000 0.0000000
f 7000/7000/7000 7001/7001/7001 7002/7002/7002
v 0.720000 -2.100000 -0.667000
vt 0.7812500 0.9687500
vn 0.0000000 -0.2740864 -0.9617050
v 1.075000 -2.100000 -0.667000
vt 0.7812500 0.9687500
vn 0.0000000 -0.2740864 -0.9617050
v 1.060000 -2.300000 -0.610000
vt 0.7812500 0.9687500
vn 0.0000000 -0.2740864 -0.9617050
f 7003/7003/7003 7004/7004/7004 7005/7005/7005
v -1.075000 -2.000000 -0.695000
vt 0.7812500 0.9687500
vn 0.0000000 -0.2696304 -0.9629639
v -0.720000 -2.000000 -0.695000
vt 0.7812500 0.9687500
vn 0.0000000 -0.2696304 -0.9629639
v -0.720000 -2.100000 -0.667000
vt 0.7812500 0.9687500
vn 0.0000000 -0.2696304 -0.9629639
f 7006/7006/7006 7007/7007/7007 7008/7008/7008
v -0.720000 -2.100000 -0.667000
vt 0.7812500 0.9687500
vn 1.0000000 0.0000000 0.0000000
v -0.720000 -2.000000 -0.695000
vt 0.7812500 0.9687500
vn 1.0000000 0.0000000 0.0000000
v -0.720000 -2.000000 -0.520000
vt 0.7812500 0.9687500
vn 1.0000000 0.0000000 0.0000000
f 7009/7009/7009 7010/7010/7010 7011/7011/7011
v -0.720000 -2.000000 -0.520000
vt 0.7812500 0.9687500
vn 0.0000000 0.0000000 -1.0000000
v 0.720000 -2.000000 -0.520000
vt 0.7812500 0.9687500
vn 0.0000000 0.0000000 -1.0000000
v 0.720000 -2.100000 -0.520000
vt 0.7812500 0.9687500
vn 0.0000000 0.0000000 -1.0000000
f 7012/7012/7012 7013/7013/7013 7014/7014/7014
v 0.720000 -2.000000 -0.520000
vt 0.7812500 0.9687500
vn -1.0000000 0.0000006 0.0000000
v 0.720000 -2.000000 -0.695000
vt 0.7812500 0.9687500
vn -1.0000000 0.0000006 0.0000000
v 0.720000 -2.100000 -0.667000
vt 0.7812500 0.9687500
vn -1.0000000 0.0000006 0.0000000
f 7015/7015/7015 7016/7016/7016 7017/7017/7017
v 0.720000 -2.000000 -0.695000
vt 0.7812500 0.9687500
vn 0.0000000 -0.2696305 -0.9629638
v 1.075000 -2.000000 -0.695000
vt 0.7812500 0.9687500
vn 0.0000000 -0.2696305 -0.9629638
v 1.075000 -2.100000 -0.667000
vt 0.7812500 0.9687500
vn 0.0000000 -0.2696305 -0.9629638
f 7018/7018/7018 7019/7019/7019 7020/7020/7020
v -1.075000 -1.950000 -0.709000
vt 0.7812500 0.9687500
vn 0.0000000 -0.2696312 -0.9629636
v -0.720000 -1.950000 -0.709000
vt 0.7812500 0.9687500
vn 0.0000000 -0.2696312 -0.9629636
v -0.720000 -2.000000 -0.695000
vt 0.7812500 0.9687500
vn 0.0000000 -0.2696312 -0.9629636
f 7021/7021/7021 7022/7022/7022 7023/7023/7023
v -0.720000 -2.000000 -0.695000
vt 0.7812500 0.9687500
vn 1.0000000 0.0000000 0.0000000
v -0.720000 -1.950000 -0.709000
vt 0.7812500 0.9687500
vn 1.0000000 0.0000000 0.0000000
v -0.720000 -1.950000 -0.520000
vt 0.7812500 0.9687500
vn 1.0000000 0.0000000 0.0000000
f 7024/7024/7024 7025/7025/7025 7026/7026/7026
v -0.720000 -1.950000 -0.520000
vt 0.7812500 0.9687500
vn 0.0000000 0.0000000 -1.0000000
v 0.720000 -1.950000 -0.520000
vt 0.7812500 0.9687500
vn 0.0000000 0.0000000 -1.0000000
v 0.720000 -2.000000 -0.520000
vt 0.7812500 0.9687500
vn 0.0000000 0.0000000 -1.0000000
f 7027/7027/7027 7028/7028/7028 7029/7029/7029
v 0.720000 -1.950000 -0.520000
vt 0.7812500 0.9687500
vn -1.0000000 -0.0000010 0.0000000
v 0.720000 -1.950000 -0.709000
vt 0.7812500 0.9687500
vn -1.0000000 -0.0000010 0.0000000
v 0.720000 -2.000000 -0.695000
vt 0.7812500 0.9687500
vn -1.0000000 -0.0000010 0.0000000
f 7030/7030/7030 7031/7031/7031 7032/7032/7032
v 0.720000 -1.950000 -0.709000
vt 0.7812500 0.9687500
vn 0.0000000 -0.2696313 -0.9629636
v 1.075000 -1.950000 -0.709000
vt 0.7812500 0.9687500
vn 0.0000000 -0.2696313 -0.9629636
v 1.075000 -2.000000 -0.695000
vt 0.7812500 0.9687500
vn 0.0000000 -0.2696313 -0.9629636
f 7033/7033/7033 7034/7034/7034 7035/7035/7035
v -1.075000 -1.950000 -0.709000
vt 0.7812500 0.9687500
vn 0.0000000 0.3026313 -0.9531077
v -1.130000 -1.900000 -0.693124
vt 0.7812500 0.9687500
vn 0.0000000 0.3026313 -0.9531077
v -0.720000 -1.900000 -0.693124
vt 0.7812500 0.9687500
vn 0.0000000 0.3026313 -0.9531077
f 7036/7036/7036 7037/7037/7037 7038/7038/7038
v -0.720000 -1.900000 -0.693124
vt 0.7812500 0.9687500
vn 1.0000000 0.0000000 0.0000000
v -0.720000 -1.900000 -0.520000
vt 0.7812500 0.9687500
vn 1.0000000 0.0000000 0.0000000
v -0.720000 -1.950000 -0.520000
vt 0.7812500 0.9687500
vn 1.0000000 0.0000000 0.0000000
f 7039/7039/7039 7040/7040/7040 7041/7041/7041
v -0.720000 -1.900000 -0.520000
vt 0.7812500 0.9687500
vn 0.0000000 0.0000000 -1.0000000
v 0.720000 -1.900000 -0.520000
vt 0.7812500 0.9687500
vn 0.0000000 0.0000000 -1.0000000
v 0.720000 -1.950000 -0.520000
vt 0.7812500 0.9687500
vn 0.0000000 0.0000000 -1.0000000
f 7042/7042/7042 7043/7043/7043 7044/7044/7044
v 0.720000 -1.950000 -0.520000
vt 0.7812500 0.9687500
vn -1.0000000 0.0000000 0.0000000
v 0.720000 -1.900000 -0.520000
vt 0.7812500 0.9687500
vn -1.0000000 0.0000000 0.0000000
v 0.720000 -1.900000 -0.693126
vt 0.7812500 0.9687500
vn -1.0000000 0.0000000 0.0000000
f 7045/7045/7045 7046/7046/7046 7047/7047/7047
v 0.720000 -1.900000 -0.693126
vt 0.7812500 0.9687500
vn 0.0000000 0.3025963 -0.9531188
v 1.130000 -1.900000 -0.693126
vt 0.7812500 0.9687500
vn 0.0000000 0.3025963 -0.9531188
v 1.075000 -1.950000 -0.709000
vt 0.7812500 0.9687500
vn 0.0000000 0.3025963 -0.9531188
f 7048/7048/7048 7049/7049/7049 7050/7050/7050
v -1.130000 -1.890000 -0.646976
vt 0.7812500 0.9687500
vn 0.0000000 0.9773180 -0.2117773
v -0.720000 -1.890000 -0.646976
vt 0.7812500 0.9687500
vn 0.0000000 0.9773180 -0.2117773
v -0.720000 -1.900000 -0.693124
vt 0.7812500 0.9687500
vn 0.0000000 0.9773180 -0.2117773
f 7051/7051/7051 7052/7052/7052 7053/7053/7053
v -0.720000 -1.890000 -0.646976
vt 0.7812500 0.9687500
vn 1.0000000 0.0000000 0.0000000
v -0.720000 -1.890000 -0.520000
vt 0.7812500 0.9687500
vn 1.0000000 0.0000000 0.0000000
v -0.720000 -1.900000 -0.520000
vt 0.7812500 0.9687500
vn 1.0000000 0.0000000 0.0000000
f 7054/7054/7054 7055/7055/7055 7056/7056/7056
v -0.720000 -1.890000 -0.520000
vt 0.7812500 0.9687500
vn 0.0000000 0.0000000 -1.0000000
v 0.720000 -1.890000 -0.520000
vt 0.7812500 0.9687500
vn 0.0000000 0.0000000 -1.0000000
v 0.720000 -1.900000 -0.520000
vt 0.7812500 0.9687500
vn 0.0000000 0.0000000 -1.0000000
f 7057/7057/7057 7058/7058/7058 7059/7059/7059
v 0.720000 -1.900000 -0.520000
vt 0.7812500 0.9687500
vn -1.0000000 0.0000000 0.0000000
v 0.720000 -1.890000 -0.520000
vt 0.7812500 0.9687500
vn -1.0000000 0.0000000 0.0000000
v 0.720000 -1.890000 -0.646977
vt 0.7812500 0.9687500
vn -1.0000000 0.0000000 0.0000000
f 7060/7060/7060 7061/7061/7061 7062/7062/7062
v 0.720000 -1.890000 -0.646977
vt 0.7812500 0.9687500
vn 0.0000000 0.9773190 -0.2117729
v 1.130000 -1.890000 -0.646977
vt 0.7812500 0.9687500
vn 0.0000000 0.9773190 -0.2117729
v 1.130000 -1.900000 -0.693126
vt 0.7812500 0.9687500
vn 0.0000000 0.9773190 -0.2117729
f 7063/7063/7063 7064/7064/7064 7065/7065/7065
v -1.130000 -1.860000 -0.515031
vt 0.7812500 0.9687500
vn 0.0000000 0.9751128 -0.2217092
v -0.720000 -1.860000 -0.515031
vt 0.7812500 0.9687500
vn 0.0000000 0.9751128 -0.2217092
v -0.720000 -1.890000 -0.646976
vt 0.7812500 0.9687500
vn 0.0000000 0.9751128 -0.2217092
f 7066/7066/7066 7067/7067/7067 7068/7068/7068
v -0.720000 -1.860000 -0.515031
vt 0.7812500 0.9687500
vn -1.0000000 0.0000000 0.0000000
v -0.720000 -1.860000 -0.520000
vt 0.7812500 0.9687500
vn -1.0000000 0.0000000 0.0000000
v -0.720000 -1.890000 -0.520000
vt 0.7812500 0.9687500
vn -1.0000000 0.0000000 0.0000000
f 7069/7069/7069 7070/7070/7070 7071/7071/7071
v -0.720000 -1.860000 -0.520000
vt 0.7812500 0.9687500
vn 0.0000000 0.0000000 -1.0000000
v 0.720000 -1.860000 -0.520000
vt 0.7812500 0.9687500
vn 0.0000000 0.0000000 -1.0000000
v 0.720000 -1.890000 -0.520000
vt 0.7812500 0.9687500
vn 0.0000000 0.0000000 -1.0000000
f 7072/7072/7072 7073/7073/7073 7074/7074/7074
v 0.720000 -1.890000 -0.520000
vt 0.7812500 0.9687500
vn 1.0000000 0.0000000 0.0000000
v 0.720000 -1.860000 -0.520000
vt 0.7812500 0.9687500
vn 1.0000000 0.0000000 0.0000000
v 0.720000 -1.860000 -0.515032
vt 0.7812500 0.9687500
vn 1.0000000 0.0000000 0.0000000
f 7075/7075/7075 7076/7076/7076 7077/7077/7077
v 0.720000 -1.860000 -0.515032
vt 0.7812500 0.9687500
vn 0.0000000 0.9751128 -0.2217092
v 1.130000 -1.860000 -0.515032
vt 0.7812500 0.9687500
vn 0.0000000 0.9751128 -0.2217092
v 1.130000 -1.890000 -0.646977
vt 0.7812500 0.9687500
vn 0.0000000 0.9751128 -0.2217092
f 7078/7078/7078 7079/7079/7079 7080/7080/7080
v -1.130000 -1.850000 -0.483936
vt 0.7812500 0.9687500
vn 0.0000000 0.9519804 -0.3061589
v -0.720000 -1.850000 -0.483936
vt 0.7812500 0.9687500
vn 0.0000000 0.9519804 -0.3061589
v -0.720000 -1.860000 -0.515031
vt 0.7812500 0.9687500
vn 0.0000000 0.9519804 -0.3061589
f 7081/7081/7081 7082/7082/7082 7083/7083/7083
v -0.720000 -1.860000 -0.515031
vt 0.7812500 0.9687500
vn -1.0000000 0.0000000 0.0000000
v -0.720000 -1.850000 -0.483936
vt 0.7812500 0.9687500
vn -1.0000000 0.0000000 0.0000000
v -0.720000 -1.850000 -0.520000
vt 0.7812500 0.9687500
vn -1.0000000 0.0000000 0.0000000
f 7084/7084/7084 7085/7085/7085 7086/7086/7086
v -0.720000 -1.850000 -0.520000
vt 0.7812500 0.9687500
vn 0.0000000 0.0000000 -1.0000000
v 0.720000 -1.850000 -0.520000
vt 0.7812500 0.9687500
vn 0.0000000 0.0000000 -1.0000000
v 0.720000 -1.860000 -0.520000
vt 0.7812500 0.9687500
vn 0.0000000 0.0000000 -1.0000000
f 7087/7087/7087 7088/7088/7088 7089/7089/7089
v 0.720000 -1.850000 -0.520000
vt 0.7812500 0.9687500
vn 1.0000000 0.0000000 0.0000000
v 0.720000 -1.850000 -0.483936
vt 0.7812500 0.9687500
vn 1.0000000 0.0000000 0.0000000
v 0.720000 -1.860000 -0.515032
vt 0.7812500 0.9687500
vn 1.0000000 0.0000000 0.0000000
f 7090/7090/7090 7091/7091/7091 7092/7092/7092
v 0.720000 -1.850000 -0.483936
vt 0.7812500 0.9687500
vn 0.0000000 0.9519834 -0.3061499
v 1.130000 -1.850000 -0.483936
vt 0.7812500 0.9687500
vn 0.0000000 0.9519834 -0.3061499
v 1.130000 -1.860000 -0.515032
vt 0.7812500 0.9687500
vn 0.0000000 0.9519834 -0.3061499
f 7093/7093/7093 7094/7094/7094 7095/7095/7095
v -1.130000 -1.800000 -0.379186
vt 0.7812500 0.9687500
vn 0.0000000 0.9024615 -0.4307705
v -0.720000 -1.800000 -0.379186
vt 0.7812500 0.9687500
vn 0.0000000 0.9024615 -0.4307705
v -0.720000 -1.850000 -0.483936
vt 0.7812500 0.9687500
vn 0.0000000 0.9024615 -0.4307705
f 7096/7096/7096 7097/7097/7097 7098/7098/7098
v -0.720000 -1.850000 -0.483936
vt 0.7812500 0.9687500
vn -1.0000000 0.0000000 0.0000000
v -0.720000 -1.800000 -0.379186
vt 0.7812500 0.9687500
vn -1.0000000 0.0000000 0.0000000
v -0.720000 -1.800000 -0.520000
vt 0.7812500 0.9687500
vn -1.0000000 0.0000000 0.0000000
f 7099/7099/7099 7100/7100/7100 7101/7101/7101
v -0.720000 -1.800000 -0.520000
vt 0.7812500 0.9687500
vn 0.0000000 0.0000000 -1.0000000
v 0.720000 -1.800000 -0.520000
vt 0.7812500 0.9687500
vn 0.0000000 0.0000000 -1.0000000
v 0.720000 -1.850000 -0.520000
vt 0.7812500 0.9687500
vn 0.0000000 0.0000000 -1.0000000
f 7102/7102/7102 7103/7103/7103 7104/7104/7104
v 0.720000 -1.800000 -0.520000
vt 0.7812500 0.9687500
vn 1.0000000 -0.0000021 0.0000000
v 0.720000 -1.800000 -0.379187
vt 0.7812500 0.9687500
vn 1.0000000 -0.0000021 0.0000000
v 0.720000 -1.850000 -0.483936
vt 0.7812500 0.9687500
vn 1.0000000 -0.0000021 0.0000000
f 7105/7105/7105 7106/7106/7106 7107/7107/7107
v 0.720000 -1.800000 -0.379187
vt 0.7812500 0.9687500
vn 0.0000000 0.9024599 -0.4307738
v 1.130000 -1.800000 -0.379187
vt 0.7812500 0.9687500
vn 0.0000000 0.9024599 -0.4307738
v 1.130000 -1.850000 -0.483936
vt 0.7812500 0.9687500
vn 0.0000000 0.9024599 -0.4307738
f 7108/7108/7108 7109/7109/7109 7110/7110/7110
v -1.130000 -1.790000 -0.359716
vt 0.7812500 0.9687500
vn 0.0000000 0.8895335 -0.4568700
v -0.720000 -1.790000 -0.359716
vt 0.7812500 0.9687500
vn 0.0000000 0.8895335 -0.4568700
v -0.720000 -1.800000 -0.379186
vt 0.7812500 0.9687500
vn 0.0000000 0.8895335 -0.4568700
f 7111/7111/7111 7112/7112/7112 7113/7113/7113
v -0.720000 -1.800000 -0.379186
vt 0.7812500 0.9687500
vn -1.0000000 0.0000000 0.0000000
v -0.720000 -1.790000 -0.359716
vt 0.7812500 0.9687500
vn -1.0000000 0.0000000 0.0000000
v -0.720000 -1.790000 -0.520000
vt 0.7812500 0.9687500
vn -1.0000000 0.0000000 0.0000000
f 7114/7114/7114 7115/7115/7115 7116/7116/7116
v -0.720000 -1.790000 -0.520000
vt 0.7812500 0.9687500
vn 0.0000000 0.0000000 -1.0000000
v 0.720000 -1.790000 -0.520000
vt 0.7812500 0.9687500
vn 0.0000000 0.0000000 -1.0000000
v 0.720000 -1.800000 -0.520000
vt 0.7812500 0.9687500
vn 0.0000000 0.0000000 -1.0000000
f 7117/7117/7117 7118/7118/7118 7119/7119/7119
v 0.720000 -1.790000 -0.520000
vt 0.7812500 0.9687500
vn 1.0000000 0.0000046 0.0000000
v 0.720000 -1.790000 -0.359716
vt 0.7812500 0.9687500
vn 1.0000000 0.0000046 0.0000000
v 0.720000 -1.800000 -0.379187
vt 0.7812500 0.9687500
vn 1.0000000 0.0000046 0.0000000
f 7120/7120/7120 7121/7121/7121 7122/7122/7122
v 0.720000 -1.790000 -0.359716
vt 0.7812500 0.9687500
vn 0.0000000 0.8895428 -0.4568517
v 1.130000 -1.790000 -0.359716
vt 0.7812500 0.9687500
vn 0.0000000 0.8895428 -0.4568517
v 1.130000 -1.800000 -0.379187
vt 0.7812500 0.9687500
vn 0.0000000 0.8895428 -0.4568517
f 7123/7123/7123 7124/7124/7124 7125/7125/7125
v -1.130000 -1.790000 -0.359716
vt 0.7812500 0.9687500
vn -0.0492058 0.7992208 -0.5990199
v -1.130000 -1.720000 -0.266321
vt 0.7812500 0.9687500
vn -0.0492058 0.7992208 -0.5990199
v -0.720000 -1.720000 -0.300000
vt 0.7812500 0.9687500
vn -0.0492058 0.7992208 -0.5990199
f 7126/7126/7126 7127/7127/7127 7128/7128/7128
v -0.720000 -1.790000 -0.359716
vt 0.7812500 0.9687500
vn -1.0000000 0.0000000 0.0000000
v -0.720000 -1.720000 -0.300000
vt 0.7812500 0.9687500
vn -1.0000000 0.0000000 0.0000000
v -0.720000 -1.720000 -0.520000
vt 0.7812500 0.9687500
vn -1.0000000 0.0000000 0.0000000
f 7129/7129/7129 7130/7130/7130 7131/7131/7131
v -0.720000 -1.720000 -0.520000
vt 0.7812500 0.9687500
vn 0.0000000 0.0000000 -1.0000000
v 0.720000 -1.720000 -0.520000
vt 0.7812500 0.9687500
vn 0.0000000 0.0000000 -1.0000000
v 0.720000 -1.790000 -0.520000
vt 0.7812500 0.9687500
vn 0.0000000 0.0000000 -1.0000000
f 7132/7132/7132 7133/7133/7133 7134/7134/7134
v 0.720000 -1.720000 -0.520000
vt 0.7812500 0.9687500
vn 1.0000000 0.0000000 0.0000000
v 0.720000 -1.720000 -0.300000
vt 0.7812500 0.9687500
vn 1.0000000 0.0000000 0.0000000
v 0.720000 -1.790000 -0.359716
vt 0.7812500 0.9687500
vn 1.0000000 0.0000000 0.0000000
f 7135/7135/7135 7136/7136/7136 7137/7137/7137
v 0.720000 -1.720000 -0.300000
vt 0.7812500 0.9687500
vn 0.0492058 0.7992208 -0.5990199
v 1.130000 -1.720000 -0.266321
vt 0.7812500 0.9687500
vn 0.0492058 0.7992208 -0.5990199
v 1.130000 -1.790000 -0.359716
vt 0.7812500 0.9687500
vn 0.0492058 0.7992208 -0.5990199
f 7138/7138/7138 7139/7139/7139 7140/7140/7140
v -1.130000 -1.720000 -0.266321
vt 0.7812500 0.9687500
vn -0.0757435 0.6939179 -0.7160593
v -1.130000 -1.710000 -0.256630
vt 0.7812500 0.9687500
vn -0.0757435 0.6939179 -0.7160593
v -0.720000 -1.710000 -0.300000
vt 0.7812500 0.9687500
vn -0.0757435 0.6939179 -0.7160593
f 7141/7141/7141 7142/7142/7142 7143/7143/7143
v -0.720000 -1.710000 -0.300000
vt 0.7812500 0.9687500
vn -1.0000000 0.0000000 0.0000000
v -0.720000 -1.710000 -0.520000
vt 0.7812500 0.9687500
vn -1.0000000 0.0000000 0.0000000
v -0.720000 -1.720000 -0.520000
vt 0.7812500 0.9687500
vn -1.0000000 0.0000000 0.0000000
f 7144/7144/7144 7145/7145/7145 7146/7146/7146
v -0.720000 -1.710000 -0.520000
vt 0.7812500 0.9687500
vn 0.0000000 0.0000000 -1.0000000
v 0.720000 -1.710000 -0.520000
vt 0.7812500 0.9687500
vn 0.0000000 0.0000000 -1.0000000
v 0.720000 -1.720000 -0.520000
vt 0.7812500 0.9687500
vn 0.0000000 0.0000000 -1.0000000
f 7147/7147/7147 7148/7148/7148 7149/7149/7149
v 0.720000 -1.710000 -0.520000
vt 0.7812500 0.9687500
vn 0.9999999 0.0000000 0.0000000
v 0.720000 -1.710000 -0.300000
vt 0.7812500 0.9687500
vn 0.9999999 0.0000000 0.0000000
v 0.720000 -1.720000 -0.300000
vt 0.7812500 0.9687500
vn 0.9999999 0.0000000 0.0000000
f 7150/7150/7150 7151/7151/7151 7152/7152/7152
v 0.720000 -1.710000 -0.300000
vt 0.7812500 0.9687500
vn 0.0757435 0.6939179 -0.7160593
v 1.130000 -1.710000 -0.256630
vt 0.7812500 0.9687500
vn 0.0757435 0.6939179 -0.7160593
v 1.130000 -1.720000 -0.266321
vt 0.7812500 0.9687500
vn 0.0757435 0.6939179 -0.7160593
f 7153/7153/7153 7154/7154/7154 7155/7155/7155
v -1.130000 -1.710000 -0.256630
vt 0.7812500 0.9687500
vn -0.2127565 0.5961645 -0.7741593
v -1.130000 -1.620000 -0.187323
vt 0.7812500 0.9687500
vn -0.2127565 0.5961645 -0.7741593
v -0.720000 -1.620000 -0.300000
vt 0.7812500 0.9687500
vn -0.2127565 0.5961645 -0.7741593
f 7156/7156/7156 7157/7157/7157 7158/7158/7158
v -0.720000 -1.620000 -0.300000
vt 0.7812500 0.9687500
vn -1.0000000 0.0000000 0.0000000
v -0.720000 -1.620000 -0.520000
vt 0.7812500 0.9687500
vn -1.0000000 0.0000000 0.0000000
v -0.720000 -1.710000 -0.520000
vt 0.7812500 0.9687500
vn -1.0000000 0.0000000 0.0000000
f 7159/7159/7159 7160/7160/7160 7161/7161/7161
v -0.720000 -1.620000 -0.520000
vt 0.7812500 0.9687500
vn 0.0000000 0.0000000 -1.0000000
v 0.720000 -1.620000 -0.520000
vt 0.7812500 0.9687500
vn 0.0000000 0.0000000 -1.0000000
v 0.720000 -1.710000 -0.520000
vt 0.7812500 0.9687500
vn 0.0000000 0.0000000 -1.0000000
f 7162/7162/7162 7163/7163/7163 7164/7164/7164
v 0.720000 -1.620000 -0.520000
vt 0.7812500 0.9687500
vn 1.0000000 0.0000000 0.0000000
v 0.720000 -1.620000 -0.300000
vt 0.7812500 0.9687500
vn 1.0000000 0.0000000 0.0000000
v 0.720000 -1.710000 -0.300000
vt 0.7812500 0.9687500
vn 1.0000000 0.0000000 0.0000000
f 7165/7165/7165 7166/7166/7166 7167/7167/7167
v 0.720000 -1.620000 -0.300000
vt 0.7812500 0.9687500
vn 0.2127565 0.5961645 -0.7741593
v 1.130000 -1.620000 -0.187323
vt 0.7812500 0.9687500
vn 0.2127565 0.5961645 -0.7741593
v 1.130000 -1.710000 -0.256630
vt 0.7812500 0.9687500
vn 0.2127565 0.5961645 -0.7741593
f 7168/7168/7168 7169/7169/7169 7170/7170/7170
v -1.130000 -1.620000 -0.187323
vt 0.7812500 0.9687500
vn -0.3304778 0.3829915 -0.8626133
v -1.130000 -1.520000 -0.142924
vt 0.7812500 0.9687500
vn -0.3304778 0.3829915 -0.8626133
v -0.720000 -1.520000 -0.300000
vt 0.7812500 0.9687500
vn -0.3304778 0.3829915 -0.8626133
f 7171/7171/7171 7172/7172/7172 7173/7173/7173
v -0.720000 -1.520000 -0.300000
vt 0.7812500 0.9687500
vn -0.9999999 0.0000000 0.0000000
v -0.720000 -1.520000 -0.520000
vt 0.7812500 0.9687500
vn -0.9999999 0.0000000 0.0000000
v -0.720000 -1.620000 -0.520000
vt 0.7812500 0.9687500
vn -0.9999999 0.0000000 0.0000000
f 7174/7174/7174 7175/7175/7175 7176/7176/7176
v -0.720000 -1.520000 -0.520000
vt 0.7812500 0.9687500
vn 0.0000000 0.0000000 -1.0000000
v 0.720000 -1.520000 -0.520000
vt 0.7812500 0.9687500
vn 0.0000000 0.0000000 -1.0000000
v 0.720000 -1.620000 -0.520000
vt 0.7812500 0.9687500
vn 0.0000000 0.0000000 -1.0000000
f 7177/7177/7177 7178/7178/7178 7179/7179/7179
v 0.720000 -1.520000 -0.520000
vt 0.7812500 0.9687500
vn 0.9999999 0.0000000 0.0000000
v 0.720000 -1.520000 -0.300000
vt 0.7812500 0.9687500
vn 0.9999999 0.0000000 0.0000000
v 0.720000 -1.620000 -0.300000
vt 0.7812500 0.9687500
vn 0.9999999 0.0000000 0.0000000
f 7180/7180/7180 7181/7181/7181 7182/7182/7182
v 0.720000 -1.520000 -0.300000
vt 0.7812500 0.9687500
vn 0.3304778 0.3829914 -0.8626135
v 1.130000 -1.520000 -0.142924
vt 0.7812500 0.9687500
vn 0.3304778 0.3829914 -0.8626135
v 1.130000 -1.620000 -0.187323
vt 0.7812500 0.9687500
vn 0.3304778 0.3829914 -0.8626135
f 7183/7183/7183 7184/7184/7184 7185/7185/7185
v -1.130000 -1.520000 -0.142924
vt 0.7812500 0.9687500
vn -0.3531995 0.2276796 -0.9074205
v -1.130000 -1.510000 -0.140415
vt 0.7812500 0.9687500
vn -0.3531995 0.2276796 -0.9074205
v -0.720000 -1.510000 -0.300000
vt 0.7812500 0.9687500
vn -0.3531995 0.2276796 -0.9074205
f 7186/7186/7186 7187/7187/7187 7188/7188/7188
v -0.720000 -1.510000 -0.300000
vt 0.7812500 0.9687500
vn -1.0000000 0.0000000 0.0000000
v -0.720000 -1.510000 -0.520000
vt 0.7812500 0.9687500
vn -1.0000000 0.0000000 0.0000000
v -0.720000 -1.520000 -0.520000
vt 0.7812500 0.9687500
vn -1.0000000 0.0000000 0.0000000
f 7189/7189/7189 7190/7190/7190 7191/7191/7191
v -0.720000 -1.510000 -0.520000
vt 0.7812500 0.9687500
vn 0.0000000 0.0000000 -1.0000000
v 0.720000 -1.510000 -0.520000
vt 0.7812500 0.9687500
vn 0.0000000 0.0000000 -1.0000000
v 0.720000 -1.520000 -0.520000
vt 0.7812500 0.9687500
vn 0.0000000 0.0000000 -1.0000000
f 7192/7192/7192 7193/7193/7193 7194/7194/7194
v 0.720000 -1.510000 -0.520000
vt 0.7812500 0.9687500
vn 0.9999999 0.0000000 0.0000000
v 0.720000 -1.510000 -0.300000
vt 0.7812500 0.9687500
vn 0.9999999 0.0000000 0.0000000
v 0.720000 -1.520000 -0.300000
vt 0.7812500 0.9687500
vn 0.9999999 0.0000000 0.0000000
f 7195/7195/7195 7196/7196/7196 7197/7197/7197
v 0.720000 -1.510000 -0.300000
vt 0.7812500 0.9687500
vn 0.3531996 0.2276789 -0.9074207
v 1.130000 -1.510000 -0.140415
vt 0.7812500 0.9687500
vn 0.3531996 0.2276789 -0.9074207
v 1.130000 -1.520000 -0.142924
vt 0.7812500 0.9687500
vn 0.3531996 0.2276789 -0.9074207
f 7198/7198/7198 7199/7199/7199 7200/7200/7200
v -1.130000 -1.510000 -0.140415
vt 0.7812500 0.9687500
vn -0.3945239 0.1271067 -0.9100521
v -1.130000 -1.380000 -0.122258
vt 0.7812500 0.9687500
vn -0.3945239 0.1271067 -0.9100521
v -0.720000 -1.380000 -0.300000
vt 0.7812500 0.9687500
vn -0.3945239 0.1271067 -0.9100521
f 7201/7201/7201 7202/7202/7202 7203/7203/7203
v -0.720000 -1.380000 -0.300000
vt 0.7812500 0.9687500
vn -1.0000000 0.0000000 0.0000000
v -0.720000 -1.380000 -0.520000
vt 0.7812500 0.9687500
vn -1.0000000 0.0000000 0.0000000
v -0.720000 -1.510000 -0.520000
vt 0.7812500 0.9687500
vn -1.0000000 0.0000000 0.0000000
f 7204/7204/7204 7205/7205/7205 7206/7206/7206
v -0.720000 -1.380000 -0.520000
vt 0.7812500 0.9687500
vn 0.0000000 0.0000000 -1.0000000
v 0.720000 -1.380000 -0.520000
vt 0.7812500 0.9687500
vn 0.0000000 0.0000000 -1.0000000
v 0.720000 -1.510000 -0.520000
vt 0.7812500 0.9687500
vn 0.0000000 0.0000000 -1.0000000
f 7207/7207/7207 7208/7208/7208 7209/7209/7209
v 0.720000 -1.380000 -0.520000
vt 0.7812500 0.9687500
vn 1.0000000 0.0000000 0.0000000
v 0.720000 -1.380000 -0.300000
vt 0.7812500 0.9687500
vn 1.0000000 0.0000000 0.0000000
v 0.720000 -1.510000 -0.300000
vt 0.7812500 0.9687500
vn 1.0000000 0.0000000 0.0000000
f 7210/7210/7210 7211/7211/7211 7212/7212/7212
v 0.720000 -1.380000 -0.300000
vt 0.7812500 0.9687500
vn 0.3945239 0.1271066 -0.9100521
v 1.130000 -1.380000 -0.122258
vt 0.7812500 0.9687500
vn 0.3945239 0.1271066 -0.9100521
v 1.130000 -1.510000 -0.140415
vt 0.7812500 0.9687500
vn 0.3945239 0.1271066 -0.9100521
f 7213/7213/7213 7214/7214/7214 7215/7215/7215
v -1.130000 -1.230000 -0.134354
vt 0.7812500 0.9687500
vn -0.3745970 0.0000000 -0.9271879
v -0.720000 -1.230000 -0.300000
vt 0.7812500 0.9687500
vn -0.3745970 0.0000000 -0.9271879
v -0.720000 -1.380000 -0.300000
vt 0.7812500 0.9687500
vn -0.3745970 0.0000000 -0.9271879
f 7216/7216/7216 7217/7217/7217 7218/7218/7218
v -0.720000 -1.230000 -0.300000
vt 0.7812500 0.9687500
vn -1.0000000 0.0000000 0.0000000
v -0.720000 -1.230000 -0.520000
vt 0.7812500 0.9687500
vn -1.0000000 0.0000000 0.0000000
v -0.720000 -1.380000 -0.520000
vt 0.7812500 0.9687500
vn -1.0000000 0.0000000 0.0000000
f 7219/7219/7219 7220/7220/7220 7221/7221/7221
v -0.720000 -1.230000 -0.520000
vt 0.7812500 0.9687500
vn 0.0000000 0.0000000 -1.0000000
v 0.720000 -1.230000 -0.520000
vt 0.7812500 0.9687500
vn 0.0000000 0.0000000 -1.0000000
v 0.720000 -1.380000 -0.520000
vt 0.7812500 0.9687500
vn 0.0000000 0.0000000 -1.0000000
f 7222/7222/7222 7223/7223/7223 7224/7224/7224
v 0.720000 -1.230000 -0.520000
vt 0.7812500 0.9687500
vn 1.0000000 0.0000000 0.0000000
v 0.720000 -1.230000 -0.300000
vt 0.7812500 0.9687500
vn 1.0000000 0.0000000 0.0000000
v 0.720000 -1.380000 -0.300000
vt 0.7812500 0.9687500
vn 1.0000000 0.0000000 0.0000000
f 7225/7225/7225 7226/7226/7226 7227/7227/7227
v 0.720000 -1.380000 -0.300000
vt 0.7812500 0.9687500
vn 0.3745970 0.0000000 -0.9271879
v 0.720000 -1.230000 -0.300000
vt 0.7812500 0.9687500
vn 0.3745970 0.0000000 -0.9271879
v 1.130000 -1.230000 -0.134354
vt 0.7812500 0.9687500
vn 0.3745970 0.0000000 -0.9271879
f 7228/7228/7228 7229/7229/7229 7230/7230/7230
v -1.130000 -1.130000 -0.167312
vt 0.7812500 0.9687500
vn -0.3079060 0.0000000 -0.9514169
v -0.720000 -1.130000 -0.300000
vt 0.7812500 0.9687500
vn -0.3079060 0.0000000 -0.9514169
v -0.720000 -1.230000 -0.300000
vt 0.7812500 0.9687500
vn -0.3079060 0.0000000 -0.9514169
f 7231/7231/7231 7232/7232/7232 7233/7233/7233
v -0.720000 -1.130000 -0.300000
vt 0.7812500 0.9687500
vn -0.9999999 0.0000000 0.0000000
v -0.720000 -1.130000 -0.520000
vt 0.7812500 0.9687500
vn -0.9999999 0.0000000 0.0000000
v -0.720000 -1.230000 -0.520000
vt 0.7812500 0.9687500
vn -0.9999999 0.0000000 0.0000000
f 7234/7234/7234 7235/7235/7235 7236/7236/7236
v -0.720000 -1.130000 -0.520000
vt 0.7812500 0.9687500
vn 0.0000000 0.0000000 -1.0000000
v 0.720000 -1.130000 -0.520000
vt 0.7812500 0.9687500
vn 0.0000000 0.0000000 -1.0000000
v 0.720000 -1.230000 -0.520000
vt 0.7812500 0.9687500
vn 0.0000000 0.0000000 -1.0000000
f 7237/7237/7237 7238/7238/7238 7239/7239/7239
v 0.720000 -1.130000 -0.520000
vt 0.7812500 0.9687500
vn 0.9999999 0.0000000 0.0000000
v 0.720000 -1.130000 -0.300000
vt 0.7812500 0.9687500
vn 0.9999999 0.0000000 0.0000000
v 0.720000 -1.230000 -0.300000
vt 0.7812500 0.9687500
vn 0.9999999 0.0000000 0.0000000
f 7240/7240/7240 7241/7241/7241 7242/7242/7242
v 0.720000 -1.230000 -0.300000
vt 0.7812500 0.9687500
vn 0.3079060 0.0000000 -0.9514169
v 0.720000 -1.130000 -0.300000
vt 0.7812500 0.9687500
vn 0.3079060 0.0000000 -0.9514169
v 1.130000 -1.130000 -0.167312
vt 0.7812500 0.9687500
vn 0.3079060 0.0000000 -0.9514169
f 7243/7243/7243 7244/7244/7244 7245/7245/7245
v -1.130000 -1.120000 -0.171855
vt 0.7812500 0.9687500
vn -0.2983194 0.0000000 -0.9544660
v -0.720000 -1.120000 -0.300000
vt 0.7812500 0.9687500
vn -0.2983194 0.0000000 -0.9544660
v -0.720000 -1.130000 -0.300000
vt 0.7812500 0.9687500
vn -0.2983194 0.0000000 -0.9544660
f 7246/7246/7246 7247/7247/7247 7248/7248/7248
v -0.720000 -1.120000 -0.300000
vt 0.7812500 0.9687500
vn -1.0000000 0.0000000 0.0000000
v -0.720000 -1.120000 -0.520000
vt 0.7812500 0.9687500
vn -1.0000000 0.0000000 0.0000000
v -0.720000 -1.130000 -0.520000
vt 0.7812500 0.9687500
vn -1.0000000 0.0000000 0.0000000
f 7249/7249/7249 7250/7250/7250 7251/7251/7251
v -0.720000 -1.120000 -0.520000
vt 0.7812500 0.9687500
vn 0.0000000 0.0000000 -1.0000000
v 0.720000 -1.120000 -0.520000
vt 0.7812500 0.9687500
vn 0.0000000 0.0000000 -1.0000000
v 0.720000 -1.130000 -0.520000
vt 0.7812500 0.9687500
vn 0.0000000 0.0000000 -1.0000000
f 7252/7252/7252 7253/7253/7253 7254/7254/7254
v 0.720000 -1.120000 -0.520000
vt 0.7812500 0.9687500
vn 0.9999999 0.0000000 0.0000000
v 0.720000 -1.120000 -0.300000
vt 0.7812500 0.9687500
vn 0.9999999 0.0000000 0.0000000
v 0.720000 -1.130000 -0.300000
vt 0.7812500 0.9687500
vn 0.9999999 0.0000000 0.0000000
f 7255/7255/7255 7256/7256/7256 7257/7257/7257
v 0.720000 -1.130000 -0.300000
vt 0.7812500 0.9687500
vn 0.2983194 0.0000000 -0.9544660
v 0.720000 -1.120000 -0.300000
vt 0.7812500 0.9687500
vn 0.2983194 0.0000000 -0.9544660
v 1.130000 -1.120000 -0.171855
vt 0.7812500 0.9687500
vn 0.2983194 0.0000000 -0.9544660
f 7258/7258/7258 7259/7259/7259 7260/7260/7260
v -1.130000 -1.020000 -0.242399
vt 0.7812500 0.9687500
vn -0.1391241 0.0000000 -0.9902750
v -0.720000 -1.020000 -0.300000
vt 0.7812500 0.9687500
vn -0.1391241 0.0000000 -0.9902750
v -0.720000 -1.120000 -0.300000
vt 0.7812500 0.9687500
vn -0.1391241 0.0000000 -0.9902750
f 7261/7261/7261 7262/7262/7262 7263/7263/7263
v -0.720000 -1.020000 -0.300000
vt 0.7812500 0.9687500
vn -0.9999999 0.0000000 0.0000000
v -0.720000 -1.020000 -0.520000
vt 0.7812500 0.9687500
vn -0.9999999 0.0000000 0.0000000
v -0.720000 -1.120000 -0.520000
vt 0.7812500 0.9687500
vn -0.9999999 0.0000000 0.0000000
f 7264/7264/7264 7265/7265/7265 7266/7266/7266
v -0.720000 -1.020000 -0.520000
vt 0.7812500 0.9687500
vn 0.0000000 0.0000000 -1.0000000
v 0.720000 -1.020000 -0.520000
vt 0.7812500 0.9687500
vn 0.0000000 0.0000000 -1.0000000
v 0.720000 -1.120000 -0.520000
vt 0.7812500 0.9687500
vn 0.0000000 0.0000000 -1.0000000
f 7267/7267/7267 7268/7268/7268 7269/7269/7269
v 0.720000 -1.020000 -0.520000
vt 0.7812500 0.9687500
vn 0.9999999 0.0000000 0.0000000
v 0.720000 -1.020000 -0.300000
vt 0.7812500 0.9687500
vn 0.9999999 0.0000000 0.0000000
v 0.720000 -1.120000 -0.300000
vt 0.7812500 0.9687500
vn 0.9999999 0.0000000 0.0000000
f 7270/7270/7270 7271/7271/7271 7272/7272/7272
v 0.720000 -1.120000 -0.300000
vt 0.7812500 0.9687500
vn 0.1391241 0.0000000 -0.9902750
v 0.720000 -1.020000 -0.300000
vt 0.7812500 0.9687500
vn 0.1391241 0.0000000 -0.9902750
v 1.130000 -1.020000 -0.242399
vt 0.7812500 0.9687500
vn 0.1391241 0.0000000 -0.9902750
f 7273/7273/7273 7274/7274/7274 7275/7275/7275
v -1.130000 -0.940000 -0.337374
vt 0.7812500 0.9687500
vn 0.0000000 -0.4232633 -0.9060067
v -0.720000 -0.940000 -0.337374
vt 0.7812500 0.9687500
vn 0.0000000 -0.4232633 -0.9060067
v -0.720000 -1.020000 -0.300000
vt 0.7812500 0.9687500
vn 0.0000000 -0.4232633 -0.9060067
f 7276/7276/7276 7277/7277/7277 7278/7278/7278
v -0.720000 -0.940000 -0.337374
vt 0.7812500 0.9687500
vn -1.0000000 0.0000000 0.0000000
v -0.720000 -0.940000 -0.520000
vt 0.7812500 0.9687500
vn -1.0000000 0.0000000 0.0000000
v -0.720000 -1.020000 -0.520000
vt 0.7812500 0.9687500
vn -1.0000000 0.0000000 0.0000000
f 7279/7279/7279 7280/7280/7280 7281/7281/7281
v -0.720000 -0.940000 -0.520000
vt 0.7812500 0.9687500
vn 0.0000000 0.0000000 -1.0000000
v 0.720000 -0.940000 -0.520000
vt 0.7812500 0.9687500
vn 0.0000000 0.0000000 -1.0000000
v 0.720000 -1.020000 -0.520000
vt 0.7812500 0.9687500
vn 0.0000000 0.0000000 -1.0000000
f 7282/7282/7282 7283/7283/7283 7284/7284/7284
v 0.720000 -1.020000 -0.520000
vt 0.7812500 0.9687500
vn 1.0000000 0.0000000 0.0000000
v 0.720000 -0.940000 -0.520000
vt 0.7812500 0.9687500
vn 1.0000000 0.0000000 0.0000000
v 0.720000 -0.940000 -0.337374
vt 0.7812500 0.9687500
vn 1.0000000 0.0000000 0.0000000
f 7285/7285/7285 7286/7286/7286 7287/7287/7287
v 0.720000 -1.020000 -0.300000
vt 0.7812500 0.9687500
vn 0.0000000 -0.4232633 -0.9060067
v 0.720000 -0.940000 -0.337374
vt 0.7812500 0.9687500
vn 0.0000000 -0.4232633 -0.9060067
v 1.130000 -0.940000 -0.337374
vt 0.7812500 0.9687500
vn 0.0000000 -0.4232633 -0.9060067
f 7288/7288/7288 7289/7289/7289 7290/7290/7290
v -1.130000 -0.930000 -0.351829
vt 0.7812500 0.9687500
vn 0.0000000 -0.8223888 -0.5689259
v -0.720000 -0.930000 -0.351829
vt 0.7812500 0.9687500
vn 0.0000000 -0.8223888 -0.5689259
v -0.720000 -0.940000 -0.337374
vt 0.7812500 0.9687500
vn 0.0000000 -0.8223888 -0.5689259
f 7291/7291/7291 7292/7292/7292 7293/7293/7293
v -0.720000 -0.930000 -0.351829
vt 0.7812500 0.9687500
vn -1.0000000 0.0000000 0.0000000
v -0.720000 -0.930000 -0.520000
vt 0.7812500 0.9687500
vn -1.0000000 0.0000000 0.0000000
v -0.720000 -0.940000 -0.520000
vt 0.7812500 0.9687500
vn -1.0000000 0.0000000 0.0000000
f 7294/7294/7294 7295/7295/7295 7296/7296/7296
v -0.720000 -0.930000 -0.520000
vt 0.7812500 0.9687500
vn 0.0000000 0.0000000 -1.0000000
v 0.720000 -0.930000 -0.520000
vt 0.7812500 0.9687500
vn 0.0000000 0.0000000 -1.0000000
v 0.720000 -0.940000 -0.520000
vt 0.7812500 0.9687500
vn 0.0000000 0.0000000 -1.0000000
f 7297/7297/7297 7298/7298/7298 7299/7299/7299
v 0.720000 -0.940000 -0.520000
vt 0.7812500 0.9687500
vn 1.0000000 0.0000000 0.0000000
v 0.720000 -0.930000 -0.520000
vt 0.7812500 0.9687500
vn 1.0000000 0.0000000 0.0000000
v 0.720000 -0.930000 -0.351828
vt 0.7812500 0.9687500
vn 1.0000000 0.0000000 0.0000000
f 7300/7300/7300 7301/7301/7301 7302/7302/7302
v 0.720000 -0.930000 -0.351828
vt 0.7812500 0.9687500
vn 0.0000000 -0.8223706 -0.5689520
v 1.130000 -0.930000 -0.351828
vt 0.7812500 0.9687500
vn 0.0000000 -0.8223706 -0.5689520
v 1.130000 -0.940000 -0.337374
vt 0.7812500 0.9687500
vn 0.0000000 -0.8223706 -0.5689520
f 7303/7303/7303 7304/7304/7304 7305/7305/7305
v -1.130000 -0.870000 -0.489167
vt 0.7812500 0.9687500
vn 0.0000000 -0.9163665 -0.4003403
v -0.720000 -0.870000 -0.489167
vt 0.7812500 0.9687500
vn 0.0000000 -0.9163665 -0.4003403
v -0.720000 -0.930000 -0.351829
vt 0.7812500 0.9687500
vn 0.0000000 -0.9163665 -0.4003403
f 7306/7306/7306 7307/7307/7307 7308/7308/7308
v -0.720000 -0.870000 -0.489167
vt 0.7812500 0.9687500
vn -1.0000000 0.0000000 0.0000000
v -0.720000 -0.870000 -0.520000
vt 0.7812500 0.9687500
vn -1.0000000 0.0000000 0.0000000
v -0.720000 -0.930000 -0.520000
vt 0.7812500 0.9687500
vn -1.0000000 0.0000000 0.0000000
f 7309/7309/7309 7310/7310/7310 7311/7311/7311
v -0.720000 -0.870000 -0.520000
vt 0.7812500 0.9687500
vn 0.0000000 0.0000000 -1.0000000
v 0.720000 -0.870000 -0.520000
vt 0.7812500 0.9687500
vn 0.0000000 0.0000000 -1.0000000
v 0.720000 -0.930000 -0.520000
vt 0.7812500 0.9687500
vn 0.0000000 0.0000000 -1.0000000
f 7312/7312/7312 7313/7313/7313 7314/7314/7314
v 0.720000 -0.930000 -0.520000
vt 0.7812500 0.9687500
vn 1.0000000 0.0000000 0.0000000
v 0.720000 -0.870000 -0.520000
vt 0.7812500 0.9687500
vn 1.0000000 0.0000000 0.0000000
v 0.720000 -0.870000 -0.489167
vt 0.7812500 0.9687500
vn 1.0000000 0.0000000 0.0000000
f 7315/7315/7315 7316/7316/7316 7317/7317/7317
v 0.720000 -0.870000 -0.489167
vt 0.7812500 0.9687500
vn 0.0000000 -0.9163677 -0.4003378
v 1.130000 -0.870000 -0.489167
vt 0.7812500 0.9687500
vn 0.0000000 -0.9163677 -0.4003378
v 1.130000 -0.930000 -0.351828
vt 0.7812500 0.9687500
vn 0.0000000 -0.9163677 -0.4003378
f 7318/7318/7318 7319/7319/7319 7320/7320/7320
v -1.130000 -0.860000 -0.518550
vt 0.7812500 0.9687500
vn 0.0000000 -0.9466774 -0.3221831
v -0.720000 -0.860000 -0.518550
vt 0.7812500 0.9687500
vn 0.0000000 -0.9466774 -0.3221831
v -0.720000 -0.870000 -0.489167
vt 0.7812500 0.9687500
vn 0.0000000 -0.9466774 -0.3221831
f 7321/7321/7321 7322/7322/7322 7323/7323/7323
v -0.720000 -0.860000 -0.518550
vt 0.7812500 0.9687500
vn -1.0000000 0.0000000 0.0000000
v -0.720000 -0.860000 -0.520000
vt 0.7812500 0.9687500
vn -1.0000000 0.0000000 0.0000000
v -0.720000 -0.870000 -0.520000
vt 0.7812500 0.9687500
vn -1.0000000 0.0000000 0.0000000
f 7324/7324/7324 7325/7325/7325 7326/7326/7326
v -0.720000 -0.860000 -0.520000
vt 0.7812500 0.9687500
vn 0.0000000 0.0000000 -1.0000000
v 0.720000 -0.860000 -0.520000
vt 0.7812500 0.9687500
vn 0.0000000 0.0000000 -1.0000000
v 0.720000 -0.870000 -0.520000
vt 0.7812500 0.9687500
vn 0.0000000 0.0000000 -1.0000000
f 7327/7327/7327 7328/7328/7328 7329/7329/7329
v 0.720000 -0.870000 -0.520000
vt 0.7812500 0.9687500
vn 1.0000000 0.0000000 0.0000000
v 0.720000 -0.860000 -0.520000
vt 0.7812500 0.9687500
vn 1.0000000 0.0000000 0.0000000
v 0.720000 -0.860000 -0.518550
vt 0.7812500 0.9687500
vn 1.0000000 0.0000000 0.0000000
f 7330/7330/7330 7331/7331/7331 7332/7332/7332
v 0.720000 -0.860000 -0.518550
vt 0.7812500 0.9687500
vn 0.0000000 -0.9466774 -0.3221830
v 1.130000 -0.860000 -0.518550
vt 0.7812500 0.9687500
vn 0.0000000 -0.9466774 -0.3221830
v 1.130000 -0.870000 -0.489167
vt 0.7812500 0.9687500
vn 0.0000000 -0.9466774 -0.3221830
f 7333/7333/7333 7334/7334/7334 7335/7335/7335
v -1.130000 -0.820000 -0.703062
vt 0.7812500 0.9687500
vn 0.0000000 -0.9772984 -0.2118672
v -0.720000 -0.820000 -0.703062
vt 0.7812500 0.9687500
vn 0.0000000 -0.9772984 -0.2118672
v -0.720000 -0.860000 -0.518550
vt 0.7812500 0.9687500
vn 0.0000000 -0.9772984 -0.2118672
f 7336/7336/7336 7337/7337/7337 7338/7338/7338
v -0.720000 -0.860000 -0.518550
vt 0.7812500 0.9687500
vn 0.9999999 0.0000000 0.0000000
v -0.720000 -0.820000 -0.703062
vt 0.7812500 0.9687500
vn 0.9999999 0.0000000 0.0000000
v -0.720000 -0.820000 -0.520000
vt 0.7812500 0.9687500
vn 0.9999999 0.0000000 0.0000000
f 7339/7339/7339 7340/7340/7340 7341/7341/7341
v -0.720000 -0.820000 -0.520000
vt 0.7812500 0.9687500
vn 0.0000000 0.0000000 -1.0000000
v 0.720000 -0.820000 -0.520000
vt 0.7812500 0.9687500
vn 0.0000000 0.0000000 -1.0000000
v 0.720000 -0.860000 -0.520000
vt 0.7812500 0.9687500
vn 0.0000000 0.0000000 -1.0000000
f 7342/7342/7342 7343/7343/7343 7344/7344/7344
v 0.720000 -0.820000 -0.520000
vt 0.7812500 0.9687500
vn -1.0000000 0.0000000 0.0000000
v 0.720000 -0.820000 -0.703061
vt 0.7812500 0.9687500
vn -1.0000000 0.0000000 0.0000000
v 0.720000 -0.860000 -0.518550
vt 0.7812500 0.9687500
vn -1.0000000 0.0000000 0.0000000
f 7345/7345/7345 7346/7346/7346 7347/7347/7347
v 0.720000 -0.820000 -0.703061
vt 0.7812500 0.9687500
vn 0.0000000 -0.9772982 -0.2118683
v 1.130000 -0.820000 -0.703061
vt 0.7812500 0.9687500
vn 0.0000000 -0.9772982 -0.2118683
v 1.130000 -0.860000 -0.518550
vt 0.7812500 0.9687500
vn 0.0000000 -0.9772982 -0.2118683
f 7348/7348/7348 7349/7349/7349 7350/7350/7350
v -1.130000 -0.810000 -0.721085
vt 0.7812500 0.9687500
vn 0.0000000 -0.8744192 -0.4851711
v -0.720000 -0.810000 -0.721085
vt 0.7812500 0.9687500
vn 0.0000000 -0.8744192 -0.4851711
v -0.720000 -0.820000 -0.703062
vt 0.7812500 0.9687500
vn 0.0000000 -0.8744192 -0.4851711
f 7351/7351/7351 7352/7352/7352 7353/7353/7353
v -0.720000 -0.820000 -0.703062
vt 0.7812500 0.9687500
vn 1.0000000 0.0000000 0.0000000
v -0.720000 -0.810000 -0.721085
vt 0.7812500 0.9687500
vn 1.0000000 0.0000000 0.0000000
v -0.720000 -0.810000 -0.520000
vt 0.7812500 0.9687500
vn 1.0000000 0.0000000 0.0000000
f 7354/7354/7354 7355/7355/7355 7356/7356/7356
v -0.720000 -0.810000 -0.520000
vt 0.7812500 0.9687500
vn 0.0000000 0.0000000 -1.0000000
v 0.720000 -0.810000 -0.520000
vt 0.7812500 0.9687500
vn 0.0000000 0.0000000 -1.0000000
v 0.720000 -0.820000 -0.520000
vt 0.7812500 0.9687500
vn 0.0000000 0.0000000 -1.0000000
f 7357/7357/7357 7358/7358/7358 7359/7359/7359
v 0.720000 -0.810000 -0.520000
vt 0.7812500 0.9687500
vn -1.0000000 0.0000019 0.0000000
v 0.720000 -0.810000 -0.721085
vt 0.7812500 0.9687500
vn -1.0000000 0.0000019 0.0000000
v 0.720000 -0.820000 -0.703061
vt 0.7812500 0.9687500
vn -1.0000000 0.0000019 0.0000000
f 7360/7360/7360 7361/7361/7361 7362/7362/7362
v 0.720000 -0.810000 -0.721085
vt 0.7812500 0.9687500
vn 0.0000000 -0.8744308 -0.4851502
v 1.130000 -0.810000 -0.721085
vt 0.7812500 0.9687500
vn 0.0000000 -0.8744308 -0.4851502
v 1.130000 -0.820000 -0.703061
vt 0.7812500 0.9687500
vn 0.0000000 -0.8744308 -0.4851502
f 7363/7363/7363 7364/7364/7364 7365/7365/7365
v -1.067857 -0.750000 -0.730000
vt 0.7812500 0.9687500
vn 0.0000000 -0.1469701 -0.9891410
v -0.720000 -0.750000 -0.730000
vt 0.7812500 0.9687500
vn 0.0000000 -0.1469701 -0.9891410
v -0.720000 -0.810000 -0.721085
vt 0.7812500 0.9687500
vn 0.0000000 -0.1469701 -0.9891410
f 7366/7366/7366 7367/7367/7367 7368/7368/7368
v -0.720000 -0.810000 -0.721085
vt 0.7812500 0.9687500
vn 1.0000000 -0.0000024 0.0000000
v -0.720000 -0.750000 -0.730000
vt 0.7812500 0.9687500
vn 1.0000000 -0.0000024 0.0000000
v -0.720000 -0.750000 -0.520000
vt 0.7812500 0.9687500
vn 1.0000000 -0.0000024 0.0000000
f 7369/7369/7369 7370/7370/7370 7371/7371/7371
v -0.720000 -0.750000 -0.520000
vt 0.7812500 0.9687500
vn 0.0000000 0.0000000 -1.0000000
v 0.720000 -0.750000 -0.520000
vt 0.7812500 0.9687500
vn 0.0000000 0.0000000 -1.0000000
v 0.720000 -0.810000 -0.520000
vt 0.7812500 0.9687500
vn 0.0000000 0.0000000 -1.0000000
f 7372/7372/7372 7373/7373/7373 7374/7374/7374
v 0.720000 -0.750000 -0.520000
vt 0.7812500 0.9687500
vn -1.0000000 -0.0000018 0.0000000
v 0.720000 -0.750000 -0.730000
vt 0.7812500 0.9687500
vn -1.0000000 -0.0000018 0.0000000
v 0.720000 -0.810000 -0.721085
vt 0.7812500 0.9687500
vn -1.0000000 -0.0000018 0.0000000
f 7375/7375/7375 7376/7376/7376 7377/7377/7377
v 0.720000 -0.810000 -0.721085
vt 0.7812500 0.9687500
vn 0.0000000 -0.1469701 -0.9891410
v 0.720000 -0.750000 -0.730000
vt 0.7812500 0.9687500
vn 0.0000000 -0.1469701 -0.9891410
v 1.067857 -0.750000 -0.730000
vt 0.7812500 0.9687500
vn 0.0000000 -0.1469701 -0.9891410
f 7378/7378/7378 7379/7379/7379 7380/7380/7380
v -1.067857 -0.750000 -0.730000
vt 0.7812500 0.9687500
vn 0.0000000 0.1961166 -0.9805806
v -1.068651 -0.650000 -0.710000
vt 0.7812500 0.9687500
vn 0.0000000 0.1961166 -0.9805806
v -0.720000 -0.650000 -0.710000
vt 0.7812500 0.9687500
vn 0.0000000 0.1961166 -0.9805806
f 7381/7381/7381 7382/7382/7382 7383/7383/7383
v -0.720000 -0.650000 -0.710000
vt 0.7812500 0.9687500
vn 1.0000000 0.0000000 0.0000000
v -0.720000 -0.650000 -0.520000
vt 0.7812500 0.9687500
vn 1.0000000 0.0000000 0.0000000
v -0.720000 -0.750000 -0.520000
vt 0.7812500 0.9687500
vn 1.0000000 0.0000000 0.0000000
f 7384/7384/7384 7385/7385/7385 7386/7386/7386
v -0.720000 -0.650000 -0.520000
vt 0.7812500 0.9687500
vn 0.0000000 0.0000000 -1.0000000
v 0.720000 -0.650000 -0.520000
vt 0.7812500 0.9687500
vn 0.0000000 0.0000000 -1.0000000
v 0.720000 -0.750000 -0.520000
vt 0.7812500 0.9687500
vn 0.0000000 0.0000000 -1.0000000
f 7387/7387/7387 7388/7388/7388 7389/7389/7389
v 0.720000 -0.750000 -0.520000
vt 0.7812500 0.9687500
vn -1.0000000 0.0000000 0.0000000
v 0.720000 -0.650000 -0.520000
vt 0.7812500 0.9687500
vn -1.0000000 0.0000000 0.0000000
v 0.720000 -0.650000 -0.710000
vt 0.7812500 0.9687500
vn -1.0000000 0.0000000 0.0000000
f 7390/7390/7390 7391/7391/7391 7392/7392/7392
v 0.720000 -0.650000 -0.710000
vt 0.7812500 0.9687500
vn 0.0000000 0.1961166 -0.9805806
v 1.068651 -0.650000 -0.710000
vt 0.7812500 0.9687500
vn 0.0000000 0.1961166 -0.9805806
v 1.067857 -0.750000 -0.730000
vt 0.7812500 0.9687500
vn 0.0000000 0.1961166 -0.9805806
f 7393/7393/7393 7394/7394/7394 7395/7395/7395
v -1.068651 -0.650000 -0.710000
vt 0.7812500 0.9687500
vn 0.0000000 0.1961160 -0.9805807
v -1.075000 -0.600000 -0.700000
vt 0.7812500 0.9687500
vn 0.0000000 0.1961160 -0.9805807
v -0.720000 -0.600000 -0.700000
vt 0.7812500 0.9687500
vn 0.0000000 0.1961160 -0.9805807
f 7396/7396/7396 7397/7397/7397 7398/7398/7398
v -0.720000 -0.600000 -0.700000
vt 0.7812500 0.9687500
vn 1.0000000 0.0000000 0.0000000
v -0.720000 -0.600000 -0.520000
vt 0.7812500 0.9687500
vn 1.0000000 0.0000000 0.0000000
v -0.720000 -0.650000 -0.520000
vt 0.7812500 0.9687500
vn 1.0000000 0.0000000 0.0000000
f 7399/7399/7399 7400/7400/7400 7401/7401/7401
v -0.720000 -0.600000 -0.520000
vt 0.7812500 0.9687500
vn 0.0000000 0.0000000 -1.0000000
v 0.720000 -0.600000 -0.520000
vt 0.7812500 0.9687500
vn 0.0000000 0.0000000 -1.0000000
v 0.720000 -0.650000 -0.520000
vt 0.7812500 0.9687500
vn 0.0000000 0.0000000 -1.0000000
f 7402/7402/7402 7403/7403/7403 7404/7404/7404
v 0.720000 -0.650000 -0.520000
vt 0.7812500 0.9687500
vn -1.0000000 0.0000000 0.0000000
v 0.720000 -0.600000 -0.520000
vt 0.7812500 0.9687500
vn -1.0000000 0.0000000 0.0000000
v 0.720000 -0.600000 -0.700000
vt 0.7812500 0.9687500
vn -1.0000000 0.0000000 0.0000000
f 7405/7405/7405 7406/7406/7406 7407/7407/7407
v 0.720000 -0.600000 -0.700000
vt 0.7812500 0.9687500
vn 0.0000000 0.1961160 -0.9805807
v 1.075000 -0.600000 -0.700000
vt 0.7812500 0.9687500
vn 0.0000000 0.1961160 -0.9805807
v 1.068651 -0.650000 -0.710000
vt 0.7812500 0.9687500
vn 0.0000000 0.1961160 -0.9805807
f 7408/7408/7408 7409/7409/7409 7410/7410/7410
v -1.075000 -0.600000 -0.700000
vt 0.7812500 0.9687500
vn 0.0000000 -0.3463742 -0.9380965
v -1.128509 -0.518750 -0.730000
vt 0.7812500 0.9687500
vn 0.0000000 -0.3463742 -0.9380965
v -0.720000 -0.518750 -0.730000
vt 0.7812500 0.9687500
vn 0.0000000 -0.3463742 -0.9380965
f 7411/7411/7411 7412/7412/7412 7413/7413/7413
v -0.720000 -0.600000 -0.700000
vt 0.7812500 0.9687500
vn 1.0000000 0.0000000 0.0000000
v -0.720000 -0.518750 -0.730000
vt 0.7812500 0.9687500
vn 1.0000000 0.0000000 0.0000000
v -0.720000 -0.518750 -0.520000
vt 0.7812500 0.9687500
vn 1.0000000 0.0000000 0.0000000
f 7414/7414/7414 7415/7415/7415 7416/7416/7416
v -0.720000 -0.518750 -0.520000
vt 0.7812500 0.9687500
vn 0.0000000 0.0000000 -1.0000000
v 0.720000 -0.518750 -0.520000
vt 0.7812500 0.9687500
vn 0.0000000 0.0000000 -1.0000000
v 0.720000 -0.600000 -0.520000
vt 0.7812500 0.9687500
vn 0.0000000 0.0000000 -1.0000000
f 7417/7417/7417 7418/7418/7418 7419/7419/7419
v 0.720000 -0.518750 -0.520000
vt 0.7812500 0.9687500
vn -1.0000000 0.0000000 0.0000000
v 0.720000 -0.518750 -0.730000
vt 0.7812500 0.9687500
vn -1.0000000 0.0000000 0.0000000
v 0.720000 -0.600000 -0.700000
vt 0.7812500 0.9687500
vn -1.0000000 0.0000000 0.0000000
f 7420/7420/7420 7421/7421/7421 7422/7422/7422
v 0.720000 -0.518750 -0.730000
vt 0.7812500 0.9687500
vn 0.0000000 -0.3463744 -0.9380964
v 1.128509 -0.518750 -0.730000
vt 0.7812500 0.9687500
vn 0.0000000 -0.3463744 -0.9380964
v 1.075000 -0.600000 -0.700000
vt 0.7812500 0.9687500
vn 0.0000000 -0.3463744 -0.9380964
f 7423/7423/7423 7424/7424/7424 7425/7425/7425
v -1.116246 -0.437500 -0.730000
vt 0.7812500 0.9687500
vn 0.0000000 0.0000000 -1.0000000
v -0.720000 -0.437500 -0.730000
vt 0.7812500 0.9687500
vn 0.0000000 0.0000000 -1.0000000
v -0.720000 -0.518750 -0.730000
vt 0.7812500 0.9687500
vn 0.0000000 0.0000000 -1.0000000
f 7426/7426/7426 7427/7427/7427 7428/7428/7428
v -0.720000 -0.437500 -0.730000
vt 0.7812500 0.9687500
vn 1.0000000 0.0000000 0.0000000
v -0.720000 -0.437500 -0.520000
vt 0.7812500 0.9687500
vn 1.0000000 0.0000000 0.0000000
v -0.720000 -0.518750 -0.520000
vt 0.7812500 0.9687500
vn 1.0000000 0.0000000 0.0000000
f 7429/7429/7429 7430/7430/7430 7431/7431/7431
v -0.720000 -0.437500 -0.520000
vt 0.7812500 0.9687500
vn 0.0000000 0.0000000 -1.0000000
v 0.720000 -0.437500 -0.520000
vt 0.7812500 0.9687500
vn 0.0000000 0.0000000 -1.0000000
v 0.720000 -0.518750 -0.520000
vt 0.7812500 0.9687500
vn 0.0000000 0.0000000 -1.0000000
f 7432/7432/7432 7433/7433/7433 7434/7434/7434
v 0.720000 -0.437500 -0.520000
vt 0.7812500 0.9687500
vn -1.0000000 0.0000000 0.0000000
v 0.720000 -0.437500 -0.730000
vt 0.7812500 0.9687500
vn -1.0000000 0.0000000 0.0000000
v 0.720000 -0.518750 -0.730000
vt 0.7812500 0.9687500
vn -1.0000000 0.0000000 0.0000000
f 7435/7435/7435 7436/7436/7436 7437/7437/7437
v 0.720000 -0.518750 -0.730000
vt 0.7812500 0.9687500
vn 0.0000000 0.0000000 -1.0000000
v 0.720000 -0.437500 -0.730000
vt 0.7812500 0.9687500
vn 0.0000000 0.0000000 -1.0000000
v 1.116246 -0.437500 -0.730000
vt 0.7812500 0.9687500
vn 0.0000000 0.0000000 -1.0000000
f 7438/7438/7438 7439/7439/7439 7440/7440/7440
v -1.114994 -0.356250 -0.730000
vt 0.7812500 0.9687500
vn 0.0000000 0.0000000 -1.0000000
v -0.720000 -0.356250 -0.730000
vt 0.7812500 0.9687500
vn 0.0000000 0.0000000 -1.0000000
v -0.720000 -0.437500 -0.730000
vt 0.7812500 0.9687500
vn 0.0000000 0.0000000 -1.0000000
f 7441/7441/7441 7442/7442/7442 7443/7443/7443
v -0.720000 -0.356250 -0.730000
vt 0.7812500 0.9687500
vn 1.0000000 0.0000000 0.0000000
v -0.720000 -0.356250 -0.520000
vt 0.7812500 0.9687500
vn 1.0000000 0.0000000 0.0000000
v -0.720000 -0.437500 -0.520000
vt 0.7812500 0.9687500
vn 1.0000000 0.0000000 0.0000000
f 7444/7444/7444 7445/7445/7445 7446/7446/7446
v -0.720000 -0.356250 -0.520000
vt 0.7812500 0.9687500
vn 0.0000000 0.0000000 -0.9999999
v 0.720000 -0.356250 -0.520000
vt 0.7812500 0.9687500
vn 0.0000000 0.0000000 -0.9999999
v 0.720000 -0.437500 -0.520000
vt 0.7812500 0.9687500
vn 0.0000000 0.0000000 -0.9999999
f 7447/7447/7447 7448/7448/7448 7449/7449/7449
v 0.720000 -0.356250 -0.520000
vt 0.7812500 0.9687500
vn -1.0000000 0.0000000 0.0000000
v 0.720000 -0.356250 -0.730000
vt 0.7812500 0.9687500
vn -1.0000000 0.0000000 0.0000000
v 0.720000 -0.437500 -0.730000
vt 0.7812500 0.9687500
vn -1.0000000 0.0000000 0.0000000
f 7450/7450/7450 7451/7451/7451 7452/7452/7452
v 0.720000 -0.437500 -0.730000
vt 0.7812500 0.9687500
vn 0.0000000 0.0000000 -1.0000000
v 0.720000 -0.356250 -0.730000
vt 0.7812500 0.9687500
vn 0.0000000 0.0000000 -1.0000000
v 1.114994 -0.356250 -0.730000
vt 0.7812500 0.9687500
vn 0.0000000 0.0000000 -1.0000000
f 7453/7453/7453 7454/7454/7454 7455/7455/7455
v -1.092127 -0.275000 -0.730000
vt 0.7812500 0.9687500
vn 0.0000000 0.0000000 -1.0000000
v -0.720000 -0.275000 -0.730000
vt 0.7812500 0.9687500
vn 0.0000000 0.0000000 -1.0000000
v -0.720000 -0.356250 -0.730000
vt 0.7812500 0.9687500
vn 0.0000000 0.0000000 -1.0000000
f 7456/7456/7456 7457/7457/7457 7458/7458/7458
v -0.720000 -0.275000 -0.730000
vt 0.7812500 0.9687500
vn 1.0000000 0.0000000 0.0000000
v -0.720000 -0.275000 -0.520000
vt 0.7812500 0.9687500
vn 1.0000000 0.0000000 0.0000000
v -0.720000 -0.356250 -0.520000
vt 0.7812500 0.9687500
vn 1.0000000 0.0000000 0.0000000
f 7459/7459/7459 7460/7460/7460 7461/7461/7461
v -0.720000 -0.275000 -0.520000
vt 0.7812500 0.9687500
vn 0.0000000 0.0000000 -1.0000000
v 0.720000 -0.275000 -0.520000
vt 0.7812500 0.9687500
vn 0.0000000 0.0000000 -1.0000000
v 0.720000 -0.356250 -0.520000
vt 0.7812500 0.9687500
vn 0.0000000 0.0000000 -1.0000000
f 7462/7462/7462 7463/7463/7463 7464/7464/7464
v 0.720000 -0.275000 -0.520000
vt 0.7812500 0.9687500
vn -1.0000000 0.0000000 0.0000000
v 0.720000 -0.275000 -0.730000
vt 0.7812500 0.9687500
vn -1.0000000 0.0000000 0.0000000
v 0.720000 -0.356250 -0.730000
vt 0.7812500 0.9687500
vn -1.0000000 0.0000000 0.0000000
f 7465/7465/7465 7466/7466/7466 7467/7467/7467
v 0.720000 -0.356250 -0.730000
vt 0.7812500 0.9687500
vn 0.0000000 0.0000000 -1.0000000
v 0.720000 -0.275000 -0.730000
vt 0.7812500 0.9687500
vn 0.0000000 0.0000000 -1.0000000
v 1.092127 -0.275000 -0.730000
vt 0.7812500 0.9687500
vn 0.0000000 0.0000000 -1.0000000
f 7468/7468/7468 7469/7469/7469 7470/7470/7470
v -1.086806 -0.193750 -0.730000
vt 0.7812500 0.9687500
vn 0.0000000 0.0000000 -1.0000000
v -0.720000 -0.193750 -0.730000
vt 0.7812500 0.9687500
vn 0.0000000 0.0000000 -1.0000000
v -0.720000 -0.275000 -0.730000
vt 0.7812500 0.9687500
vn 0.0000000 0.0000000 -1.0000000
f 7471/7471/7471 7472/7472/7472 7473/7473/7473
v -0.720000 -0.193750 -0.730000
vt 0.7812500 0.9687500
vn 1.0000000 0.0000000 0.0000000
v -0.720000 -0.193750 -0.520000
vt 0.7812500 0.9687500
vn 1.0000000 0.0000000 0.0000000
v -0.720000 -0.275000 -0.520000
vt 0.7812500 0.9687500
vn 1.0000000 0.0000000 0.0000000
f 7474/7474/7474 7475/7475/7475 7476/7476/7476
v -0.720000 -0.193750 -0.520000
vt 0.7812500 0.9687500
vn 0.0000000 0.0000000 -0.9999999
v 0.720000 -0.193750 -0.520000
vt 0.7812500 0.9687500
vn 0.0000000 0.0000000 -0.9999999
v 0.720000 -0.275000 -0.520000
vt 0.7812500 0.9687500
vn 0.0000000 0.0000000 -0.9999999
f 7477/7477/7477 7478/7478/7478 7479/7479/7479
v 0.720000 -0.193750 -0.520000
vt 0.7812500 0.9687500
vn -1.0000000 0.0000000 0.0000000
v 0.720000 -0.193750 -0.730000
vt 0.7812500 0.9687500
vn -1.0000000 0.0000000 0.0000000
v 0.720000 -0.275000 -0.730000
vt 0.7812500 0.9687500
vn -1.0000000 0.0000000 0.0000000
f 7480/7480/7480 7481/7481/7481 7482/7482/7482
v 0.720000 -0.275000 -0.730000
vt 0.7812500 0.9687500
vn 0.0000000 0.0000000 -1.0000000
v 0.720000 -0.193750 -0.730000
vt 0.7812500 0.9687500
vn 0.0000000 0.0000000 -1.0000000
v 1.086806 -0.193750 -0.730000
vt 0.7812500 0.9687500
vn 0.0000000 0.0000000 -1.0000000
f 7483/7483/7483 7484/7484/7484 7485/7485/7485
v -1.086806 -0.193750 -0.730000
vt 0.7812500 0.9687500
vn 0.0000000 0.0000000 -0.9999999
v -1.087440 -0.112500 -0.730000
vt 0.7812500 0.9687500
vn 0.0000000 0.0000000 -0.9999999
v -0.720000 -0.112500 -0.730000
vt 0.7812500 0.9687500
vn 0.0000000 0.0000000 -0.9999999
f 7486/7486/7486 7487/7487/7487 7488/7488/7488
v -0.720000 -0.112500 -0.730000
vt 0.7812500 0.9687500
vn 1.0000000 0.0000000 0.0000000
v -0.720000 -0.112500 -0.520000
vt 0.7812500 0.9687500
vn 1.0000000 0.0000000 0.0000000
v -0.720000 -0.193750 -0.520000
vt 0.7812500 0.9687500
vn 1.0000000 0.0000000 0.0000000
f 7489/7489/7489 7490/7490/7490 7491/7491/7491
v -0.720000 -0.112500 -0.520000
vt 0.7812500 0.9687500
vn 0.0000000 0.0000000 -0.9999999
v 0.720000 -0.112500 -0.520000
vt 0.7812500 0.9687500
vn 0.0000000 0.0000000 -0.9999999
v 0.720000 -0.193750 -0.520000
vt 0.7812500 0.9687500
vn 0.0000000 0.0000000 -0.9999999
f 7492/7492/7492 7493/7493/7493 7494/7494/7494
v 0.720000 -0.112500 -0.520000
vt 0.7812500 0.9687500
vn -1.0000000 0.0000000 0.0000000
v 0.720000 -0.112500 -0.730000
vt 0.7812500 0.9687500
vn -1.0000000 0.0000000 0.0000000
v 0.720000 -0.193750 -0.730000
vt 0.7812500 0.9687500
vn -1.0000000 0.0000000 0.0000000
f 7495/7495/7495 7496/7496/7496 7497/7497/7497
v 0.720000 -0.112500 -0.730000
vt 0.7812500 0.9687500
vn 0.0000000 0.0000000 -0.9999999
v 1.087439 -0.112500 -0.730000
vt 0.7812500 0.9687500
vn 0.0000000 0.0000000 -0.9999999
v 1.086806 -0.193750 -0.730000
vt 0.7812500 0.9687500
vn 0.0000000 0.0000000 -0.9999999
f 7498/7498/7498 7499/7499/7499 7500/7500/7500
v -1.073117 -0.031250 -0.730000
vt 0.7812500 0.9687500
vn 0.0000000 0.0000000 -0.9999999
v -0.720000 -0.031250 -0.730000
vt 0.7812500 0.9687500
vn 0.0000000 0.0000000 -0.9999999
v -0.720000 -0.112500 -0.730000
vt 0.7812500 0.9687500
vn 0.0000000 0.0000000 -0.9999999
f 7501/7501/7501 7502/7502/7502 7503/7503/7503
v -0.720000 -0.031250 -0.730000
vt 0.7812500 0.9687500
vn 1.0000000 0.0000000 0.0000000
v -0.720000 -0.031250 -0.520000
vt 0.7812500 0.9687500
vn 1.0000000 0.0000000 0.0000000
v -0.720000 -0.112500 -0.520000
vt 0.7812500 0.9687500
vn 1.0000000 0.0000000 0.0000000
f 7504/7504/7504 7505/7505/7505 7506/7506/7506
v -0.720000 -0.031250 -0.520000
vt 0.7812500 0.9687500
vn 0.0000000 0.0000000 -1.0000000
v 0.720000 -0.031250 -0.520000
vt 0.7812500 0.9687500
vn 0.0000000 0.0000000 -1.0000000
v 0.720000 -0.112500 -0.520000
vt 0.7812500 0.9687500
vn 0.0000000 0.0000000 -1.0000000
f 7507/7507/7507 7508/7508/7508 7509/7509/7509
v 0.720000 -0.031250 -0.520000
vt 0.7812500 0.9687500
vn -1.0000000 0.0000000 0.0000000
v 0.720000 -0.031250 -0.730000
vt 0.7812500 0.9687500
vn -1.0000000 0.0000000 0.0000000
v 0.720000 -0.112500 -0.730000
vt 0.7812500 0.9687500
vn -1.0000000 0.0000000 0.0000000
f 7510/7510/7510 7511/7511/7511 7512/7512/7512
v 0.720000 -0.112500 -0.730000
vt 0.7812500 0.9687500
vn 0.0000000 0.0000000 -0.9999999
v 0.720000 -0.031250 -0.730000
vt 0.7812500 0.9687500
vn 0.0000000 0.0000000 -0.9999999
v 1.073117 -0.031250 -0.730000
vt 0.7812500 0.9687500
vn 0.0000000 0.0000000 -0.9999999
f 7513/7513/7513 7514/7514/7514 7515/7515/7515
v -1.073117 -0.031250 -0.730000
vt 0.7812500 0.9687500
vn 0.0000000 0.0000000 -0.9999999
v -1.074445 0.050000 -0.730000
vt 0.7812500 0.9687500
vn 0.0000000 0.0000000 -0.9999999
v -0.720000 0.050000 -0.730000
vt 0.7812500 0.9687500
vn 0.0000000 0.0000000 -0.9999999
f 7516/7516/7516 7517/7517/7517 7518/7518/7518
v -0.720000 0.050000 -0.730000
vt 0.7812500 0.9687500
vn 1.0000000 0.0000000 0.0000000
v -0.720000 0.050000 -0.520000
vt 0.7812500 0.9687500
vn 1.0000000 0.0000000 0.0000000
v -0.720000 -0.031250 -0.520000
vt 0.7812500 0.9687500
vn 1.0000000 0.0000000 0.0000000
f 7519/7519/7519 7520/7520/7520 7521/7521/7521
v -0.720000 0.050000 -0.520000
vt 0.7812500 0.9687500
vn 0.0000000 0.0000000 -1.0000000
v 0.720000 0.050000 -0.520000
vt 0.7812500 0.9687500
vn 0.0000000 0.0000000 -1.0000000
v 0.720000 -0.031250 -0.520000
vt 0.7812500 0.9687500
vn 0.0000000 0.0000000 -1.0000000
f 7522/7522/7522 7523/7523/7523 7524/7524/7524
v 0.720000 0.050000 -0.520000
vt 0.7812500 0.9687500
vn -1.0000000 0.0000000 0.0000000
v 0.720000 0.050000 -0.730000
vt 0.7812500 0.9687500
vn -1.0000000 0.0000000 0.0000000
v 0.720000 -0.031250 -0.730000
vt 0.7812500 0.9687500
vn -1.0000000 0.0000000 0.0000000
f 7525/7525/7525 7526/7526/7526 7527/7527/7527
v 0.720000 0.050000 -0.730000
vt 0.7812500 0.9687500
vn 0.0000000 0.0000000 -0.9999999
v 1.074445 0.050000 -0.730000
vt 0.7812500 0.9687500
vn 0.0000000 0.0000000 -0.9999999
v 1.073117 -0.031250 -0.730000
vt 0.7812500 0.9687500
vn 0.0000000 0.0000000 -0.9999999
f 7528/7528/7528 7529/7529/7529 7530/7530/7530
v -1.074445 0.050000 -0.730000
vt 0.7812500 0.9687500
vn 0.0000000 0.0000000 -1.0000000
v -1.076873 0.131250 -0.730000
vt 0.7812500 0.9687500
vn 0.0000000 0.0000000 -1.0000000
v -0.720000 0.131250 -0.730000
vt 0.7812500 0.9687500
vn 0.0000000 0.0000000 -1.0000000
f 7531/7531/7531 7532/7532/7532 7533/7533/7533
v -0.720000 0.131250 -0.730000
vt 0.7812500 0.9687500
vn 1.0000000 0.0000000 0.0000000
v -0.720000 0.131250 -0.520000
vt 0.7812500 0.9687500
vn 1.0000000 0.0000000 0.0000000
v -0.720000 0.050000 -0.520000
vt 0.7812500 0.9687500
vn 1.0000000 0.0000000 0.0000000
f 7534/7534/7534 7535/7535/7535 7536/7536/7536
v -0.720000 0.131250 -0.520000
vt 0.7812500 0.9687500
vn 0.0000000 0.0000000 -0.9999999
v 0.720000 0.131250 -0.520000
vt 0.7812500 0.9687500
vn 0.0000000 0.0000000 -0.9999999
v 0.720000 0.050000 -0.520000
vt 0.7812500 0.9687500
vn 0.0000000 0.0000000 -0.9999999
f 7537/7537/7537 7538/7538/7538 7539/7539/7539
v 0.720000 0.131250 -0.520000
vt 0.7812500 0.9687500
vn -1.0000000 0.0000000 0.0000000
v 0.720000 0.131250 -0.730000
vt 0.7812500 0.9687500
vn -1.0000000 0.0000000 0.0000000
v 0.720000 0.050000 -0.730000
vt 0.7812500 0.9687500
vn -1.0000000 0.0000000 0.0000000
f 7540/7540/7540 7541/7541/7541 7542/7542/7542
v 0.720000 0.131250 -0.730000
vt 0.7812500 0.9687500
vn 0.0000000 0.0000000 -1.0000000
v 1.076872 0.131250 -0.730000
vt 0.7812500 0.9687500
vn 0.0000000 0.0000000 -1.0000000
v 1.074445 0.050000 -0.730000
vt 0.7812500 0.9687500
vn 0.0000000 0.0000000 -1.0000000
f 7543/7543/7543 7544/7544/7544 7545/7545/7545
v -1.076873 0.131250 -0.730000
vt 0.7812500 0.9687500
vn 0.0000000 0.0000000 -1.0000000
v -1.079209 0.212500 -0.730000
vt 0.7812500 0.9687500
vn 0.0000000 0.0000000 -1.0000000
v -0.720000 0.212500 -0.730000
vt 0.7812500 0.9687500
vn 0.0000000 0.0000000 -1.0000000
f 7546/7546/7546 7547/7547/7547 7548/7548/7548
v -0.720000 0.212500 -0.730000
vt 0.7812500 0.9687500
vn 1.0000000 0.0000000 0.0000000
v -0.720000 0.212500 -0.520000
vt 0.7812500 0.9687500
vn 1.0000000 0.0000000 0.0000000
v -0.720000 0.131250 -0.520000
vt 0.7812500 0.9687500
vn 1.0000000 0.0000000 0.0000000
f 7549/7549/7549 7550/7550/7550 7551/7551/7551
v -0.720000 0.212500 -0.520000
vt 0.7812500 0.9687500
vn 0.0000000 0.0000000 -1.0000000
v 0.720000 0.212500 -0.520000
vt 0.7812500 0.9687500
vn 0.0000000 0.0000000 -1.0000000
v 0.720000 0.131250 -0.520000
vt 0.7812500 0.9687500
vn 0.0000000 0.0000000 -1.0000000
f 7552/7552/7552 7553/7553/7553 7554/7554/7554
v 0.720000 0.212500 -0.520000
vt 0.7812500 0.9687500
vn -1.0000000 0.0000000 0.0000000
v 0.720000 0.212500 -0.730000
vt 0.7812500 0.9687500
vn -1.0000000 0.0000000 0.0000000
v 0.720000 0.131250 -0.730000
vt 0.7812500 0.9687500
vn -1.0000000 0.0000000 0.0000000
f 7555/7555/7555 7556/7556/7556 7557/7557/7557
v 0.720000 0.212500 -0.730000
vt 0.7812500 0.9687500
vn 0.0000000 0.0000000 -1.0000000
v 1.079209 0.212500 -0.730000
vt 0.7812500 0.9687500
vn 0.0000000 0.0000000 -1.0000000
v 1.076872 0.131250 -0.730000
vt 0.7812500 0.9687500
vn 0.0000000 0.0000000 -1.0000000
f 7558/7558/7558 7559/7559/7559 7560/7560/7560
v -1.079209 0.212500 -0.730000
vt 0.7812500 0.9687500
vn 0.0000000 0.0000000 -0.9999999
v -1.081060 0.293750 -0.730000
vt 0.7812500 0.9687500
vn 0.0000000 0.0000000 -0.9999999
v -0.720000 0.293750 -0.730000
vt 0.7812500 0.9687500
vn 0.0000000 0.0000000 -0.9999999
f 7561/7561/7561 7562/7562/7562 7563/7563/7563
v -0.720000 0.293750 -0.730000
vt 0.7812500 0.9687500
vn 1.0000000 0.0000000 0.0000000
v -0.720000 0.293750 -0.520000
vt 0.7812500 0.9687500
vn 1.0000000 0.0000000 0.0000000
v -0.720000 0.212500 -0.520000
vt 0.7812500 0.9687500
vn 1.0000000 0.0000000 0.0000000
f 7564/7564/7564 7565/7565/7565 7566/7566/7566
v -0.720000 0.293750 -0.520000
vt 0.7812500 0.9687500
vn 0.0000000 0.0000000 -1.0000000
v 0.720000 0.293750 -0.520000
vt 0.7812500 0.9687500
vn 0.0000000 0.0000000 -1.0000000
v 0.720000 0.212500 -0.520000
vt 0.7812500 0.9687500
vn 0.0000000 0.0000000 -1.0000000
f 7567/7567/7567 7568/7568/7568 7569/7569/7569
v 0.720000 0.293750 -0.520000
vt 0.7812500 0.9687500
vn -1.0000000 0.0000000 0.0000000
v 0.720000 0.293750 -0.730000
vt 0.7812500 0.9687500
vn -1.0000000 0.0000000 0.0000000
v 0.720000 0.212500 -0.730000
vt 0.7812500 0.9687500
vn -1.0000000 0.0000000 0.0000000
f 7570/7570/7570 7571/7571/7571 7572/7572/7572
v 0.720000 0.293750 -0.730000
vt 0.7812500 0.9687500
vn 0.0000000 0.0000000 -1.0000000
v 1.081060 0.293750 -0.730000
vt 0.7812500 0.9687500
vn 0.0000000 0.0000000 -1.0000000
v 1.079209 0.212500 -0.730000
vt 0.7812500 0.9687500
vn 0.0000000 0.0000000 -1.0000000
f 7573/7573/7573 7574/7574/7574 7575/7575/7575
v -1.081060 0.293750 -0.730000
vt 0.7812500 0.9687500
vn 0.0000000 0.0000000 -1.0000000
v -1.086565 0.375000 -0.730000
vt 0.7812500 0.9687500
vn 0.0000000 0.0000000 -1.0000000
v -0.720000 0.375000 -0.730000
vt 0.7812500 0.9687500
vn 0.0000000 0.0000000 -1.0000000
f 7576/7576/7576 7577/7577/7577 7578/7578/7578
v -0.720000 0.375000 -0.730000
vt 0.7812500 0.9687500
vn 1.0000000 0.0000000 0.0000000
v -0.720000 0.375000 -0.520000
vt 0.7812500 0.9687500
vn 1.0000000 0.0000000 0.0000000
v -0.720000 0.293750 -0.520000
vt 0.7812500 0.9687500
vn 1.0000000 0.0000000 0.0000000
f 7579/7579/7579 7580/7580/7580 7581/7581/7581
v -0.720000 0.375000 -0.520000
vt 0.7812500 0.9687500
vn 0.0000000 0.0000000 -1.0000000
v 0.720000 0.375000 -0.520000
vt 0.7812500 0.9687500
vn 0.0000000 0.0000000 -1.0000000
v 0.720000 0.293750 -0.520000
vt 0.7812500 0.9687500
vn 0.0000000 0.0000000 -1.0000000
f 7582/7582/7582 7583/7583/7583 7584/7584/7584
v 0.720000 0.375000 -0.520000
vt 0.7812500 0.9687500
vn -1.0000000 0.0000000 0.0000000
v 0.720000 0.375000 -0.730000
vt 0.7812500 0.9687500
vn -1.0000000 0.0000000 0.0000000
v 0.720000 0.293750 -0.730000
vt 0.7812500 0.9687500
vn -1.0000000 0.0000000 0.0000000
f 7585/7585/7585 7586/7586/7586 7587/7587/7587
v 0.720000 0.375000 -0.730000
vt 0.7812500 0.9687500
vn 0.0000000 0.0000000 -0.9999999
v 1.086565 0.375000 -0.730000
vt 0.7812500 0.9687500
vn 0.0000000 0.0000000 -0.9999999
v 1.081060 0.293750 -0.730000
vt 0.7812500 0.9687500
vn 0.0000000 0.0000000 -0.9999999
f 7588/7588/7588 7589/7589/7589 7590/7590/7590
v -1.073716 0.456250 -0.730000
vt 0.7812500 0.9687500
vn 0.0000000 0.0000000 -1.0000000
v -0.720000 0.456250 -0.730000
vt 0.7812500 0.9687500
vn 0.0000000 0.0000000 -1.0000000
v -0.720000 0.375000 -0.730000
vt 0.7812500 0.9687500
vn 0.0000000 0.0000000 -1.0000000
f 7591/7591/7591 7592/7592/7592 7593/7593/7593
v -0.720000 0.456250 -0.730000
vt 0.7812500 0.9687500
vn 1.0000000 0.0000000 0.0000000
v -0.720000 0.456250 -0.520000
vt 0.7812500 0.9687500
vn 1.0000000 0.0000000 0.0000000
v -0.720000 0.375000 -0.520000
vt 0.7812500 0.9687500
vn 1.0000000 0.0000000 0.0000000
f 7594/7594/7594 7595/7595/7595 7596/7596/7596
v -0.720000 0.456250 -0.520000
vt 0.7812500 0.9687500
vn 0.0000000 0.0000000 -1.0000000
v 0.720000 0.456250 -0.520000
vt 0.7812500 0.9687500
vn 0.0000000 0.0000000 -1.0000000
v 0.720000 0.375000 -0.520000
vt 0.7812500 0.9687500
vn 0.0000000 0.0000000 -1.0000000
f 7597/7597/7597 7598/7598/7598 7599/7599/7599
v 0.720000 0.456250 -0.520000
vt 0.7812500 0.9687500
vn -1.0000000 0.0000000 0.0000000
v 0.720000 0.456250 -0.730000
vt 0.7812500 0.9687500
vn -1.0000000 0.0000000 0.0000000
v 0.720000 0.375000 -0.730000
vt 0.7812500 0.9687500
vn -1.0000000 0.0000000 0.0000000
f 7600/7600/7600 7601/7601/7601 7602/7602/7602
v 0.720000 0.375000 -0.730000
vt 0.7812500 0.9687500
vn 0.0000000 0.0000000 -1.0000000
v 0.720000 0.456250 -0.730000
vt 0.7812500 0.9687500
vn 0.0000000 0.0000000 -1.0000000
v 1.073716 0.456250 -0.730000
vt 0.7812500 0.9687500
vn 0.0000000 0.0000000 -1.0000000
f 7603/7603/7603 7604/7604/7604 7605/7605/7605
v -1.073716 0.456250 -0.730000
vt 0.7812500 0.9687500
vn 0.0000000 0.0000000 -1.0000000
v -1.076433 0.537500 -0.730000
vt 0.7812500 0.9687500
vn 0.0000000 0.0000000 -1.0000000
v -0.720000 0.537500 -0.730000
vt 0.7812500 0.9687500
vn 0.0000000 0.0000000 -1.0000000
f 7606/7606/7606 7607/7607/7607 7608/7608/7608
v -0.720000 0.537500 -0.730000
vt 0.7812500 0.9687500
vn 1.0000000 0.0000000 0.0000000
v -0.720000 0.537500 -0.520000
vt 0.7812500 0.9687500
vn 1.0000000 0.0000000 0.0000000
v -0.720000 0.456250 -0.520000
vt 0.7812500 0.9687500
vn 1.0000000 0.0000000 0.0000000
f 7609/7609/7609 7610/7610/7610 7611/7611/7611
v -0.720000 0.537500 -0.520000
vt 0.7812500 0.9687500
vn 0.0000000 0.0000000 -0.9999999
v 0.720000 0.537500 -0.520000
vt 0.7812500 0.9687500
vn 0.0000000 0.0000000 -0.9999999
v 0.720000 0.456250 -0.520000
vt 0.7812500 0.9687500
vn 0.0000000 0.0000000 -0.9999999
f 7612/7612/7612 7613/7613/7613 7614/7614/7614
v 0.720000 0.537500 -0.520000
vt 0.7812500 0.9687500
vn -1.0000000 0.0000000 0.0000000
v 0.720000 0.537500 -0.730000
vt 0.7812500 0.9687500
vn -1.0000000 0.0000000 0.0000000
v 0.720000 0.456250 -0.730000
vt 0.7812500 0.9687500
vn -1.0000000 0.0000000 0.0000000
f 7615/7615/7615 7616/7616/7616 7617/7617/7617
v 0.720000 0.537500 -0.730000
vt 0.7812500 0.9687500
vn 0.0000000 0.0000000 -0.9999999
v 1.076433 0.537500 -0.730000
vt 0.7812500 0.9687500
vn 0.0000000 0.0000000 -0.9999999
v 1.073716 0.456250 -0.730000
vt 0.7812500 0.9687500
vn 0.0000000 0.0000000 -0.9999999
f 7618/7618/7618 7619/7619/7619 7620/7620/7620
v -1.076433 0.537500 -0.730000
vt 0.7812500 0.9687500
vn 0.0000000 0.0000000 -0.9999999
v -1.078625 0.618750 -0.730000
vt 0.7812500 0.9687500
vn 0.0000000 0.0000000 -0.9999999
v -0.720000 0.618750 -0.730000
vt 0.7812500 0.9687500
vn 0.0000000 0.0000000 -0.9999999
f 7621/7621/7621 7622/7622/7622 7623/7623/7623
v -0.720000 0.618750 -0.730000
vt 0.7812500 0.9687500
vn 1.0000000 0.0000000 0.0000000
v -0.720000 0.618750 -0.520000
vt 0.7812500 0.9687500
vn 1.0000000 0.0000000 0.0000000
v -0.720000 0.537500 -0.520000
vt 0.7812500 0.9687500
vn 1.0000000 0.0000000 0.0000000
f 7624/7624/7624 7625/7625/7625 7626/7626/7626
v -0.720000 0.618750 -0.520000
vt 0.7812500 0.9687500
vn 0.0000000 0.0000000 -0.9999999
v 0.720000 0.618750 -0.520000
vt 0.7812500 0.9687500
vn 0.0000000 0.0000000 -0.9999999
v 0.720000 0.537500 -0.520000
vt 0.7812500 0.9687500
vn 0.0000000 0.0000000 -0.9999999
f 7627/7627/7627 7628/7628/7628 7629/7629/7629
v 0.720000 0.618750 -0.520000
vt 0.7812500 0.9687500
vn -1.0000000 0.0000000 0.0000000
v 0.720000 0.618750 -0.730000
vt 0.7812500 0.9687500
vn -1.0000000 0.0000000 0.0000000
v 0.720000 0.537500 -0.730000
vt 0.7812500 0.9687500
vn -1.0000000 0.0000000 0.0000000
f 7630/7630/7630 7631/7631/7631 7632/7632/7632
v 0.720000 0.618750 -0.730000
vt 0.7812500 0.9687500
vn 0.0000000 0.0000000 -1.0000000
v 1.078626 0.618750 -0.730000
vt 0.7812500 0.9687500
vn 0.0000000 0.0000000 -1.0000000
v 1.076433 0.537500 -0.730000
vt 0.7812500 0.9687500
vn 0.0000000 0.0000000 -1.0000000
f 7633/7633/7633 7634/7634/7634 7635/7635/7635
v -1.078625 0.618750 -0.730000
vt 0.7812500 0.9687500
vn 0.0000000 0.0000000 -1.0000000
v -1.078732 0.700000 -0.730000
vt 0.7812500 0.9687500
vn 0.0000000 0.0000000 -1.0000000
v -0.720000 0.700000 -0.730000
vt 0.7812500 0.9687500
vn 0.0000000 0.0000000 -1.0000000
f 7636/7636/7636 7637/7637/7637 7638/7638/7638
v -0.720000 0.700000 -0.730000
vt 0.7812500 0.9687500
vn 1.0000000 0.0000000 0.0000000
v -0.720000 0.700000 -0.520000
vt 0.7812500 0.9687500
vn 1.0000000 0.0000000 0.0000000
v -0.720000 0.618750 -0.520000
vt 0.7812500 0.9687500
vn 1.0000000 0.0000000 0.0000000
f 7639/7639/7639 7640/7640/7640 7641/7641/7641
v -0.720000 0.700000 -0.520000
vt 0.7812500 0.9687500
vn 0.0000000 0.0000000 -1.0000000
v 0.720000 0.700000 -0.520000
vt 0.7812500 0.9687500
vn 0.0000000 0.0000000 -1.0000000
v 0.720000 0.618750 -0.520000
vt 0.7812500 0.9687500
vn 0.0000000 0.0000000 -1.0000000
f 7642/7642/7642 7643/7643/7643 7644/7644/7644
v 0.720000 0.700000 -0.520000
vt 0.7812500 0.9687500
vn -1.0000000 0.0000000 0.0000000
v 0.720000 0.700000 -0.730000
vt 0.7812500 0.9687500
vn -1.0000000 0.0000000 0.0000000
v 0.720000 0.618750 -0.730000
vt 0.7812500 0.9687500
vn -1.0000000 0.0000000 0.0000000
f 7645/7645/7645 7646/7646/7646 7647/7647/7647
v 0.720000 0.700000 -0.730000
vt 0.7812500 0.9687500
vn 0.0000000 0.0000000 -1.0000000
v 1.078733 0.700000 -0.730000
vt 0.7812500 0.9687500
vn 0.0000000 0.0000000 -1.0000000
v 1.078626 0.618750 -0.730000
vt 0.7812500 0.9687500
vn 0.0000000 0.0000000 -1.0000000
f 7648/7648/7648 7649/7649/7649 7650/7650/7650
v -1.078732 0.700000 -0.730000
vt 0.7812500 0.9687500
vn 0.0000000 0.0000000 -1.0000000
v -1.078881 0.781250 -0.730000
vt 0.7812500 0.9687500
vn 0.0000000 0.0000000 -1.0000000
v -0.720000 0.781250 -0.730000
vt 0.7812500 0.9687500
vn 0.0000000 0.0000000 -1.0000000
f 7651/7651/7651 7652/7652/7652 7653/7653/7653
v -0.720000 0.781250 -0.730000
vt 0.7812500 0.9687500
vn 1.0000000 0.0000000 0.0000000
v -0.720000 0.781250 -0.520000
vt 0.7812500 0.9687500
vn 1.0000000 0.0000000 0.0000000
v -0.720000 0.700000 -0.520000
vt 0.7812500 0.9687500
vn 1.0000000 0.0000000 0.0000000
f 7654/7654/7654 7655/7655/7655 7656/7656/7656
v -0.720000 0.781250 -0.520000
vt 0.7812500 0.9687500
vn 0.0000000 0.0000000 -0.9999999
v 0.720000 0.781250 -0.520000
vt 0.7812500 0.9687500
vn 0.0000000 0.0000000 -0.9999999
v 0.720000 0.700000 -0.520000
vt 0.7812500 0.9687500
vn 0.0000000 0.0000000 -0.9999999
f 7657/7657/7657 7658/7658/7658 7659/7659/7659
v 0.720000 0.781250 -0.520000
vt 0.7812500 0.9687500
vn -1.0000000 0.0000000 0.0000000
v 0.720000 0.781250 -0.730000
vt 0.7812500 0.9687500
vn -1.0000000 0.0000000 0.0000000
v 0.720000 0.700000 -0.730000
vt 0.7812500 0.9687500
vn -1.0000000 0.0000000 0.0000000
f 7660/7660/7660 7661/7661/7661 7662/7662/7662
v 0.720000 0.781250 -0.730000
vt 0.7812500 0.9687500
vn 0.0000000 0.0000000 -1.0000000
v 1.078881 0.781250 -0.730000
vt 0.7812500 0.9687500
vn 0.0000000 0.0000000 -1.0000000
v 1.078733 0.700000 -0.730000
vt 0.7812500 0.9687500
vn 0.0000000 0.0000000 -1.0000000
f 7663/7663/7663 7664/7664/7664 7665/7665/7665
v -1.078881 0.781250 -0.730000
vt 0.7812500 0.9687500
vn 0.0000000 0.0000000 -1.0000000
v -1.079029 0.862500 -0.730000
vt 0.7812500 0.9687500
vn 0.0000000 0.0000000 -1.0000000
v -0.720000 0.862500 -0.730000
vt 0.7812500 0.9687500
vn 0.0000000 0.0000000 -1.0000000
f 7666/7666/7666 7667/7667/7667 7668/7668/7668
v -0.720000 0.862500 -0.730000
vt 0.7812500 0.9687500
vn 1.0000000 0.0000000 0.0000000
v -0.720000 0.862500 -0.520000
vt 0.7812500 0.9687500
vn 1.0000000 0.0000000 0.0000000
v -0.720000 0.781250 -0.520000
vt 0.7812500 0.9687500
vn 1.0000000 0.0000000 0.0000000
f 7669/7669/7669 7670/7670/7670 7671/7671/7671
v -0.720000 0.862500 -0.520000
vt 0.7812500 0.9687500
vn 0.0000000 0.0000000 -1.0000000
v 0.720000 0.862500 -0.520000
vt 0.7812500 0.9687500
vn 0.0000000 0.0000000 -1.0000000
v 0.720000 0.781250 -0.520000
vt 0.7812500 0.9687500
vn 0.0000000 0.0000000 -1.0000000
f 7672/7672/7672 7673/7673/7673 7674/7674/7674
v 0.720000 0.862500 -0.520000
vt 0.7812500 0.9687500
vn -1.0000000 0.0000000 0.0000000
v 0.720000 0.862500 -0.730000
vt 0.7812500 0.9687500
vn -1.0000000 0.0000000 0.0000000
v 0.720000 0.781250 -0.730000
vt 0.7812500 0.9687500
vn -1.0000000 0.0000000 0.0000000
f 7675/7675/7675 7676/7676/7676 7677/7677/7677
v 0.720000 0.862500 -0.730000
vt 0.7812500 0.9687500
vn 0.0000000 0.0000000 -0.9999999
v 1.079029 0.862500 -0.730000
vt 0.7812500 0.9687500
vn 0.0000000 0.0000000 -0.9999999
v 1.078881 0.781250 -0.730000
vt 0.7812500 0.9687500
vn 0.0000000 0.0000000 -0.9999999
f 7678/7678/7678 7679/7679/7679 7680/7680/7680
v -1.079029 0.862500 -0.730000
vt 0.7812500 0.9687500
vn 0.0000000 0.0000000 -0.9999999
v -1.079177 0.943750 -0.730000
vt 0.7812500 0.9687500
vn 0.0000000 0.0000000 -0.9999999
v -0.720000 0.943750 -0.730000
vt 0.7812500 0.9687500
vn 0.0000000 0.0000000 -0.9999999
f 7681/7681/7681 7682/7682/7682 7683/7683/7683
v -0.720000 0.943750 -0.730000
vt 0.7812500 0.9687500
vn 1.0000000 0.0000000 0.0000000
v -0.720000 0.943750 -0.520000
vt 0.7812500 0.9687500
vn 1.0000000 0.0000000 0.0000000
v -0.720000 0.862500 -0.520000
vt 0.7812500 0.9687500
vn 1.0000000 0.0000000 0.0000000
f 7684/7684/7684 7685/7685/7685 7686/7686/7686
v -0.720000 0.943750 -0.520000
vt 0.7812500 0.9687500
vn 0.0000000 0.0000000 -0.9999999
v 0.720000 0.943750 -0.520000
vt 0.7812500 0.9687500
vn 0.0000000 0.0000000 -0.9999999
v 0.720000 0.862500 -0.520000
vt 0.7812500 0.9687500
vn 0.0000000 0.0000000 -0.9999999
f 7687/7687/7687 7688/7688/7688 7689/7689/7689
v 0.720000 0.943750 -0.520000
vt 0.7812500 0.9687500
vn -1.0000000 0.0000000 0.0000000
v 0.720000 0.943750 -0.730000
vt 0.7812500 0.9687500
vn -1.0000000 0.0000000 0.0000000
v 0.720000 0.862500 -0.730000
vt 0.7812500 0.9687500
vn -1.0000000 0.0000000 0.0000000
f 7690/7690/7690 7691/7691/7691 7692/7692/7692
v 0.720000 0.943750 -0.730000
vt 0.7812500 0.9687500
vn 0.0000000 0.0000000 -1.0000000
v 1.079177 0.943750 -0.730000
vt 0.7812500 0.9687500
vn 0.0000000 0.0000000 -1.0000000
v 1.079029 0.862500 -0.730000
vt 0.7812500 0.9687500
vn 0.0000000 0.0000000 -1.0000000
f 7693/7693/7693 7694/7694/7694 7695/7695/7695
v -1.079177 0.943750 -0.730000
vt 0.7812500 0.9687500
vn 0.0000000 0.0000000 -1.0000000
v -1.079431 1.025000 -0.730000
vt 0.7812500 0.9687500
vn 0.0000000 0.0000000 -1.0000000
v -0.720000 1.025000 -0.730000
vt 0.7812500 0.9687500
vn 0.0000000 0.0000000 -1.0000000
f 7696/7696/7696 7697/7697/7697 7698/7698/7698
v -0.720000 1.025000 -0.730000
vt 0.7812500 0.9687500
vn 1.0000000 0.0000000 0.0000000
v -0.720000 1.025000 -0.520000
vt 0.7812500 0.9687500
vn 1.0000000 0.0000000 0.0000000
v -0.720000 0.943750 -0.520000
vt 0.7812500 0.9687500
vn 1.0000000 0.0000000 0.0000000
f 7699/7699/7699 7700/7700/7700 7701/7701/7701
v -0.720000 1.025000 -0.520000
vt 0.7812500 0.9687500
vn 0.0000000 0.0000000 -1.0000000
v 0.720000 1.025000 -0.520000
vt 0.7812500 0.9687500
vn 0.0000000 0.0000000 -1.0000000
v 0.720000 0.943750 -0.520000
vt 0.7812500 0.9687500
vn 0.0000000 0.0000000 -1.0000000
f 7702/7702/7702 7703/7703/7703 7704/7704/7704
v 0.720000 1.025000 -0.520000
vt 0.7812500 0.9687500
vn -1.0000000 0.0000000 0.0000000
v 0.720000 1.025000 -0.730000
vt 0.7812500 0.9687500
vn -1.0000000 0.0000000 0.0000000
v 0.720000 0.943750 -0.730000
vt 0.7812500 0.9687500
vn -1.0000000 0.0000000 0.0000000
f 7705/7705/7705 7706/7706/7706 7707/7707/7707
v 0.720000 1.025000 -0.730000
vt 0.7812500 0.9687500
vn 0.0000000 0.0000000 -0.9999999
v 1.079431 1.025000 -0.730000
vt 0.7812500 0.9687500
vn 0.0000000 0.0000000 -0.9999999
v 1.079177 0.943750 -0.730000
vt 0.7812500 0.9687500
vn 0.0000000 0.0000000 -0.9999999
f 7708/7708/7708 7709/7709/7709 7710/7710/7710
v -1.079431 1.025000 -0.730000
vt 0.7812500 0.9687500
vn 0.0000000 0.0000000 -1.0000000
v -1.079726 1.106250 -0.730000
vt 0.7812500 0.9687500
vn 0.0000000 0.0000000 -1.0000000
v -0.720000 1.106250 -0.730000
vt 0.7812500 0.9687500
vn 0.0000000 0.0000000 -1.0000000
f 7711/7711/7711 7712/7712/7712 7713/7713/7713
v -0.720000 1.106250 -0.730000
vt 0.7812500 0.9687500
vn 1.0000000 0.0000000 0.0000000
v -0.720000 1.106250 -0.520000
vt 0.7812500 0.9687500
vn 1.0000000 0.0000000 0.0000000
v -0.720000 1.025000 -0.520000
vt 0.7812500 0.9687500
vn 1.0000000 0.0000000 0.0000000
f 7714/7714/7714 7715/7715/7715 7716/7716/7716
v -0.720000 1.106250 -0.520000
vt 0.7812500 0.9687500
vn 0.0000000 0.0000000 -1.0000000
v 0.720000 1.106250 -0.520000
vt 0.7812500 0.9687500
vn 0.0000000 0.0000000 -1.0000000
v 0.720000 1.025000 -0.520000
vt 0.7812500 0.9687500
vn 0.0000000 0.0000000 -1.0000000
f 7717/7717/7717 7718/7718/7718 7719/7719/7719
v 0.720000 1.106250 -0.520000
vt 0.7812500 0.9687500
vn -1.0000000 0.0000000 0.0000000
v 0.720000 1.106250 -0.730000
vt 0.7812500 0.9687500
vn -1.0000000 0.0000000 0.0000000
v 0.720000 1.025000 -0.730000
vt 0.7812500 0.9687500
vn -1.0000000 0.0000000 0.0000000
f 7720/7720/7720 7721/7721/7721 7722/7722/7722
v 0.720000 1.106250 -0.730000
vt 0.7812500 0.9687500
vn 0.0000000 0.0000000 -1.0000000
v 1.079726 1.106250 -0.730000
vt 0.7812500 0.9687500
vn 0.0000000 0.0000000 -1.0000000
v 1.079431 1.025000 -0.730000
vt 0.7812500 0.9687500
vn 0.0000000 0.0000000 -1.0000000
f 7723/7723/7723 7724/7724/7724 7725/7725/7725
v -1.079726 1.106250 -0.730000
vt 0.7812500 0.9687500
vn 0.0000000 0.0000000 -0.9999999
v -1.096742 1.187500 -0.730000
vt 0.7812500 0.9687500
vn 0.0000000 0.0000000 -0.9999999
v -0.720000 1.187500 -0.730000
vt 0.7812500 0.9687500
vn 0.0000000 0.0000000 -0.9999999
f 7726/7726/7726 7727/7727/7727 7728/7728/7728
v -0.720000 1.187500 -0.730000
vt 0.7812500 0.9687500
vn 1.0000000 0.0000000 0.0000000
v -0.720000 1.187500 -0.520000
vt 0.7812500 0.9687500
vn 1.0000000 0.0000000 0.0000000
v -0.720000 1.106250 -0.520000
vt 0.7812500 0.9687500
vn 1.0000000 0.0000000 0.0000000
f 7729/7729/7729 7730/7730/7730 7731/7731/7731
v -0.720000 1.187500 -0.520000
vt 0.7812500 0.9687500
vn 0.0000000 0.0000000 -0.9999999
v 0.720000 1.187500 -0.520000
vt 0.7812500 0.9687500
vn 0.0000000 0.0000000 -0.9999999
v 0.720000 1.106250 -0.520000
vt 0.7812500 0.9687500
vn 0.0000000 0.0000000 -0.9999999
f 7732/7732/7732 7733/7733/7733 7734/7734/7734
v 0.720000 1.187500 -0.520000
vt 0.7812500 0.9687500
vn -1.0000000 0.0000000 0.0000000
v 0.720000 1.187500 -0.730000
vt 0.7812500 0.9687500
vn -1.0000000 0.0000000 0.0000000
v 0.720000 1.106250 -0.730000
vt 0.7812500 0.9687500
vn -1.0000000 0.0000000 0.0000000
f 7735/7735/7735 7736/7736/7736 7737/7737/7737
v 0.720000 1.187500 -0.730000
vt 0.7812500 0.9687500
vn 0.0000000 0.0000000 -1.0000000
v 1.096741 1.187500 -0.730000
vt 0.7812500 0.9687500
vn 0.0000000 0.0000000 -1.0000000
v 1.079726 1.106250 -0.730000
vt 0.7812500 0.9687500
vn 0.0000000 0.0000000 -1.0000000
f 7738/7738/7738 7739/7739/7739 7740/7740/7740
v -1.096742 1.187500 -0.730000
vt 0.7812500 0.9687500
vn 0.0000000 0.0000000 -1.0000000
v -1.097311 1.268750 -0.730000
vt 0.7812500 0.9687500
vn 0.0000000 0.0000000 -1.0000000
v -0.720000 1.268750 -0.730000
vt 0.7812500 0.9687500
vn 0.0000000 0.0000000 -1.0000000
f 7741/7741/7741 7742/7742/7742 7743/7743/7743
v -0.720000 1.268750 -0.730000
vt 0.7812500 0.9687500
vn 1.0000000 0.0000000 0.0000000
v -0.720000 1.268750 -0.520000
vt 0.7812500 0.9687500
vn 1.0000000 0.0000000 0.0000000
v -0.720000 1.187500 -0.520000
vt 0.7812500 0.9687500
vn 1.0000000 0.0000000 0.0000000
f 7744/7744/7744 7745/7745/7745 7746/7746/7746
v -0.720000 1.268750 -0.520000
vt 0.7812500 0.9687500
vn 0.0000000 0.0000000 -0.9999999
v 0.720000 1.268750 -0.520000
vt 0.7812500 0.9687500
vn 0.0000000 0.0000000 -0.9999999
v 0.720000 1.187500 -0.520000
vt 0.7812500 0.9687500
vn 0.0000000 0.0000000 -0.9999999
f 7747/7747/7747 7748/7748/7748 7749/7749/7749
v 0.720000 1.268750 -0.520000
vt 0.7812500 0.9687500
vn -1.0000000 0.0000000 0.0000000
v 0.720000 1.268750 -0.730000
vt 0.7812500 0.9687500
vn -1.0000000 0.0000000 0.0000000
v 0.720000 1.187500 -0.730000
vt 0.7812500 0.9687500
vn -1.0000000 0.0000000 0.0000000
f 7750/7750/7750 7751/7751/7751 7752/7752/7752
v 0.720000 1.268750 -0.730000
vt 0.7812500 0.9687500
vn 0.0000000 0.0000000 -0.9999999
v 1.097311 1.268750 -0.730000
vt 0.7812500 0.9687500
vn 0.0000000 0.0000000 -0.9999999
v 1.096741 1.187500 -0.730000
vt 0.7812500 0.9687500
vn 0.0000000 0.0000000 -0.9999999
f 7753/7753/7753 7754/7754/7754 7755/7755/7755
v -1.097311 1.268750 -0.730000
vt 0.7812500 0.9687500
vn 0.0000000 0.0000000 -1.0000000
v -1.103951 1.350000 -0.730000
vt 0.7812500 0.9687500
vn 0.0000000 0.0000000 -1.0000000
v -0.720000 1.350000 -0.730000
vt 0.7812500 0.9687500
vn 0.0000000 0.0000000 -1.0000000
f 7756/7756/7756 7757/7757/7757 7758/7758/7758
v -0.720000 1.350000 -0.730000
vt 0.7812500 0.9687500
vn 1.0000000 0.0000000 0.0000000
v -0.720000 1.350000 -0.520000
vt 0.7812500 0.9687500
vn 1.0000000 0.0000000 0.0000000
v -0.720000 1.268750 -0.520000
vt 0.7812500 0.9687500
vn 1.0000000 0.0000000 0.0000000
f 7759/7759/7759 7760/7760/7760 7761/7761/7761
v -0.720000 1.350000 -0.520000
vt 0.7812500 0.9687500
vn 0.0000000 0.0000000 -0.9999999
v 0.720000 1.350000 -0.520000
vt 0.7812500 0.9687500
vn 0.0000000 0.0000000 -0.9999999
v 0.720000 1.268750 -0.520000
vt 0.7812500 0.9687500
vn 0.0000000 0.0000000 -0.9999999
f 7762/7762/7762 7763/7763/7763 7764/7764/7764
v 0.720000 1.350000 -0.520000
vt 0.7812500 0.9687500
vn -1.0000000 0.0000000 0.0000000
v 0.720000 1.350000 -0.730000
vt 0.7812500 0.9687500
vn -1.0000000 0.0000000 0.0000000
v 0.720000 1.268750 -0.730000
vt 0.7812500 0.9687500
vn -1.0000000 0.0000000 0.0000000
f 7765/7765/7765 7766/7766/7766 7767/7767/7767
v 0.720000 1.350000 -0.730000
vt 0.7812500 0.9687500
vn 0.0000000 0.0000000 -1.0000000
v 1.103951 1.350000 -0.730000
vt 0.7812500 0.9687500
vn 0.0000000 0.0000000 -1.0000000
v 1.097311 1.268750 -0.730000
vt 0.7812500 0.9687500
vn 0.0000000 0.0000000 -1.0000000
f 7768/7768/7768 7769/7769/7769 7770/7770/7770
v -1.103951 1.350000 -0.730000
vt 0.7812500 0.9687500
vn 0.0000000 0.0000000 -1.0000000
v -1.120240 1.380000 -0.730000
vt 0.7812500 0.9687500
vn 0.0000000 0.0000000 -1.0000000
v -0.720000 1.380000 -0.730000
vt 0.7812500 0.9687500
vn 0.0000000 0.0000000 -1.0000000
f 7771/7771/7771 7772/7772/7772 7773/7773/7773
v -0.720000 1.380000 -0.730000
vt 0.7812500 0.9687500
vn 1.0000000 0.0000000 0.0000000
v -0.720000 1.380000 -0.520000
vt 0.7812500 0.9687500
vn 1.0000000 0.0000000 0.0000000
v -0.720000 1.350000 -0.520000
vt 0.7812500 0.9687500
vn 1.0000000 0.0000000 0.0000000
f 7774/7774/7774 7775/7775/7775 7776/7776/7776
v -0.720000 1.380000 -0.520000
vt 0.7812500 0.9687500
vn 0.0000000 0.0000000 -1.0000000
v 0.720000 1.380000 -0.520000
vt 0.7812500 0.9687500
vn 0.0000000 0.0000000 -1.0000000
v 0.720000 1.350000 -0.520000
vt 0.7812500 0.9687500
vn 0.0000000 0.0000000 -1.0000000
f 7777/7777/7777 7778/7778/7778 7779/7779/7779
v 0.720000 1.380000 -0.520000
vt 0.7812500 0.9687500
vn -1.0000000 0.0000000 0.0000000
v 0.720000 1.380000 -0.730000
vt 0.7812500 0.9687500
vn -1.0000000 0.0000000 0.0000000
v 0.720000 1.350000 -0.730000
vt 0.7812500 0.9687500
vn -1.0000000 0.0000000 0.0000000
f 7780/7780/7780 7781/7781/7781 7782/7782/7782
v 0.720000 1.380000 -0.730000
vt 0.7812500 0.9687500
vn 0.0000000 0.0000000 -1.0000000
v 1.120241 1.380000 -0.730000
vt 0.7812500 0.9687500
vn 0.0000000 0.0000000 -1.0000000
v 1.103951 1.350000 -0.730000
vt 0.7812500 0.9687500
vn 0.0000000 0.0000000 -1.0000000
f 7783/7783/7783 7784/7784/7784 7785/7785/7785
v -1.120240 1.380000 -0.730000
vt 0.7812500 0.9687500
vn 0.0000000 0.0000000 -1.0000000
v -1.125988 1.431250 -0.730000
vt 0.7812500 0.9687500
vn 0.0000000 0.0000000 -1.0000000
v -0.720000 1.431250 -0.730000
vt 0.7812500 0.9687500
vn 0.0000000 0.0000000 -1.0000000
f 7786/7786/7786 7787/7787/7787 7788/7788/7788
v -0.720000 1.431250 -0.730000
vt 0.7812500 0.9687500
vn 1.0000000 0.0000000 0.0000000
v -0.720000 1.431250 -0.520000
vt 0.7812500 0.9687500
vn 1.0000000 0.0000000 0.0000000
v -0.720000 1.380000 -0.520000
vt 0.7812500 0.9687500
vn 1.0000000 0.0000000 0.0000000
f 7789/7789/7789 7790/7790/7790 7791/7791/7791
v -0.720000 1.431250 -0.520000
vt 0.7812500 0.9687500
vn 0.0000000 0.0000000 -1.0000000
v 0.720000 1.431250 -0.520000
vt 0.7812500 0.9687500
vn 0.0000000 0.0000000 -1.0000000
v 0.720000 1.380000 -0.520000
vt 0.7812500 0.9687500
vn 0.0000000 0.0000000 -1.0000000
f 7792/7792/7792 7793/7793/7793 7794/7794/7794
v 0.720000 1.431250 -0.520000
vt 0.7812500 0.9687500
vn -1.0000000 0.0000000 0.0000000
v 0.720000 1.431250 -0.730000
vt 0.7812500 0.9687500
vn -1.0000000 0.0000000 0.0000000
v 0.720000 1.380000 -0.730000
vt 0.7812500 0.9687500
vn -1.0000000 0.0000000 0.0000000
f 7795/7795/7795 7796/7796/7796 7797/7797/7797
v 0.720000 1.431250 -0.730000
vt 0.7812500 0.9687500
vn 0.0000000 0.0000000 -1.0000000
v 1.125988 1.431250 -0.730000
vt 0.7812500 0.9687500
vn 0.0000000 0.0000000 -1.0000000
v 1.120241 1.380000 -0.730000
vt 0.7812500 0.9687500
vn 0.0000000 0.0000000 -1.0000000
f 7798/7798/7798 7799/7799/7799 7800/7800/7800
v -1.125002 1.440000 -0.728000
vt 0.7812500 0.9687500
vn 0.0000000 0.2228303 -0.9748573
v -0.720000 1.440000 -0.728000
vt 0.7812500 0.9687500
vn 0.0000000 0.2228303 -0.9748573
v -0.720000 1.431250 -0.730000
vt 0.7812500 0.9687500
vn 0.0000000 0.2228303 -0.9748573
f 7801/7801/7801 7802/7802/7802 7803/7803/7803
v -0.720000 1.440000 -0.728000
vt 0.7812500 0.9687500
vn 1.0000000 0.0000000 0.0000000
v -0.720000 1.440000 -0.520000
vt 0.7812500 0.9687500
vn 1.0000000 0.0000000 0.0000000
v -0.720000 1.431250 -0.520000
vt 0.7812500 0.9687500
vn 1.0000000 0.0000000 0.0000000
f 7804/7804/7804 7805/7805/7805 7806/7806/7806
v -0.720000 1.440000 -0.520000
vt 0.7812500 0.9687500
vn 0.0000000 0.0000000 -1.0000000
v 0.720000 1.440000 -0.520000
vt 0.7812500 0.9687500
vn 0.0000000 0.0000000 -1.0000000
v 0.720000 1.431250 -0.520000
vt 0.7812500 0.9687500
vn 0.0000000 0.0000000 -1.0000000
f 7807/7807/7807 7808/7808/7808 7809/7809/7809
v 0.720000 1.431250 -0.520000
vt 0.7812500 0.9687500
vn -1.0000000 0.0000000 0.0000000
v 0.720000 1.440000 -0.520000
vt 0.7812500 0.9687500
vn -1.0000000 0.0000000 0.0000000
v 0.720000 1.440000 -0.728000
vt 0.7812500 0.9687500
vn -1.0000000 0.0000000 0.0000000
f 7810/7810/7810 7811/7811/7811 7812/7812/7812
v 0.720000 1.431250 -0.730000
vt 0.7812500 0.9687500
vn 0.0000000 0.2228303 -0.9748573
v 0.720000 1.440000 -0.728000
vt 0.7812500 0.9687500
vn 0.0000000 0.2228303 -0.9748573
v 1.125002 1.440000 -0.728000
vt 0.7812500 0.9687500
vn 0.0000000 0.2228303 -0.9748573
f 7813/7813/7813 7814/7814/7814 7815/7815/7815
v -1.125002 1.440000 -0.728000
vt 0.7812500 0.9687500
vn 0.0000000 0.4107455 -0.9117501
v -1.131884 1.450000 -0.723495
vt 0.7812500 0.9687500
vn 0.0000000 0.4107455 -0.9117501
v -0.720000 1.450000 -0.723495
vt 0.7812500 0.9687500
vn 0.0000000 0.4107455 -0.9117501
f 7816/7816/7816 7817/7817/7817 7818/7818/7818
v -0.720000 1.450000 -0.723495
vt 0.7812500 0.9687500
vn 1.0000000 0.0000000 0.0000000
v -0.720000 1.450000 -0.520000
vt 0.7812500 0.9687500
vn 1.0000000 0.0000000 0.0000000
v -0.720000 1.440000 -0.520000
vt 0.7812500 0.9687500
vn 1.0000000 0.0000000 0.0000000
f 7819/7819/7819 7820/7820/7820 7821/7821/7821
v -0.720000 1.450000 -0.520000
vt 0.7812500 0.9687500
vn 0.0000000 0.0000000 -1.0000000
v 0.720000 1.450000 -0.520000
vt 0.7812500 0.9687500
vn 0.0000000 0.0000000 -1.0000000
v 0.720000 1.440000 -0.520000
vt 0.7812500 0.9687500
vn 0.0000000 0.0000000 -1.0000000
f 7822/7822/7822 7823/7823/7823 7824/7824/7824
v 0.720000 1.440000 -0.520000
vt 0.7812500 0.9687500
vn -1.0000000 0.0000000 0.0000000
v 0.720000 1.450000 -0.520000
vt 0.7812500 0.9687500
vn -1.0000000 0.0000000 0.0000000
v 0.720000 1.450000 -0.723496
vt 0.7812500 0.9687500
vn -1.0000000 0.0000000 0.0000000
f 7825/7825/7825 7826/7826/7826 7827/7827/7827
v 0.720000 1.450000 -0.723496
vt 0.7812500 0.9687500
vn 0.0000000 0.4106656 -0.9117861
v 1.131884 1.450000 -0.723496
vt 0.7812500 0.9687500
vn 0.0000000 0.4106656 -0.9117861
v 1.125002 1.440000 -0.728000
vt 0.7812500 0.9687500
vn 0.0000000 0.4106656 -0.9117861
f 7828/7828/7828 7829/7829/7829 7830/7830/7830
v -1.131884 1.450000 -0.723495
vt 0.7812500 0.9687500
vn 0.0000000 0.9769718 -0.2133686
v -1.135325 1.460000 -0.677707
vt 0.7812500 0.9687500
vn 0.0000000 0.9769718 -0.2133686
v -0.720000 1.460000 -0.677707
vt 0.7812500 0.9687500
vn 0.0000000 0.9769718 -0.2133686
f 7831/7831/7831 7832/7832/7832 7833/7833/7833
v -0.720000 1.460000 -0.677707
vt 0.7812500 0.9687500
vn 1.0000000 0.0000000 0.0000000
v -0.720000 1.460000 -0.520000
vt 0.7812500 0.9687500
vn 1.0000000 0.0000000 0.0000000
v -0.720000 1.450000 -0.520000
vt 0.7812500 0.9687500
vn 1.0000000 0.0000000 0.0000000
f 7834/7834/7834 7835/7835/7835 7836/7836/7836
v -0.720000 1.460000 -0.520000
vt 0.7812500 0.9687500
vn 0.0000000 0.0000000 -1.0000000
v 0.720000 1.460000 -0.520000
vt 0.7812500 0.9687500
vn 0.0000000 0.0000000 -1.0000000
v 0.720000 1.450000 -0.520000
vt 0.7812500 0.9687500
vn 0.0000000 0.0000000 -1.0000000
f 7837/7837/7837 7838/7838/7838 7839/7839/7839
v 0.720000 1.450000 -0.520000
vt 0.7812500 0.9687500
vn -0.9999999 0.0000000 0.0000000
v 0.720000 1.460000 -0.520000
vt 0.7812500 0.9687500
vn -0.9999999 0.0000000 0.0000000
v 0.720000 1.460000 -0.677708
vt 0.7812500 0.9687500
vn -0.9999999 0.0000000 0.0000000
f 7840/7840/7840 7841/7841/7841 7842/7842/7842
v 0.720000 1.460000 -0.677708
vt 0.7812500 0.9687500
vn 0.0000000 0.9769714 -0.2133698
v 1.135324 1.460000 -0.677708
vt 0.7812500 0.9687500
vn 0.0000000 0.9769714 -0.2133698
v 1.131884 1.450000 -0.723496
vt 0.7812500 0.9687500
vn 0.0000000 0.9769714 -0.2133698
f 7843/7843/7843 7844/7844/7844 7845/7845/7845
v -1.128374 1.480000 -0.575584
vt 0.7812500 0.9687500
vn 0.0000000 0.9813573 -0.1921919
v -0.720000 1.480000 -0.575584
vt 0.7812500 0.9687500
vn 0.0000000 0.9813573 -0.1921919
v -0.720000 1.460000 -0.677707
vt 0.7812500 0.9687500
vn 0.0000000 0.9813573 -0.1921919
f 7846/7846/7846 7847/7847/7847 7848/7848/7848
v -0.720000 1.480000 -0.575584
vt 0.7812500 0.9687500
vn 1.0000000 0.0000000 0.0000000
v -0.720000 1.480000 -0.520000
vt 0.7812500 0.9687500
vn 1.0000000 0.0000000 0.0000000
v -0.720000 1.460000 -0.520000
vt 0.7812500 0.9687500
vn 1.0000000 0.0000000 0.0000000
f 7849/7849/7849 7850/7850/7850 7851/7851/7851
v -0.720000 1.480000 -0.520000
vt 0.7812500 0.9687500
vn 0.0000000 0.0000000 -1.0000000
v 0.720000 1.480000 -0.520000
vt 0.7812500 0.9687500
vn 0.0000000 0.0000000 -1.0000000
v 0.720000 1.460000 -0.520000
vt 0.7812500 0.9687500
vn 0.0000000 0.0000000 -1.0000000
f 7852/7852/7852 7853/7853/7853 7854/7854/7854
v 0.720000 1.460000 -0.520000
vt 0.7812500 0.9687500
vn -1.0000000 0.0000000 0.0000000
v 0.720000 1.480000 -0.520000
vt 0.7812500 0.9687500
vn -1.0000000 0.0000000 0.0000000
v 0.720000 1.480000 -0.575585
vt 0.7812500 0.9687500
vn -1.0000000 0.0000000 0.0000000
f 7855/7855/7855 7856/7856/7856 7857/7857/7857
v 0.720000 1.460000 -0.677708
vt 0.7812500 0.9687500
vn 0.0000000 0.9813575 -0.1921913
v 0.720000 1.480000 -0.575585
vt 0.7812500 0.9687500
vn 0.0000000 0.9813575 -0.1921913
v 1.128375 1.480000 -0.575585
vt 0.7812500 0.9687500
vn 0.0000000 0.9813575 -0.1921913
f 7858/7858/7858 7859/7859/7859 7860/7860/7860
v -1.128374 1.480000 -0.575584
vt 0.7812500 0.9687500
vn 0.0000000 0.9749296 -0.2225137
v -1.136175 1.490000 -0.531770
vt 0.7812500 0.9687500
vn 0.0000000 0.9749296 -0.2225137
v -0.720000 1.490000 -0.531770
vt 0.7812500 0.9687500
vn 0.0000000 0.9749296 -0.2225137
f 7861/7861/7861 7862/7862/7862 7863/7863/7863
v -0.720000 1.490000 -0.531770
vt 0.7812500 0.9687500
vn 0.9999999 0.0000000 0.0000000
v -0.720000 1.490000 -0.520000
vt 0.7812500 0.9687500
vn 0.9999999 0.0000000 0.0000000
v -0.720000 1.480000 -0.520000
vt 0.7812500 0.9687500
vn 0.9999999 0.0000000 0.0000000
f 7864/7864/7864 7865/7865/7865 7866/7866/7866
v -0.720000 1.490000 -0.520000
vt 0.7812500 0.9687500
vn 0.0000000 0.0000000 -1.0000000
v 0.720000 1.490000 -0.520000
vt 0.7812500 0.9687500
vn 0.0000000 0.0000000 -1.0000000
v 0.720000 1.480000 -0.520000
vt 0.7812500 0.9687500
vn 0.0000000 0.0000000 -1.0000000
f 7867/7867/7867 7868/7868/7868 7869/7869/7869
v 0.720000 1.480000 -0.520000
vt 0.7812500 0.9687500
vn -0.9999999 0.0000000 0.0000000
v 0.720000 1.490000 -0.520000
vt 0.7812500 0.9687500
vn -0.9999999 0.0000000 0.0000000
v 0.720000 1.490000 -0.531770
vt 0.7812500 0.9687500
vn -0.9999999 0.0000000 0.0000000
f 7870/7870/7870 7871/7871/7871 7872/7872/7872
v 0.720000 1.490000 -0.531770
vt 0.7812500 0.9687500
vn 0.0000000 0.9749308 -0.2225082
v 1.136175 1.490000 -0.531770
vt 0.7812500 0.9687500
vn 0.0000000 0.9749308 -0.2225082
v 1.128375 1.480000 -0.575585
vt 0.7812500 0.9687500
vn 0.0000000 0.9749308 -0.2225082
f 7873/7873/7873 7874/7874/7874 7875/7875/7875
v -1.136175 1.490000 -0.531770
vt 0.7812500 0.9687500
vn 0.0000000 0.9639962 -0.2659161
v -1.141201 1.500000 -0.495518
vt 0.7812500 0.9687500
vn 0.0000000 0.9639962 -0.2659161
v -0.720000 1.500000 -0.495518
vt 0.7812500 0.9687500
vn 0.0000000 0.9639962 -0.2659161
f 7876/7876/7876 7877/7877/7877 7878/7878/7878
v -0.720000 1.490000 -0.531770
vt 0.7812500 0.9687500
vn -1.0000000 0.0000000 0.0000000
v -0.720000 1.500000 -0.495518
vt 0.7812500 0.9687500
vn -1.0000000 0.0000000 0.0000000
v -0.720000 1.500000 -0.520000
vt 0.7812500 0.9687500
vn -1.0000000 0.0000000 0.0000000
f 7879/7879/7879 7880/7880/7880 7881/7881/7881
v -0.720000 1.500000 -0.520000
vt 0.7812500 0.9687500
vn 0.0000000 0.0000000 -1.0000000
v 0.720000 1.500000 -0.520000
vt 0.7812500 0.9687500
vn 0.0000000 0.0000000 -1.0000000
v 0.720000 1.490000 -0.520000
vt 0.7812500 0.9687500
vn 0.0000000 0.0000000 -1.0000000
f 7882/7882/7882 7883/7883/7883 7884/7884/7884
v 0.720000 1.500000 -0.520000
vt 0.7812500 0.9687500
vn 1.0000000 0.0000000 0.0000000
v 0.720000 1.500000 -0.495518
vt 0.7812500 0.9687500
vn 1.0000000 0.0000000 0.0000000
v 0.720000 1.490000 -0.531770
vt 0.7812500 0.9687500
vn 1.0000000 0.0000000 0.0000000
f 7885/7885/7885 7886/7886/7886 7887/7887/7887
v 0.720000 1.500000 -0.495518
vt 0.7812500 0.9687500
vn 0.0000000 0.9639969 -0.2659133
v 1.141201 1.500000 -0.495518
vt 0.7812500 0.9687500
vn 0.0000000 0.9639969 -0.2659133
v 1.136175 1.490000 -0.531770
vt 0.7812500 0.9687500
vn 0.0000000 0.9639969 -0.2659133
f 7888/7888/7888 7889/7889/7889 7890/7890/7890
v -1.141201 1.500000 -0.495518
vt 0.7812500 0.9687500
vn 0.0000000 0.9501552 -0.3117775
v -1.156548 1.510000 -0.465042
vt 0.7812500 0.9687500
vn 0.0000000 0.9501552 -0.3117775
v -0.720000 1.510000 -0.465042
vt 0.7812500 0.9687500
vn 0.0000000 0.9501552 -0.3117775
f 7891/7891/7891 7892/7892/7892 7893/7893/7893
v -0.720000 1.500000 -0.495518
vt 0.7812500 0.9687500
vn -1.0000000 0.0000000 0.0000000
v -0.720000 1.510000 -0.465042
vt 0.7812500 0.9687500
vn -1.0000000 0.0000000 0.0000000
v -0.720000 1.510000 -0.520000
vt 0.7812500 0.9687500
vn -1.0000000 0.0000000 0.0000000
f 7894/7894/7894 7895/7895/7895 7896/7896/7896
v -0.720000 1.510000 -0.520000
vt 0.7812500 0.9687500
vn 0.0000000 0.0000000 -1.0000000
v 0.720000 1.510000 -0.520000
vt 0.7812500 0.9687500
vn 0.0000000 0.0000000 -1.0000000
v 0.720000 1.500000 -0.520000
vt 0.7812500 0.9687500
vn 0.0000000 0.0000000 -1.0000000
f 7897/7897/7897 7898/7898/7898 7899/7899/7899
v 0.720000 1.510000 -0.520000
vt 0.7812500 0.9687500
vn 1.0000000 0.0000000 0.0000000
v 0.720000 1.510000 -0.465042
vt 0.7812500 0.9687500
vn 1.0000000 0.0000000 0.0000000
v 0.720000 1.500000 -0.495518
vt 0.7812500 0.9687500
vn 1.0000000 0.0000000 0.0000000
f 7900/7900/7900 7901/7901/7901 7902/7902/7902
v 0.720000 1.510000 -0.465042
vt 0.7812500 0.9687500
vn 0.0000000 0.9501566 -0.3117732
v 1.156549 1.510000 -0.465042
vt 0.7812500 0.9687500
vn 0.0000000 0.9501566 -0.3117732
v 1.141201 1.500000 -0.495518
vt 0.7812500 0.9687500
vn 0.0000000 0.9501566 -0.3117732
f 7903/7903/7903 7904/7904/7904 7905/7905/7905
v -1.148712 1.512500 -0.460036
vt 0.7812500 0.9687500
vn 0.0000000 0.8946359 -0.4467958
v -0.720000 1.512500 -0.460036
vt 0.7812500 0.9687500
vn 0.0000000 0.8946359 -0.4467958
v -0.720000 1.510000 -0.465042
vt 0.7812500 0.9687500
vn 0.0000000 0.8946359 -0.4467958
f 7906/7906/7906 7907/7907/7907 7908/7908/7908
v -0.720000 1.510000 -0.465042
vt 0.7812500 0.9687500
vn -1.0000000 -0.0000497 0.0000000
v -0.720000 1.512500 -0.460036
vt 0.7812500 0.9687500
vn -1.0000000 -0.0000497 0.0000000
v -0.720000 1.512500 -0.520000
vt 0.7812500 0.9687500
vn -1.0000000 -0.0000497 0.0000000
f 7909/7909/7909 7910/7910/7910 7911/7911/7911
v -0.720000 1.512500 -0.520000
vt 0.7812500 0.9687500
vn 0.0000000 0.0000000 -0.9999999
v 0.720000 1.512500 -0.520000
vt 0.7812500 0.9687500
vn 0.0000000 0.0000000 -0.9999999
v 0.720000 1.510000 -0.520000
vt 0.7812500 0.9687500
vn 0.0000000 0.0000000 -0.9999999
f 7912/7912/7912 7913/7913/7913 7914/7914/7914
v 0.720000 1.512500 -0.520000
vt 0.7812500 0.9687500
vn 1.0000000 -0.0000248 0.0000000
v 0.720000 1.512500 -0.460036
vt 0.7812500 0.9687500
vn 1.0000000 -0.0000248 0.0000000
v 0.720000 1.510000 -0.465042
vt 0.7812500 0.9687500
vn 1.0000000 -0.0000248 0.0000000
f 7915/7915/7915 7916/7916/7916 7917/7917/7917
v 0.720000 1.510000 -0.465042
vt 0.7812500 0.9687500
vn 0.0000000 0.8946363 -0.4467950
v 0.720000 1.512500 -0.460036
vt 0.7812500 0.9687500
vn 0.0000000 0.8946363 -0.4467950
v 1.148713 1.512500 -0.460036
vt 0.7812500 0.9687500
vn 0.0000000 0.8946363 -0.4467950
f 7918/7918/7918 7919/7919/7919 7920/7920/7920
v -1.148712 1.512500 -0.460036
vt 0.7812500 0.9687500
vn 0.0000000 0.8946593 -0.4467491
v -1.150202 1.540000 -0.404965
vt 0.7812500 0.9687500
vn 0.0000000 0.8946593 -0.4467491
v -0.720000 1.540000 -0.404965
vt 0.7812500 0.9687500
vn 0.0000000 0.8946593 -0.4467491
f 7921/7921/7921 7922/7922/7922 7923/7923/7923
v -0.720000 1.512500 -0.460036
vt 0.7812500 0.9687500
vn -1.0000000 0.0000047 0.0000000
v -0.720000 1.540000 -0.404965
vt 0.7812500 0.9687500
vn -1.0000000 0.0000047 0.0000000
v -0.720000 1.540000 -0.520000
vt 0.7812500 0.9687500
vn -1.0000000 0.0000047 0.0000000
f 7924/7924/7924 7925/7925/7925 7926/7926/7926
v -0.720000 1.540000 -0.520000
vt 0.7812500 0.9687500
vn 0.0000000 0.0000000 -1.0000000
v 0.720000 1.540000 -0.520000
vt 0.7812500 0.9687500
vn 0.0000000 0.0000000 -1.0000000
v 0.720000 1.512500 -0.520000
vt 0.7812500 0.9687500
vn 0.0000000 0.0000000 -1.0000000
f 7927/7927/7927 7928/7928/7928 7929/7929/7929
v 0.720000 1.540000 -0.520000
vt 0.7812500 0.9687500
vn 1.0000000 0.0000024 0.0000000
v 0.720000 1.540000 -0.404965
vt 0.7812500 0.9687500
vn 1.0000000 0.0000024 0.0000000
v 0.720000 1.512500 -0.460036
vt 0.7812500 0.9687500
vn 1.0000000 0.0000024 0.0000000
f 7930/7930/7930 7931/7931/7931 7932/7932/7932
v 0.720000 1.540000 -0.404965
vt 0.7812500 0.9687500
vn 0.0000000 0.8946588 -0.4467500
v 1.150202 1.540000 -0.404965
vt 0.7812500 0.9687500
vn 0.0000000 0.8946588 -0.4467500
v 1.148713 1.512500 -0.460036
vt 0.7812500 0.9687500
vn 0.0000000 0.8946588 -0.4467500
f 7933/7933/7933 7934/7934/7934 7935/7935/7935
v -1.150202 1.540000 -0.404965
vt 0.7812500 0.9687500
vn 0.0000000 0.8810082 -0.4731010
v -1.150965 1.550000 -0.386343
vt 0.7812500 0.9687500
vn 0.0000000 0.8810082 -0.4731010
v -0.720000 1.550000 -0.386343
vt 0.7812500 0.9687500
vn 0.0000000 0.8810082 -0.4731010
f 7936/7936/7936 7937/7937/7937 7938/7938/7938
v -0.720000 1.540000 -0.404965
vt 0.7812500 0.9687500
vn -1.0000000 0.0000000 0.0000000
v -0.720000 1.550000 -0.386343
vt 0.7812500 0.9687500
vn -1.0000000 0.0000000 0.0000000
v -0.720000 1.550000 -0.520000
vt 0.7812500 0.9687500
vn -1.0000000 0.0000000 0.0000000
f 7939/7939/7939 7940/7940/7940 7941/7941/7941
v -0.720000 1.550000 -0.520000
vt 0.7812500 0.9687500
vn 0.0000000 0.0000000 -1.0000000
v 0.720000 1.550000 -0.520000
vt 0.7812500 0.9687500
vn 0.0000000 0.0000000 -1.0000000
v 0.720000 1.540000 -0.520000
vt 0.7812500 0.9687500
vn 0.0000000 0.0000000 -1.0000000
f 7942/7942/7942 7943/7943/7943 7944/7944/7944
v 0.720000 1.550000 -0.520000
vt 0.7812500 0.9687500
vn 1.0000000 0.0000000 0.0000000
v 0.720000 1.550000 -0.386343
vt 0.7812500 0.9687500
vn 1.0000000 0.0000000 0.0000000
v 0.720000 1.540000 -0.404965
vt 0.7812500 0.9687500
vn 1.0000000 0.0000000 0.0000000
f 7945/7945/7945 7946/7946/7946 7947/7947/7947
v 0.720000 1.550000 -0.386343
vt 0.7812500 0.9687500
vn 0.0000000 0.8810082 -0.4731010
v 1.150965 1.550000 -0.386343
vt 0.7812500 0.9687500
vn 0.0000000 0.8810082 -0.4731010
v 1.150202 1.540000 -0.404965
vt 0.7812500 0.9687500
vn 0.0000000 0.8810082 -0.4731010
f 7948/7948/7948 7949/7949/7949 7950/7950/7950
v -1.150965 1.593750 -0.325823
vt 0.7812500 0.9687500
vn 0.0000000 0.8104175 -0.5858528
v -0.720000 1.593750 -0.325823
vt 0.7812500 0.9687500
vn 0.0000000 0.8104175 -0.5858528
v -0.720000 1.550000 -0.386343
vt 0.7812500 0.9687500
vn 0.0000000 0.8104175 -0.5858528
f 7951/7951/7951 7952/7952/7952 7953/7953/7953
v -0.720000 1.550000 -0.386343
vt 0.7812500 0.9687500
vn -1.0000000 0.0000000 0.0000000
v -0.720000 1.593750 -0.325823
vt 0.7812500 0.9687500
vn -1.0000000 0.0000000 0.0000000
v -0.720000 1.593750 -0.520000
vt 0.7812500 0.9687500
vn -1.0000000 0.0000000 0.0000000
f 7954/7954/7954 7955/7955/7955 7956/7956/7956
v -0.720000 1.593750 -0.520000
vt 0.7812500 0.9687500
vn 0.0000000 0.0000000 -1.0000000
v 0.720000 1.593750 -0.520000
vt 0.7812500 0.9687500
vn 0.0000000 0.0000000 -1.0000000
v 0.720000 1.550000 -0.520000
vt 0.7812500 0.9687500
vn 0.0000000 0.0000000 -1.0000000
f 7957/7957/7957 7958/7958/7958 7959/7959/7959
v 0.720000 1.593750 -0.520000
vt 0.7812500 0.9687500
vn 1.0000000 0.0000009 0.0000000
v 0.720000 1.593750 -0.325823
vt 0.7812500 0.9687500
vn 1.0000000 0.0000009 0.0000000
v 0.720000 1.550000 -0.386343
vt 0.7812500 0.9687500
vn 1.0000000 0.0000009 0.0000000
f 7960/7960/7960 7961/7961/7961 7962/7962/7962
v 0.720000 1.593750 -0.325823
vt 0.7812500 0.9687500
vn 0.0000000 0.8104177 -0.5858527
v 1.150965 1.593750 -0.325823
vt 0.7812500 0.9687500
vn 0.0000000 0.8104177 -0.5858527
v 1.150965 1.550000 -0.386343
vt 0.7812500 0.9687500
vn 0.0000000 0.8104177 -0.5858527
f 7963/7963/7963 7964/7964/7964 7965/7965/7965
v -1.150965 1.593750 -0.325823
vt 0.7812500 0.9687500
vn 0.0000000 0.8104208 -0.5858481
v -1.151349 1.610000 -0.303344
vt 0.7812500 0.9687500
vn 0.0000000 0.8104208 -0.5858481
v -0.720000 1.610000 -0.303344
vt 0.7812500 0.9687500
vn 0.0000000 0.8104208 -0.5858481
f 7966/7966/7966 7967/7967/7967 7968/7968/7968
v -0.720000 1.593750 -0.325823
vt 0.7812500 0.9687500
vn -1.0000000 0.0000000 0.0000000
v -0.720000 1.610000 -0.303344
vt 0.7812500 0.9687500
vn -1.0000000 0.0000000 0.0000000
v -0.720000 1.610000 -0.520000
vt 0.7812500 0.9687500
vn -1.0000000 0.0000000 0.0000000
f 7969/7969/7969 7970/7970/7970 7971/7971/7971
v -0.720000 1.610000 -0.520000
vt 0.7812500 0.9687500
vn 0.0000000 0.0000000 -0.9999999
v 0.720000 1.610000 -0.520000
vt 0.7812500 0.9687500
vn 0.0000000 0.0000000 -0.9999999
v 0.720000 1.593750 -0.520000
vt 0.7812500 0.9687500
vn 0.0000000 0.0000000 -0.9999999
f 7972/7972/7972 7973/7973/7973 7974/7974/7974
v 0.720000 1.610000 -0.520000
vt 0.7812500 0.9687500
vn 1.0000000 -0.0000011 0.0000000
v 0.720000 1.610000 -0.303344
vt 0.7812500 0.9687500
vn 1.0000000 -0.0000011 0.0000000
v 0.720000 1.593750 -0.325823
vt 0.7812500 0.9687500
vn 1.0000000 -0.0000011 0.0000000
f 7975/7975/7975 7976/7976/7976 7977/7977/7977
v 0.720000 1.610000 -0.303344
vt 0.7812500 0.9687500
vn 0.0000000 0.8104221 -0.5858462
v 1.151349 1.610000 -0.303344
vt 0.7812500 0.9687500
vn 0.0000000 0.8104221 -0.5858462
v 1.150965 1.593750 -0.325823
vt 0.7812500 0.9687500
vn 0.0000000 0.8104221 -0.5858462
f 7978/7978/7978 7979/7979/7979 7980/7980/7980
v -1.151349 1.610000 -0.303344
vt 0.7812500 0.9687500
vn 0.0000000 0.6614257 -0.7500107
v -1.151365 1.675000 -0.246021
vt 0.7812500 0.9687500
vn 0.0000000 0.6614257 -0.7500107
v -0.720000 1.675000 -0.246021
vt 0.7812500 0.9687500
vn 0.0000000 0.6614257 -0.7500107
f 7981/7981/7981 7982/7982/7982 7983/7983/7983
v -0.720000 1.610000 -0.303344
vt 0.7812500 0.9687500
vn -1.0000000 0.0000000 0.0000000
v -0.720000 1.675000 -0.246021
vt 0.7812500 0.9687500
vn -1.0000000 0.0000000 0.0000000
v -0.720000 1.675000 -0.520000
vt 0.7812500 0.9687500
vn -1.0000000 0.0000000 0.0000000
f 7984/7984/7984 7985/7985/7985 7986/7986/7986
v -0.720000 1.675000 -0.520000
vt 0.7812500 0.9687500
vn 0.0000000 0.0000000 -0.9999999
v 0.720000 1.675000 -0.520000
vt 0.7812500 0.9687500
vn 0.0000000 0.0000000 -0.9999999
v 0.720000 1.610000 -0.520000
vt 0.7812500 0.9687500
vn 0.0000000 0.0000000 -0.9999999
f 7987/7987/7987 7988/7988/7988 7989/7989/7989
v 0.720000 1.675000 -0.520000
vt 0.7812500 0.9687500
vn 1.0000000 0.0000004 0.0000000
v 0.720000 1.675000 -0.246021
vt 0.7812500 0.9687500
vn 1.0000000 0.0000004 0.0000000
v 0.720000 1.610000 -0.303344
vt 0.7812500 0.9687500
vn 1.0000000 0.0000004 0.0000000
f 7990/7990/7990 7991/7991/7991 7992/7992/7992
v 0.720000 1.675000 -0.246021
vt 0.7812500 0.9687500
vn 0.0000000 0.6614265 -0.7500101
v 1.151365 1.675000 -0.246021
vt 0.7812500 0.9687500
vn 0.0000000 0.6614265 -0.7500101
v 1.151349 1.610000 -0.303344
vt 0.7812500 0.9687500
vn 0.0000000 0.6614265 -0.7500101
f 7993/7993/7993 7994/7994/7994 7995/7995/7995
v -1.150977 1.680000 -0.241612
vt 0.7812500 0.9687500
vn 0.0000000 0.6613985 -0.7500347
v -0.720000 1.680000 -0.241612
vt 0.7812500 0.9687500
vn 0.0000000 0.6613985 -0.7500347
v -0.720000 1.675000 -0.246021
vt 0.7812500 0.9687500
vn 0.0000000 0.6613985 -0.7500347
f 7996/7996/7996 7997/7997/7997 7998/7998/7998
v -0.720000 1.675000 -0.246021
vt 0.7812500 0.9687500
vn -1.0000000 0.0000000 0.0000000
v -0.720000 1.680000 -0.241612
vt 0.7812500 0.9687500
vn -1.0000000 0.0000000 0.0000000
v -0.720000 1.680000 -0.520000
vt 0.7812500 0.9687500
vn -1.0000000 0.0000000 0.0000000
f 7999/7999/7999 8000/8000/8000 8001/8001/8001
v -0.720000 1.680000 -0.520000
vt 0.7812500 0.9687500
vn 0.0000000 0.0000000 -1.0000000
v 0.720000 1.680000 -0.520000
vt 0.7812500 0.9687500
vn 0.0000000 0.0000000 -1.0000000
v 0.720000 1.675000 -0.520000
vt 0.7812500 0.9687500
vn 0.0000000 0.0000000 -1.0000000
f 8002/8002/8002 8003/8003/8003 8004/8004/8004
v 0.720000 1.680000 -0.520000
vt 0.7812500 0.9687500
vn 1.0000000 -0.0000050 0.0000000
v 0.720000 1.680000 -0.241612
vt 0.7812500 0.9687500
vn 1.0000000 -0.0000050 0.0000000
v 0.720000 1.675000 -0.246021
vt 0.7812500 0.9687500
vn 1.0000000 -0.0000050 0.0000000
f 8005/8005/8005 8006/8006/8006 8007/8007/8007
v 0.720000 1.675000 -0.246021
vt 0.7812500 0.9687500
vn 0.0000000 0.6613967 -0.7500364
v 0.720000 1.680000 -0.241612
vt 0.7812500 0.9687500
vn 0.0000000 0.6613967 -0.7500364
v 1.150975 1.680000 -0.241612
vt 0.7812500 0.9687500
vn 0.0000000 0.6613967 -0.7500364
f 8008/8008/8008 8009/8009/8009 8010/8010/8010
v -1.150977 1.680000 -0.241612
vt 0.7812500 0.9687500
vn 0.0000000 0.4419819 -0.8970240
v -1.151013 1.756250 -0.204042
vt 0.7812500 0.9687500
vn 0.0000000 0.4419819 -0.8970240
v -0.720000 1.756250 -0.204042
vt 0.7812500 0.9687500
vn 0.0000000 0.4419819 -0.8970240
f 8011/8011/8011 8012/8012/8012 8013/8013/8013
v -0.720000 1.680000 -0.241612
vt 0.7812500 0.9687500
vn -1.0000000 0.0000012 0.0000000
v -0.720000 1.756250 -0.204042
vt 0.7812500 0.9687500
vn -1.0000000 0.0000012 0.0000000
v -0.720000 1.756250 -0.520000
vt 0.7812500 0.9687500
vn -1.0000000 0.0000012 0.0000000
f 8014/8014/8014 8015/8015/8015 8016/8016/8016
v -0.720000 1.756250 -0.520000
vt 0.7812500 0.9687500
vn 0.0000000 0.0000000 -1.0000000
v 0.720000 1.756250 -0.520000
vt 0.7812500 0.9687500
vn 0.0000000 0.0000000 -1.0000000
v 0.720000 1.680000 -0.520000
vt 0.7812500 0.9687500
vn 0.0000000 0.0000000 -1.0000000
f 8017/8017/8017 8018/8018/8018 8019/8019/8019
v 0.720000 1.756250 -0.520000
vt 0.7812500 0.9687500
vn 1.0000000 -0.0000008 0.0000000
v 0.720000 1.756250 -0.204043
vt 0.7812500 0.9687500
vn 1.0000000 -0.0000008 0.0000000
v 0.720000 1.680000 -0.241612
vt 0.7812500 0.9687500
vn 1.0000000 -0.0000008 0.0000000
f 8020/8020/8020 8021/8021/8021 8022/8022/8022
v 0.720000 1.756250 -0.204043
vt 0.7812500 0.9687500
vn 0.0000000 0.4419730 -0.8970283
v 1.151011 1.756250 -0.204043
vt 0.7812500 0.9687500
vn 0.0000000 0.4419730 -0.8970283
v 1.150975 1.680000 -0.241612
vt 0.7812500 0.9687500
vn 0.0000000 0.4419730 -0.8970283
f 8023/8023/8023 8024/8024/8024 8025/8025/8025
v -1.151013 1.756250 -0.204042
vt 0.7812500 0.9687500
vn 0.0000000 0.4419738 -0.8970280
v -1.151218 1.790000 -0.187413
vt 0.7812500 0.9687500
vn 0.0000000 0.4419738 -0.8970280
v -0.720000 1.790000 -0.187413
vt 0.7812500 0.9687500
vn 0.0000000 0.4419738 -0.8970280
f 8026/8026/8026 8027/8027/8027 8028/8028/8028
v -0.720000 1.756250 -0.204042
vt 0.7812500 0.9687500
vn -1.0000000 -0.0000027 0.0000000
v -0.720000 1.790000 -0.187413
vt 0.7812500 0.9687500
vn -1.0000000 -0.0000027 0.0000000
v -0.720000 1.790000 -0.520000
vt 0.7812500 0.9687500
vn -1.0000000 -0.0000027 0.0000000
f 8029/8029/8029 8030/8030/8030 8031/8031/8031
v -0.720000 1.790000 -0.520000
vt 0.7812500 0.9687500
vn 0.0000000 0.0000000 -1.0000000
v 0.720000 1.790000 -0.520000
vt 0.7812500 0.9687500
vn 0.0000000 0.0000000 -1.0000000
v 0.720000 1.756250 -0.520000
vt 0.7812500 0.9687500
vn 0.0000000 0.0000000 -1.0000000
f 8032/8032/8032 8033/8033/8033 8034/8034/8034
v 0.720000 1.790000 -0.520000
vt 0.7812500 0.9687500
vn 1.0000000 -0.0000022 0.0000000
v 0.720000 1.790000 -0.187414
vt 0.7812500 0.9687500
vn 1.0000000 -0.0000022 0.0000000
v 0.720000 1.756250 -0.204043
vt 0.7812500 0.9687500
vn 1.0000000 -0.0000022 0.0000000
f 8035/8035/8035 8036/8036/8036 8037/8037/8037
v 0.720000 1.790000 -0.187414
vt 0.7812500 0.9687500
vn 0.0000000 0.4419732 -0.8970283
v 1.151218 1.790000 -0.187414
vt 0.7812500 0.9687500
vn 0.0000000 0.4419732 -0.8970283
v 1.151011 1.756250 -0.204043
vt 0.7812500 0.9687500
vn 0.0000000 0.4419732 -0.8970283
f 8038/8038/8038 8039/8039/8039 8040/8040/8040
v -1.151000 1.800000 -0.184185
vt 0.7812500 0.9687500
vn 0.0000000 0.3071918 -0.9516476
v -0.720000 1.800000 -0.184185
vt 0.7812500 0.9687500
vn 0.0000000 0.3071918 -0.9516476
v -0.720000 1.790000 -0.187413
vt 0.7812500 0.9687500
vn 0.0000000 0.3071918 -0.9516476
f 8041/8041/8041 8042/8042/8042 8043/8043/8043
v -0.720000 1.790000 -0.187413
vt 0.7812500 0.9687500
vn -1.0000000 0.0000000 0.0000000
v -0.720000 1.800000 -0.184185
vt 0.7812500 0.9687500
vn -1.0000000 0.0000000 0.0000000
v -0.720000 1.800000 -0.520000
vt 0.7812500 0.9687500
vn -1.0000000 0.0000000 0.0000000
f 8044/8044/8044 8045/8045/8045 8046/8046/8046
v -0.720000 1.800000 -0.520000
vt 0.7812500 0.9687500
vn 0.0000000 0.0000000 -1.0000000
v 0.720000 1.800000 -0.520000
vt 0.7812500 0.9687500
vn 0.0000000 0.0000000 -1.0000000
v 0.720000 1.790000 -0.520000
vt 0.7812500 0.9687500
vn 0.0000000 0.0000000 -1.0000000
f 8047/8047/8047 8048/8048/8048 8049/8049/8049
v 0.720000 1.800000 -0.520000
vt 0.7812500 0.9687500
vn 1.0000000 0.0000125 0.0000000
v 0.720000 1.800000 -0.184185
vt 0.7812500 0.9687500
vn 1.0000000 0.0000125 0.0000000
v 0.720000 1.790000 -0.187414
vt 0.7812500 0.9687500
vn 1.0000000 0.0000125 0.0000000
f 8050/8050/8050 8051/8051/8051 8052/8052/8052
v 0.720000 1.790000 -0.187414
vt 0.7812500 0.9687500
vn 0.0000000 0.3072772 -0.9516200
v 0.720000 1.800000 -0.184185
vt 0.7812500 0.9687500
vn 0.0000000 0.3072772 -0.9516200
v 1.150999 1.800000 -0.184185
vt 0.7812500 0.9687500
vn 0.0000000 0.3072772 -0.9516200
f 8053/8053/8053 8054/8054/8054 8055/8055/8055
v -1.150638 1.837500 -0.176984
vt 0.7812500 0.9687500
vn 0.0000000 0.1885799 -0.9820579
v -0.720000 1.837500 -0.176984
vt 0.7812500 0.9687500
vn 0.0000000 0.1885799 -0.9820579
v -0.720000 1.800000 -0.184185
vt 0.7812500 0.9687500
vn 0.0000000 0.1885799 -0.9820579
f 8056/8056/8056 8057/8057/8057 8058/8058/8058
v -0.720000 1.800000 -0.184185
vt 0.7812500 0.9687500
vn -1.0000000 0.0000023 0.0000000
v -0.720000 1.837500 -0.176984
vt 0.7812500 0.9687500
vn -1.0000000 0.0000023 0.0000000
v -0.720000 1.837500 -0.520000
vt 0.7812500 0.9687500
vn -1.0000000 0.0000023 0.0000000
f 8059/8059/8059 8060/8060/8060 8061/8061/8061
v -0.720000 1.837500 -0.520000
vt 0.7812500 0.9687500
vn 0.0000000 0.0000000 -1.0000000
v 0.720000 1.837500 -0.520000
vt 0.7812500 0.9687500
vn 0.0000000 0.0000000 -1.0000000
v 0.720000 1.800000 -0.520000
vt 0.7812500 0.9687500
vn 0.0000000 0.0000000 -1.0000000
f 8062/8062/8062 8063/8063/8063 8064/8064/8064
v 0.720000 1.837500 -0.520000
vt 0.7812500 0.9687500
vn 1.0000000 0.0000017 0.0000000
v 0.720000 1.837500 -0.176984
vt 0.7812500 0.9687500
vn 1.0000000 0.0000017 0.0000000
v 0.720000 1.800000 -0.184185
vt 0.7812500 0.9687500
vn 1.0000000 0.0000017 0.0000000
f 8065/8065/8065 8066/8066/8066 8067/8067/8067
v 0.720000 1.800000 -0.184185
vt 0.7812500 0.9687500
vn 0.0000000 0.1885799 -0.9820579
v 0.720000 1.837500 -0.176984
vt 0.7812500 0.9687500
vn 0.0000000 0.1885799 -0.9820579
v 1.150638 1.837500 -0.176984
vt 0.7812500 0.9687500
vn 0.0000000 0.1885799 -0.9820579
f 8068/8068/8068 8069/8069/8069 8070/8070/8070
v -1.150608 1.910000 -0.163062
vt 0.7812500 0.9687500
vn 0.0000000 0.1885817 -0.9820575
v -0.720000 1.910000 -0.163062
vt 0.7812500 0.9687500
vn 0.0000000 0.1885817 -0.9820575
v -0.720000 1.837500 -0.176984
vt 0.7812500 0.9687500
vn 0.0000000 0.1885817 -0.9820575
f 8071/8071/8071 8072/8072/8072 8073/8073/8073
v -0.720000 1.837500 -0.176984
vt 0.7812500 0.9687500
vn -1.0000000 0.0000000 0.0000000
v -0.720000 1.910000 -0.163062
vt 0.7812500 0.9687500
vn -1.0000000 0.0000000 0.0000000
v -0.720000 1.910000 -0.520000
vt 0.7812500 0.9687500
vn -1.0000000 0.0000000 0.0000000
f 8074/8074/8074 8075/8075/8075 8076/8076/8076
v -0.720000 1.910000 -0.520000
vt 0.7812500 0.9687500
vn 0.0000000 0.0000000 -1.0000000
v 0.720000 1.910000 -0.520000
vt 0.7812500 0.9687500
vn 0.0000000 0.0000000 -1.0000000
v 0.720000 1.837500 -0.520000
vt 0.7812500 0.9687500
vn 0.0000000 0.0000000 -1.0000000
f 8077/8077/8077 8078/8078/8078 8079/8079/8079
v 0.720000 1.910000 -0.520000
vt 0.7812500 0.9687500
vn 1.0000000 -0.0000010 0.0000000
v 0.720000 1.910000 -0.163062
vt 0.7812500 0.9687500
vn 1.0000000 -0.0000010 0.0000000
v 0.720000 1.837500 -0.176984
vt 0.7812500 0.9687500
vn 1.0000000 -0.0000010 0.0000000
f 8080/8080/8080 8081/8081/8081 8082/8082/8082
v 0.720000 1.837500 -0.176984
vt 0.7812500 0.9687500
vn 0.0000000 0.1885817 -0.9820575
v 0.720000 1.910000 -0.163062
vt 0.7812500 0.9687500
vn 0.0000000 0.1885817 -0.9820575
v 1.150608 1.910000 -0.163062
vt 0.7812500 0.9687500
vn 0.0000000 0.1885817 -0.9820575
f 8083/8083/8083 8084/8084/8084 8085/8085/8085
v -1.150432 1.918750 -0.162924
vt 0.7812500 0.9687500
vn 0.0000000 0.0157693 -0.9998757
v -0.720000 1.918750 -0.162924
vt 0.7812500 0.9687500
vn 0.0000000 0.0157693 -0.9998757
v -0.720000 1.910000 -0.163062
vt 0.7812500 0.9687500
vn 0.0000000 0.0157693 -0.9998757
f 8086/8086/8086 8087/8087/8087 8088/8088/8088
v -0.720000 1.910000 -0.163062
vt 0.7812500 0.9687500
vn -1.0000000 0.0000000 0.0000000
v -0.720000 1.918750 -0.162924
vt 0.7812500 0.9687500
vn -1.0000000 0.0000000 0.0000000
v -0.720000 1.918750 -0.520000
vt 0.7812500 0.9687500
vn -1.0000000 0.0000000 0.0000000
f 8089/8089/8089 8090/8090/8090 8091/8091/8091
v -0.720000 1.918750 -0.520000
vt 0.7812500 0.9687500
vn 0.0000000 0.0000000 -1.0000000
v 0.720000 1.918750 -0.520000
vt 0.7812500 0.9687500
vn 0.0000000 0.0000000 -1.0000000
v 0.720000 1.910000 -0.520000
vt 0.7812500 0.9687500
vn 0.0000000 0.0000000 -1.0000000
f 8092/8092/8092 8093/8093/8093 8094/8094/8094
v 0.720000 1.918750 -0.520000
vt 0.7812500 0.9687500
vn 1.0000000 -0.0000008 0.0000000
v 0.720000 1.918750 -0.162924
vt 0.7812500 0.9687500
vn 1.0000000 -0.0000008 0.0000000
v 0.720000 1.910000 -0.163062
vt 0.7812500 0.9687500
vn 1.0000000 -0.0000008 0.0000000
f 8095/8095/8095 8096/8096/8096 8097/8097/8097
v 0.720000 1.910000 -0.163062
vt 0.7812500 0.9687500
vn 0.0000000 0.0157693 -0.9998757
v 0.720000 1.918750 -0.162924
vt 0.7812500 0.9687500
vn 0.0000000 0.0157693 -0.9998757
v 1.150432 1.918750 -0.162924
vt 0.7812500 0.9687500
vn 0.0000000 0.0157693 -0.9998757
f 8098/8098/8098 8099/8099/8099 8100/8100/8100
v -1.149463 1.970000 -0.162118
vt 0.7812500 0.9687500
vn 0.0000000 0.0157250 -0.9998764
v -0.720000 1.970000 -0.162118
vt 0.7812500 0.9687500
vn 0.0000000 0.0157250 -0.9998764
v -0.720000 1.918750 -0.162924
vt 0.7812500 0.9687500
vn 0.0000000 0.0157250 -0.9998764
f 8101/8101/8101 8102/8102/8102 8103/8103/8103
v -0.720000 1.918750 -0.162924
vt 0.7812500 0.9687500
vn -1.0000000 0.0000000 0.0000000
v -0.720000 1.970000 -0.162118
vt 0.7812500 0.9687500
vn -1.0000000 0.0000000 0.0000000
v -0.720000 1.970000 -0.520000
vt 0.7812500 0.9687500
vn -1.0000000 0.0000000 0.0000000
f 8104/8104/8104 8105/8105/8105 8106/8106/8106
v -0.720000 1.970000 -0.520000
vt 0.7812500 0.9687500
vn 0.0000000 0.0000000 -1.0000000
v 0.720000 1.970000 -0.520000
vt 0.7812500 0.9687500
vn 0.0000000 0.0000000 -1.0000000
v 0.720000 1.918750 -0.520000
vt 0.7812500 0.9687500
vn 0.0000000 0.0000000 -1.0000000
f 8107/8107/8107 8108/8108/8108 8109/8109/8109
v 0.720000 1.970000 -0.520000
vt 0.7812500 0.9687500
vn 1.0000000 0.0000013 0.0000000
v 0.720000 1.970000 -0.162118
vt 0.7812500 0.9687500
vn 1.0000000 0.0000013 0.0000000
v 0.720000 1.918750 -0.162924
vt 0.7812500 0.9687500
vn 1.0000000 0.0000013 0.0000000
f 8110/8110/8110 8111/8111/8111 8112/8112/8112
v 0.720000 1.918750 -0.162924
vt 0.7812500 0.9687500
vn 0.0000000 0.0157250 -0.9998764
v 0.720000 1.970000 -0.162118
vt 0.7812500 0.9687500
vn 0.0000000 0.0157250 -0.9998764
v 1.149463 1.970000 -0.162118
vt 0.7812500 0.9687500
vn 0.0000000 0.0157250 -0.9998764
f 8113/8113/8113 8114/8114/8114 8115/8115/8115
v -1.148510 1.990000 -0.161804
vt 0.7812500 0.9687500
vn 0.0000000 0.0156979 -0.9998767
v -0.720000 1.990000 -0.161804
vt 0.7812500 0.9687500
vn 0.0000000 0.0156979 -0.9998767
v -0.720000 1.970000 -0.162118
vt 0.7812500 0.9687500
vn 0.0000000 0.0156979 -0.9998767
f 8116/8116/8116 8117/8117/8117 8118/8118/8118
v -0.720000 1.970000 -0.162118
vt 0.7812500 0.9687500
vn -1.0000000 0.0000000 0.0000000
v -0.720000 1.990000 -0.161804
vt 0.7812500 0.9687500
vn -1.0000000 0.0000000 0.0000000
v -0.720000 1.990000 -0.520000
vt 0.7812500 0.9687500
vn -1.0000000 0.0000000 0.0000000
f 8119/8119/8119 8120/8120/8120 8121/8121/8121
v -0.720000 1.990000 -0.520000
vt 0.7812500 0.9687500
vn 0.0000000 0.0000000 -1.0000000
v 0.720000 1.990000 -0.520000
vt 0.7812500 0.9687500
vn 0.0000000 0.0000000 -1.0000000
v 0.720000 1.970000 -0.520000
vt 0.7812500 0.9687500
vn 0.0000000 0.0000000 -1.0000000
f 8122/8122/8122 8123/8123/8123 8124/8124/8124
v 0.720000 1.990000 -0.520000
vt 0.7812500 0.9687500
vn 1.0000000 -0.0000007 0.0000000
v 0.720000 1.990000 -0.161804
vt 0.7812500 0.9687500
vn 1.0000000 -0.0000007 0.0000000
v 0.720000 1.970000 -0.162118
vt 0.7812500 0.9687500
vn 1.0000000 -0.0000007 0.0000000
f 8125/8125/8125 8126/8126/8126 8127/8127/8127
v 0.720000 1.970000 -0.162118
vt 0.7812500 0.9687500
vn 0.0000000 0.0156979 -0.9998767
v 0.720000 1.990000 -0.161804
vt 0.7812500 0.9687500
vn 0.0000000 0.0156979 -0.9998767
v 1.148510 1.990000 -0.161804
vt 0.7812500 0.9687500
vn 0.0000000 0.0156979 -0.9998767
f 8128/8128/8128 8129/8129/8129 8130/8130/8130
v -1.147534 2.000000 -0.162781
vt 0.7812500 0.9687500
vn 0.0000000 -0.0972369 -0.9952613
v -0.720000 2.000000 -0.162781
vt 0.7812500 0.9687500
vn 0.0000000 -0.0972369 -0.9952613
v -0.720000 1.990000 -0.161804
vt 0.7812500 0.9687500
vn 0.0000000 -0.0972369 -0.9952613
f 8131/8131/8131 8132/8132/8132 8133/8133/8133
v -0.720000 2.000000 -0.162781
vt 0.7812500 0.9687500
vn -0.9999999 0.0000000 0.0000000
v -0.720000 2.000000 -0.520000
vt 0.7812500 0.9687500
vn -0.9999999 0.0000000 0.0000000
v -0.720000 1.990000 -0.520000
vt 0.7812500 0.9687500
vn -0.9999999 0.0000000 0.0000000
f 8134/8134/8134 8135/8135/8135 8136/8136/8136
v -0.720000 2.000000 -0.520000
vt 0.7812500 0.9687500
vn 0.0000000 0.0000000 -1.0000000
v 0.720000 2.000000 -0.520000
vt 0.7812500 0.9687500
vn 0.0000000 0.0000000 -1.0000000
v 0.720000 1.990000 -0.520000
vt 0.7812500 0.9687500
vn 0.0000000 0.0000000 -1.0000000
f 8137/8137/8137 8138/8138/8138 8139/8139/8139
v 0.720000 1.990000 -0.520000
vt 0.7812500 0.9687500
vn 0.9999999 0.0000000 0.0000000
v 0.720000 2.000000 -0.520000
vt 0.7812500 0.9687500
vn 0.9999999 0.0000000 0.0000000
v 0.720000 2.000000 -0.162781
vt 0.7812500 0.9687500
vn 0.9999999 0.0000000 0.0000000
f 8140/8140/8140 8141/8141/8141 8142/8142/8142
v 0.720000 1.990000 -0.161804
vt 0.7812500 0.9687500
vn 0.0000000 -0.0972369 -0.9952613
v 0.720000 2.000000 -0.162781
vt 0.7812500 0.9687500
vn 0.0000000 -0.0972369 -0.9952613
v 1.147534 2.000000 -0.162781
vt 0.7812500 0.9687500
vn 0.0000000 -0.0972369 -0.9952613
f 8143/8143/8143 8144/8144/8144 8145/8145/8145
v -1.147143 2.060000 -0.168641
vt 0.7812500 0.9687500
vn 0.0000000 -0.0972042 -0.9952645
v -0.720000 2.060000 -0.168641
vt 0.7812500 0.9687500
vn 0.0000000 -0.0972042 -0.9952645
v -0.720000 2.000000 -0.162781
vt 0.7812500 0.9687500
vn 0.0000000 -0.0972042 -0.9952645
f 8146/8146/8146 8147/8147/8147 8148/8148/8148
v -0.720000 2.060000 -0.168641
vt 0.7812500 0.9687500
vn -1.0000000 0.0000000 0.0000000
v -0.720000 2.060000 -0.520000
vt 0.7812500 0.9687500
vn -1.0000000 0.0000000 0.0000000
v -0.720000 2.000000 -0.520000
vt 0.7812500 0.9687500
vn -1.0000000 0.0000000 0.0000000
f 8149/8149/8149 8150/8150/8150 8151/8151/8151
v -0.720000 2.060000 -0.520000
vt 0.7812500 0.9687500
vn 0.0000000 0.0000000 -1.0000000
v 0.720000 2.060000 -0.520000
vt 0.7812500 0.9687500
vn 0.0000000 0.0000000 -1.0000000
v 0.720000 2.000000 -0.520000
vt 0.7812500 0.9687500
vn 0.0000000 0.0000000 -1.0000000
f 8152/8152/8152 8153/8153/8153 8154/8154/8154
v 0.720000 2.000000 -0.520000
vt 0.7812500 0.9687500
vn 1.0000000 0.0000000 0.0000000
v 0.720000 2.060000 -0.520000
vt 0.7812500 0.9687500
vn 1.0000000 0.0000000 0.0000000
v 0.720000 2.060000 -0.168641
vt 0.7812500 0.9687500
vn 1.0000000 0.0000000 0.0000000
f 8155/8155/8155 8156/8156/8156 8157/8157/8157
v 0.720000 2.000000 -0.162781
vt 0.7812500 0.9687500
vn 0.0000000 -0.0972042 -0.9952645
v 0.720000 2.060000 -0.168641
vt 0.7812500 0.9687500
vn 0.0000000 -0.0972042 -0.9952645
v 1.147143 2.060000 -0.168641
vt 0.7812500 0.9687500
vn 0.0000000 -0.0972042 -0.9952645
f 8158/8158/8158 8159/8159/8159 8160/8160/8160
v -1.146682 2.081250 -0.173241
vt 0.7812500 0.9687500
vn 0.0000000 -0.2115663 -0.9773636
v -0.720000 2.081250 -0.173241
vt 0.7812500 0.9687500
vn 0.0000000 -0.2115663 -0.9773636
v -0.720000 2.060000 -0.168641
vt 0.7812500 0.9687500
vn 0.0000000 -0.2115663 -0.9773636
f 8161/8161/8161 8162/8162/8162 8163/8163/8163
v -0.720000 2.081250 -0.173241
vt 0.7812500 0.9687500
vn -0.9999999 0.0000000 0.0000000
v -0.720000 2.081250 -0.520000
vt 0.7812500 0.9687500
vn -0.9999999 0.0000000 0.0000000
v -0.720000 2.060000 -0.520000
vt 0.7812500 0.9687500
vn -0.9999999 0.0000000 0.0000000
f 8164/8164/8164 8165/8165/8165 8166/8166/8166
v -0.720000 2.081250 -0.520000
vt 0.7812500 0.9687500
vn 0.0000000 0.0000000 -1.0000000
v 0.720000 2.081250 -0.520000
vt 0.7812500 0.9687500
vn 0.0000000 0.0000000 -1.0000000
v 0.720000 2.060000 -0.520000
vt 0.7812500 0.9687500
vn 0.0000000 0.0000000 -1.0000000
f 8167/8167/8167 8168/8168/8168 8169/8169/8169
v 0.720000 2.060000 -0.520000
vt 0.7812500 0.9687500
vn 0.9999999 0.0000000 0.0000000
v 0.720000 2.081250 -0.520000
vt 0.7812500 0.9687500
vn 0.9999999 0.0000000 0.0000000
v 0.720000 2.081250 -0.173241
vt 0.7812500 0.9687500
vn 0.9999999 0.0000000 0.0000000
f 8170/8170/8170 8171/8171/8171 8172/8172/8172
v 0.720000 2.060000 -0.168641
vt 0.7812500 0.9687500
vn 0.0000000 -0.2115663 -0.9773636
v 0.720000 2.081250 -0.173241
vt 0.7812500 0.9687500
vn 0.0000000 -0.2115663 -0.9773636
v 1.146682 2.081250 -0.173241
vt 0.7812500 0.9687500
vn 0.0000000 -0.2115663 -0.9773636
f 8173/8173/8173 8174/8174/8174 8175/8175/8175
v -1.146682 2.081250 -0.173241
vt 0.7812500 0.9687500
vn 0.0000000 -0.2115841 -0.9773597
v -1.150005 2.110000 -0.179465
vt 0.7812500 0.9687500
vn 0.0000000 -0.2115841 -0.9773597
v -0.720000 2.110000 -0.179465
vt 0.7812500 0.9687500
vn 0.0000000 -0.2115841 -0.9773597
f 8176/8176/8176 8177/8177/8177 8178/8178/8178
v -0.720000 2.110000 -0.179465
vt 0.7812500 0.9687500
vn -1.0000000 0.0000000 0.0000000
v -0.720000 2.110000 -0.520000
vt 0.7812500 0.9687500
vn -1.0000000 0.0000000 0.0000000
v -0.720000 2.081250 -0.520000
vt 0.7812500 0.9687500
vn -1.0000000 0.0000000 0.0000000
f 8179/8179/8179 8180/8180/8180 8181/8181/8181
v -0.720000 2.110000 -0.520000
vt 0.7812500 0.9687500
vn 0.0000000 0.0000000 -1.0000000
v 0.720000 2.110000 -0.520000
vt 0.7812500 0.9687500
vn 0.0000000 0.0000000 -1.0000000
v 0.720000 2.081250 -0.520000
vt 0.7812500 0.9687500
vn 0.0000000 0.0000000 -1.0000000
f 8182/8182/8182 8183/8183/8183 8184/8184/8184
v 0.720000 2.081250 -0.520000
vt 0.7812500 0.9687500
vn 1.0000000 0.0000000 0.0000000
v 0.720000 2.110000 -0.520000
vt 0.7812500 0.9687500
vn 1.0000000 0.0000000 0.0000000
v 0.720000 2.110000 -0.179465
vt 0.7812500 0.9687500
vn 1.0000000 0.0000000 0.0000000
f 8185/8185/8185 8186/8186/8186 8187/8187/8187
v 0.720000 2.110000 -0.179465
vt 0.7812500 0.9687500
vn 0.0000000 -0.2115848 -0.9773596
v 1.150004 2.110000 -0.179465
vt 0.7812500 0.9687500
vn 0.0000000 -0.2115848 -0.9773596
v 1.146682 2.081250 -0.173241
vt 0.7812500 0.9687500
vn 0.0000000 -0.2115848 -0.9773596
f 8188/8188/8188 8189/8189/8189 8190/8190/8190
v -1.133522 2.160000 -0.195358
vt 0.7812500 0.9687500
vn 0.0000000 -0.3029247 -0.9530146
v -0.720000 2.160000 -0.195358
vt 0.7812500 0.9687500
vn 0.0000000 -0.3029247 -0.9530146
v -0.720000 2.110000 -0.179465
vt 0.7812500 0.9687500
vn 0.0000000 -0.3029247 -0.9530146
f 8191/8191/8191 8192/8192/8192 8193/8193/8193
v -0.720000 2.160000 -0.195358
vt 0.7812500 0.9687500
vn -1.0000000 0.0000000 0.0000000
v -0.720000 2.160000 -0.520000
vt 0.7812500 0.9687500
vn -1.0000000 0.0000000 0.0000000
v -0.720000 2.110000 -0.520000
vt 0.7812500 0.9687500
vn -1.0000000 0.0000000 0.0000000
f 8194/8194/8194 8195/8195/8195 8196/8196/8196
v -0.720000 2.160000 -0.520000
vt 0.7812500 0.9687500
vn 0.0000000 0.0000000 -1.0000000
v 0.720000 2.160000 -0.520000
vt 0.7812500 0.9687500
vn 0.0000000 0.0000000 -1.0000000
v 0.720000 2.110000 -0.520000
vt 0.7812500 0.9687500
vn 0.0000000 0.0000000 -1.0000000
f 8197/8197/8197 8198/8198/8198 8199/8199/8199
v 0.720000 2.110000 -0.520000
vt 0.7812500 0.9687500
vn 1.0000000 0.0000000 0.0000000
v 0.720000 2.160000 -0.520000
vt 0.7812500 0.9687500
vn 1.0000000 0.0000000 0.0000000
v 0.720000 2.160000 -0.195358
vt 0.7812500 0.9687500
vn 1.0000000 0.0000000 0.0000000
f 8200/8200/8200 8201/8201/8201 8202/8202/8202
v 0.720000 2.110000 -0.179465
vt 0.7812500 0.9687500
vn 0.0000000 -0.3029239 -0.9530147
v 0.720000 2.160000 -0.195358
vt 0.7812500 0.9687500
vn 0.0000000 -0.3029239 -0.9530147
v 1.133521 2.160000 -0.195358
vt 0.7812500 0.9687500
vn 0.0000000 -0.3029239 -0.9530147
f 8203/8203/8203 8204/8204/8204 8205/8205/8205
v -1.132135 2.162500 -0.196547
vt 0.7812500 0.9687500
vn 0.0000000 -0.4295458 -0.9030451
v -0.720000 2.162500 -0.196547
vt 0.7812500 0.9687500
vn 0.0000000 -0.4295458 -0.9030451
v -0.720000 2.160000 -0.195358
vt 0.7812500 0.9687500
vn 0.0000000 -0.4295458 -0.9030451
f 8206/8206/8206 8207/8207/8207 8208/8208/8208
v -0.720000 2.162500 -0.196547
vt 0.7812500 0.9687500
vn -1.0000000 0.0000000 0.0000000
v -0.720000 2.162500 -0.520000
vt 0.7812500 0.9687500
vn -1.0000000 0.0000000 0.0000000
v -0.720000 2.160000 -0.520000
vt 0.7812500 0.9687500
vn -1.0000000 0.0000000 0.0000000
f 8209/8209/8209 8210/8210/8210 8211/8211/8211
v -0.720000 2.162500 -0.520000
vt 0.7812500 0.9687500
vn 0.0000000 0.0000000 -1.0000000
v 0.720000 2.162500 -0.520000
vt 0.7812500 0.9687500
vn 0.0000000 0.0000000 -1.0000000
v 0.720000 2.160000 -0.520000
vt 0.7812500 0.9687500
vn 0.0000000 0.0000000 -1.0000000
f 8212/8212/8212 8213/8213/8213 8214/8214/8214
v 0.720000 2.160000 -0.520000
vt 0.7812500 0.9687500
vn 1.0000000 0.0000000 0.0000000
v 0.720000 2.162500 -0.520000
vt 0.7812500 0.9687500
vn 1.0000000 0.0000000 0.0000000
v 0.720000 2.162500 -0.196547
vt 0.7812500 0.9687500
vn 1.0000000 0.0000000 0.0000000
f 8215/8215/8215 8216/8216/8216 8217/8217/8217
v 0.720000 2.160000 -0.195358
vt 0.7812500 0.9687500
vn 0.0000000 -0.4295449 -0.9030455
v 0.720000 2.162500 -0.196547
vt 0.7812500 0.9687500
vn 0.0000000 -0.4295449 -0.9030455
v 1.132134 2.162500 -0.196547
vt 0.7812500 0.9687500
vn 0.0000000 -0.4295449 -0.9030455
f 8218/8218/8218 8219/8219/8219 8220/8220/8220
v -1.132135 2.162500 -0.196547
vt 0.7812500 0.9687500
vn 0.0000000 -0.4295982 -0.9030203
v -1.132723 2.200000 -0.214387
vt 0.7812500 0.9687500
vn 0.0000000 -0.4295982 -0.9030203
v -0.720000 2.200000 -0.214387
vt 0.7812500 0.9687500
vn 0.0000000 -0.4295982 -0.9030203
f 8221/8221/8221 8222/8222/8222 8223/8223/8223
v -0.720000 2.200000 -0.214387
vt 0.7812500 0.9687500
vn -1.0000000 0.0000000 0.0000000
v -0.720000 2.200000 -0.520000
vt 0.7812500 0.9687500
vn -1.0000000 0.0000000 0.0000000
v -0.720000 2.162500 -0.520000
vt 0.7812500 0.9687500
vn -1.0000000 0.0000000 0.0000000
f 8224/8224/8224 8225/8225/8225 8226/8226/8226
v -0.720000 2.200000 -0.520000
vt 0.7812500 0.9687500
vn 0.0000000 0.0000000 -1.0000000
v 0.720000 2.200000 -0.520000
vt 0.7812500 0.9687500
vn 0.0000000 0.0000000 -1.0000000
v 0.720000 2.162500 -0.520000
vt 0.7812500 0.9687500
vn 0.0000000 0.0000000 -1.0000000
f 8227/8227/8227 8228/8228/8228 8229/8229/8229
v 0.720000 2.162500 -0.520000
vt 0.7812500 0.9687500
vn 1.0000000 0.0000000 0.0000000
v 0.720000 2.200000 -0.520000
vt 0.7812500 0.9687500
vn 1.0000000 0.0000000 0.0000000
v 0.720000 2.200000 -0.214387
vt 0.7812500 0.9687500
vn 1.0000000 0.0000000 0.0000000
f 8230/8230/8230 8231/8231/8231 8232/8232/8232
v 0.720000 2.200000 -0.214387
vt 0.7812500 0.9687500
vn 0.0000000 -0.4295978 -0.9030203
v 1.132722 2.200000 -0.214387
vt 0.7812500 0.9687500
vn 0.0000000 -0.4295978 -0.9030203
v 1.132134 2.162500 -0.196547
vt 0.7812500 0.9687500
vn 0.0000000 -0.4295978 -0.9030203
f 8233/8233/8233 8234/8234/8234 8235/8235/8235
v -1.131783 2.220000 -0.227118
vt 0.7812500 0.9687500
vn 0.0000000 -0.5369859 -0.8435913
v -0.720000 2.220000 -0.227118
vt 0.7812500 0.9687500
vn 0.0000000 -0.5369859 -0.8435913
v -0.720000 2.200000 -0.214387
vt 0.7812500 0.9687500
vn 0.0000000 -0.5369859 -0.8435913
f 8236/8236/8236 8237/8237/8237 8238/8238/8238
v -0.720000 2.220000 -0.227118
vt 0.7812500 0.9687500
vn -1.0000000 0.0000000 0.0000000
v -0.720000 2.220000 -0.520000
vt 0.7812500 0.9687500
vn -1.0000000 0.0000000 0.0000000
v -0.720000 2.200000 -0.520000
vt 0.7812500 0.9687500
vn -1.0000000 0.0000000 0.0000000
f 8239/8239/8239 8240/8240/8240 8241/8241/8241
v -0.720000 2.220000 -0.520000
vt 0.7812500 0.9687500
vn 0.0000000 0.0000000 -1.0000000
v 0.720000 2.220000 -0.520000
vt 0.7812500 0.9687500
vn 0.0000000 0.0000000 -1.0000000
v 0.720000 2.200000 -0.520000
vt 0.7812500 0.9687500
vn 0.0000000 0.0000000 -1.0000000
f 8242/8242/8242 8243/8243/8243 8244/8244/8244
v 0.720000 2.200000 -0.520000
vt 0.7812500 0.9687500
vn 1.0000000 0.0000000 0.0000000
v 0.720000 2.220000 -0.520000
vt 0.7812500 0.9687500
vn 1.0000000 0.0000000 0.0000000
v 0.720000 2.220000 -0.227118
vt 0.7812500 0.9687500
vn 1.0000000 0.0000000 0.0000000
f 8245/8245/8245 8246/8246/8246 8247/8247/8247
v 0.720000 2.200000 -0.214387
vt 0.7812500 0.9687500
vn 0.0000000 -0.5369859 -0.8435913
v 0.720000 2.220000 -0.227118
vt 0.7812500 0.9687500
vn 0.0000000 -0.5369859 -0.8435913
v 1.131783 2.220000 -0.227118
vt 0.7812500 0.9687500
vn 0.0000000 -0.5369859 -0.8435913
f 8248/8248/8248 8249/8249/8249 8250/8250/8250
v -1.128492 2.243750 -0.246600
vt 0.7812500 0.9687500
vn 0.0000000 -0.6342096 -0.7731612
v -0.720000 2.243750 -0.246600
vt 0.7812500 0.9687500
vn 0.0000000 -0.6342096 -0.7731612
v -0.720000 2.220000 -0.227118
vt 0.7812500 0.9687500
vn 0.0000000 -0.6342096 -0.7731612
f 8251/8251/8251 8252/8252/8252 8253/8253/8253
v -0.720000 2.243750 -0.246600
vt 0.7812500 0.9687500
vn -1.0000000 0.0000000 0.0000000
v -0.720000 2.243750 -0.520000
vt 0.7812500 0.9687500
vn -1.0000000 0.0000000 0.0000000
v -0.720000 2.220000 -0.520000
vt 0.7812500 0.9687500
vn -1.0000000 0.0000000 0.0000000
f 8254/8254/8254 8255/8255/8255 8256/8256/8256
v -0.720000 2.243750 -0.520000
vt 0.7812500 0.9687500
vn 0.0000000 0.0000000 -1.0000000
v 0.720000 2.243750 -0.520000
vt 0.7812500 0.9687500
vn 0.0000000 0.0000000 -1.0000000
v 0.720000 2.220000 -0.520000
vt 0.7812500 0.9687500
vn 0.0000000 0.0000000 -1.0000000
f 8257/8257/8257 8258/8258/8258 8259/8259/8259
v 0.720000 2.220000 -0.520000
vt 0.7812500 0.9687500
vn 1.0000000 0.0000000 0.0000000
v 0.720000 2.243750 -0.520000
vt 0.7812500 0.9687500
vn 1.0000000 0.0000000 0.0000000
v 0.720000 2.243750 -0.246599
vt 0.7812500 0.9687500
vn 1.0000000 0.0000000 0.0000000
f 8260/8260/8260 8261/8261/8261 8262/8262/8262
v 0.720000 2.220000 -0.227118
vt 0.7812500 0.9687500
vn 0.0000000 -0.6341899 -0.7731773
v 0.720000 2.243750 -0.246599
vt 0.7812500 0.9687500
vn 0.0000000 -0.6341899 -0.7731773
v 1.128492 2.243750 -0.246599
vt 0.7812500 0.9687500
vn 0.0000000 -0.6341899 -0.7731773
f 8263/8263/8263 8264/8264/8264 8265/8265/8265
v -1.127184 2.300000 -0.292740
vt 0.7812500 0.9687500
vn 0.0000000 -0.6342018 -0.7731676
v -0.720000 2.300000 -0.292740
vt 0.7812500 0.9687500
vn 0.0000000 -0.6342018 -0.7731676
v -0.720000 2.243750 -0.246600
vt 0.7812500 0.9687500
vn 0.0000000 -0.6342018 -0.7731676
f 8266/8266/8266 8267/8267/8267 8268/8268/8268
v -0.720000 2.300000 -0.292740
vt 0.7812500 0.9687500
vn -0.9999999 0.0000000 0.0000000
v -0.720000 2.300000 -0.520000
vt 0.7812500 0.9687500
vn -0.9999999 0.0000000 0.0000000
v -0.720000 2.243750 -0.520000
vt 0.7812500 0.9687500
vn -0.9999999 0.0000000 0.0000000
f 8269/8269/8269 8270/8270/8270 8271/8271/8271
v -0.720000 2.300000 -0.520000
vt 0.7812500 0.9687500
vn 0.0000000 0.0000000 -0.9999999
v 0.720000 2.300000 -0.520000
vt 0.7812500 0.9687500
vn 0.0000000 0.0000000 -0.9999999
v 0.720000 2.243750 -0.520000
vt 0.7812500 0.9687500
vn 0.0000000 0.0000000 -0.9999999
f 8272/8272/8272 8273/8273/8273 8274/8274/8274
v 0.720000 2.243750 -0.520000
vt 0.7812500 0.9687500
vn 0.9999999 0.0000000 0.0000000
v 0.720000 2.300000 -0.520000
vt 0.7812500 0.9687500
vn 0.9999999 0.0000000 0.0000000
v 0.720000 2.300000 -0.292740
vt 0.7812500 0.9687500
vn 0.9999999 0.0000000 0.0000000
f 8275/8275/8275 8276/8276/8276 8277/8277/8277
v 0.720000 2.243750 -0.246599
vt 0.7812500 0.9687500
vn 0.0000000 -0.6342089 -0.7731618
v 0.720000 2.300000 -0.292740
vt 0.7812500 0.9687500
vn 0.0000000 -0.6342089 -0.7731618
v 1.127185 2.300000 -0.292740
vt 0.7812500 0.9687500
vn 0.0000000 -0.6342089 -0.7731618
f 8278/8278/8278 8279/8279/8279 8280/8280/8280
v -1.127184 2.300000 -0.292740
vt 0.7812500 0.9687500
vn 0.0000000 -0.6342184 -0.7731540
v -1.142597 2.320000 -0.309146
vt 0.7812500 0.9687500
vn 0.0000000 -0.6342184 -0.7731540
v -0.720000 2.320000 -0.309146
vt 0.7812500 0.9687500
vn 0.0000000 -0.6342184 -0.7731540
f 8281/8281/8281 8282/8282/8282 8283/8283/8283
v -0.720000 2.320000 -0.309146
vt 0.7812500 0.9687500
vn -1.0000000 0.0000000 0.0000000
v -0.720000 2.320000 -0.520000
vt 0.7812500 0.9687500
vn -1.0000000 0.0000000 0.0000000
v -0.720000 2.300000 -0.520000
vt 0.7812500 0.9687500
vn -1.0000000 0.0000000 0.0000000
f 8284/8284/8284 8285/8285/8285 8286/8286/8286
v -0.720000 2.320000 -0.520000
vt 0.7812500 0.9687500
vn 0.0000000 0.0000000 -1.0000000
v 0.720000 2.320000 -0.520000
vt 0.7812500 0.9687500
vn 0.0000000 0.0000000 -1.0000000
v 0.720000 2.300000 -0.520000
vt 0.7812500 0.9687500
vn 0.0000000 0.0000000 -1.0000000
f 8287/8287/8287 8288/8288/8288 8289/8289/8289
v 0.720000 2.300000 -0.520000
vt 0.7812500 0.9687500
vn 1.0000000 0.0000000 0.0000000
v 0.720000 2.320000 -0.520000
vt 0.7812500 0.9687500
vn 1.0000000 0.0000000 0.0000000
v 0.720000 2.320000 -0.309145
vt 0.7812500 0.9687500
vn 1.0000000 0.0000000 0.0000000
f 8290/8290/8290 8291/8291/8291 8292/8292/8292
v 0.720000 2.320000 -0.309145
vt 0.7812500 0.9687500
vn 0.0000000 -0.6341978 -0.7731708
v 1.142598 2.320000 -0.309145
vt 0.7812500 0.9687500
vn 0.0000000 -0.6341978 -0.7731708
v 1.127185 2.300000 -0.292740
vt 0.7812500 0.9687500
vn 0.0000000 -0.6341978 -0.7731708
f 8293/8293/8293 8294/8294/8294 8295/8295/8295
v -1.136574 2.325000 -0.316194
vt 0.7812500 0.9687500
vn 0.0000000 -0.8155965 -0.5786211
v -0.720000 2.325000 -0.316194
vt 0.7812500 0.9687500
vn 0.0000000 -0.8155965 -0.5786211
v -0.720000 2.320000 -0.309146
vt 0.7812500 0.9687500
vn 0.0000000 -0.8155965 -0.5786211
f 8296/8296/8296 8297/8297/8297 8298/8298/8298
v -0.720000 2.325000 -0.316194
vt 0.7812500 0.9687500
vn -1.0000000 0.0000000 0.0000000
v -0.720000 2.325000 -0.520000
vt 0.7812500 0.9687500
vn -1.0000000 0.0000000 0.0000000
v -0.720000 2.320000 -0.520000
vt 0.7812500 0.9687500
vn -1.0000000 0.0000000 0.0000000
f 8299/8299/8299 8300/8300/8300 8301/8301/8301
v -0.720000 2.325000 -0.520000
vt 0.7812500 0.9687500
vn 0.0000000 0.0000000 -0.9999999
v 0.720000 2.325000 -0.520000
vt 0.7812500 0.9687500
vn 0.0000000 0.0000000 -0.9999999
v 0.720000 2.320000 -0.520000
vt 0.7812500 0.9687500
vn 0.0000000 0.0000000 -0.9999999
f 8302/8302/8302 8303/8303/8303 8304/8304/8304
v 0.720000 2.320000 -0.520000
vt 0.7812500 0.9687500
vn 1.0000000 0.0000000 0.0000000
v 0.720000 2.325000 -0.520000
vt 0.7812500 0.9687500
vn 1.0000000 0.0000000 0.0000000
v 0.720000 2.325000 -0.316193
vt 0.7812500 0.9687500
vn 1.0000000 0.0000000 0.0000000
f 8305/8305/8305 8306/8306/8306 8307/8307/8307
v 0.720000 2.320000 -0.309145
vt 0.7812500 0.9687500
vn 0.0000000 -0.8155971 -0.5786203
v 0.720000 2.325000 -0.316193
vt 0.7812500 0.9687500
vn 0.0000000 -0.8155971 -0.5786203
v 1.136575 2.325000 -0.316193
vt 0.7812500 0.9687500
vn 0.0000000 -0.8155971 -0.5786203
f 8308/8308/8308 8309/8309/8309 8310/8310/8310
v -1.136574 2.325000 -0.316194
vt 0.7812500 0.9687500
vn 0.0000000 -0.8156030 -0.5786121
v -1.141376 2.330000 -0.323242
vt 0.7812500 0.9687500
vn 0.0000000 -0.8156030 -0.5786121
v -0.720000 2.330000 -0.323242
vt 0.7812500 0.9687500
vn 0.0000000 -0.8156030 -0.5786121
f 8311/8311/8311 8312/8312/8312 8313/8313/8313
v -0.720000 2.330000 -0.323242
vt 0.7812500 0.9687500
vn -1.0000000 0.0000000 0.0000000
v -0.720000 2.330000 -0.520000
vt 0.7812500 0.9687500
vn -1.0000000 0.0000000 0.0000000
v -0.720000 2.325000 -0.520000
vt 0.7812500 0.9687500
vn -1.0000000 0.0000000 0.0000000
f 8314/8314/8314 8315/8315/8315 8316/8316/8316
v -0.720000 2.330000 -0.520000
vt 0.7812500 0.9687500
vn 0.0000000 0.0000000 -0.9999999
v 0.720000 2.330000 -0.520000
vt 0.7812500 0.9687500
vn 0.0000000 0.0000000 -0.9999999
v 0.720000 2.325000 -0.520000
vt 0.7812500 0.9687500
vn 0.0000000 0.0000000 -0.9999999
f 8317/8317/8317 8318/8318/8318 8319/8319/8319
v 0.720000 2.325000 -0.520000
vt 0.7812500 0.9687500
vn 1.0000000 0.0000000 0.0000000
v 0.720000 2.330000 -0.520000
vt 0.7812500 0.9687500
vn 1.0000000 0.0000000 0.0000000
v 0.720000 2.330000 -0.323241
vt 0.7812500 0.9687500
vn 1.0000000 0.0000000 0.0000000
f 8320/8320/8320 8321/8321/8321 8322/8322/8322
v 0.720000 2.330000 -0.323241
vt 0.7812500 0.9687500
vn 0.0000000 -0.8155978 -0.5786192
v 1.141377 2.330000 -0.323241
vt 0.7812500 0.9687500
vn 0.0000000 -0.8155978 -0.5786192
v 1.136575 2.325000 -0.316193
vt 0.7812500 0.9687500
vn 0.0000000 -0.8155978 -0.5786192
f 8323/8323/8323 8324/8324/8324 8325/8325/8325
v -1.133538 2.390000 -0.415797
vt 0.7812500 0.9687500
vn 0.0000000 -0.8391095 -0.5439626
v -0.720000 2.390000 -0.415797
vt 0.7812500 0.9687500
vn 0.0000000 -0.8391095 -0.5439626
v -0.720000 2.330000 -0.323242
vt 0.7812500 0.9687500
vn 0.0000000 -0.8391095 -0.5439626
f 8326/8326/8326 8327/8327/8327 8328/8328/8328
v -0.720000 2.390000 -0.415797
vt 0.7812500 0.9687500
vn -1.0000000 0.0000000 0.0000000
v -0.720000 2.390000 -0.520000
vt 0.7812500 0.9687500
vn -1.0000000 0.0000000 0.0000000
v -0.720000 2.330000 -0.520000
vt 0.7812500 0.9687500
vn -1.0000000 0.0000000 0.0000000
f 8329/8329/8329 8330/8330/8330 8331/8331/8331
v -0.720000 2.390000 -0.520000
vt 0.7812500 0.9687500
vn 0.0000000 0.0000000 -1.0000000
v 0.720000 2.390000 -0.520000
vt 0.7812500 0.9687500
vn 0.0000000 0.0000000 -1.0000000
v 0.720000 2.330000 -0.520000
vt 0.7812500 0.9687500
vn 0.0000000 0.0000000 -1.0000000
f 8332/8332/8332 8333/8333/8333 8334/8334/8334
v 0.720000 2.330000 -0.520000
vt 0.7812500 0.9687500
vn 1.0000000 0.0000000 0.0000000
v 0.720000 2.390000 -0.520000
vt 0.7812500 0.9687500
vn 1.0000000 0.0000000 0.0000000
v 0.720000 2.390000 -0.415797
vt 0.7812500 0.9687500
vn 1.0000000 0.0000000 0.0000000
f 8335/8335/8335 8336/8336/8336 8337/8337/8337
v 0.720000 2.330000 -0.323241
vt 0.7812500 0.9687500
vn 0.0000000 -0.8391116 -0.5439593
v 0.720000 2.390000 -0.415797
vt 0.7812500 0.9687500
vn 0.0000000 -0.8391116 -0.5439593
v 1.133537 2.390000 -0.415797
vt 0.7812500 0.9687500
vn 0.0000000 -0.8391116 -0.5439593
f 8338/8338/8338 8339/8339/8339 8340/8340/8340
v -1.131385 2.400000 -0.443792
vt 0.7812500 0.9687500
vn 0.0000000 -0.9417213 -0.3363944
v -0.720000 2.400000 -0.443792
vt 0.7812500 0.9687500
vn 0.0000000 -0.9417213 -0.3363944
v -0.720000 2.390000 -0.415797
vt 0.7812500 0.9687500
vn 0.0000000 -0.9417213 -0.3363944
f 8341/8341/8341 8342/8342/8342 8343/8343/8343
v -0.720000 2.400000 -0.443792
vt 0.7812500 0.9687500
vn -1.0000000 0.0000000 0.0000000
v -0.720000 2.400000 -0.520000
vt 0.7812500 0.9687500
vn -1.0000000 0.0000000 0.0000000
v -0.720000 2.390000 -0.520000
vt 0.7812500 0.9687500
vn -1.0000000 0.0000000 0.0000000
f 8344/8344/8344 8345/8345/8345 8346/8346/8346
v -0.720000 2.400000 -0.520000
vt 0.7812500 0.9687500
vn 0.0000000 0.0000000 -0.9999999
v 0.720000 2.400000 -0.520000
vt 0.7812500 0.9687500
vn 0.0000000 0.0000000 -0.9999999
v 0.720000 2.390000 -0.520000
vt 0.7812500 0.9687500
vn 0.0000000 0.0000000 -0.9999999
f 8347/8347/8347 8348/8348/8348 8349/8349/8349
v 0.720000 2.390000 -0.520000
vt 0.7812500 0.9687500
vn 1.0000000 0.0000000 0.0000000
v 0.720000 2.400000 -0.520000
vt 0.7812500 0.9687500
vn 1.0000000 0.0000000 0.0000000
v 0.720000 2.400000 -0.443792
vt 0.7812500 0.9687500
vn 1.0000000 0.0000000 0.0000000
f 8350/8350/8350 8351/8351/8351 8352/8352/8352
v 0.720000 2.390000 -0.415797
vt 0.7812500 0.9687500
vn 0.0000000 -0.9417207 -0.3363958
v 0.720000 2.400000 -0.443792
vt 0.7812500 0.9687500
vn 0.0000000 -0.9417207 -0.3363958
v 1.131383 2.400000 -0.443792
vt 0.7812500 0.9687500
vn 0.0000000 -0.9417207 -0.3363958
f 8353/8353/8353 8354/8354/8354 8355/8355/8355
v -1.129188 2.406250 -0.462667
vt 0.7812500 0.9687500
vn 0.0000000 -0.9493112 -0.3143379
v -0.720000 2.406250 -0.462667
vt 0.7812500 0.9687500
vn 0.0000000 -0.9493112 -0.3143379
v -0.720000 2.400000 -0.443792
vt 0.7812500 0.9687500
vn 0.0000000 -0.9493112 -0.3143379
f 8356/8356/8356 8357/8357/8357 8358/8358/8358
v -0.720000 2.406250 -0.462667
vt 0.7812500 0.9687500
vn -1.0000000 0.0000000 0.0000000
v -0.720000 2.406250 -0.520000
vt 0.7812500 0.9687500
vn -1.0000000 0.0000000 0.0000000
v -0.720000 2.400000 -0.520000
vt 0.7812500 0.9687500
vn -1.0000000 0.0000000 0.0000000
f 8359/8359/8359 8360/8360/8360 8361/8361/8361
v -0.720000 2.406250 -0.520000
vt 0.7812500 0.9687500
vn 0.0000000 0.0000000 -1.0000000
v 0.720000 2.406250 -0.520000
vt 0.7812500 0.9687500
vn 0.0000000 0.0000000 -1.0000000
v 0.720000 2.400000 -0.520000
vt 0.7812500 0.9687500
vn 0.0000000 0.0000000 -1.0000000
f 8362/8362/8362 8363/8363/8363 8364/8364/8364
v 0.720000 2.400000 -0.520000
vt 0.7812500 0.9687500
vn 1.0000000 0.0000000 0.0000000
v 0.720000 2.406250 -0.520000
vt 0.7812500 0.9687500
vn 1.0000000 0.0000000 0.0000000
v 0.720000 2.406250 -0.462667
vt 0.7812500 0.9687500
vn 1.0000000 0.0000000 0.0000000
f 8365/8365/8365 8366/8366/8366 8367/8367/8367
v 0.720000 2.400000 -0.443792
vt 0.7812500 0.9687500
vn 0.0000000 -0.9493107 -0.3143393
v 0.720000 2.406250 -0.462667
vt 0.7812500 0.9687500
vn 0.0000000 -0.9493107 -0.3143393
v 1.129186 2.406250 -0.462667
vt 0.7812500 0.9687500
vn 0.0000000 -0.9493107 -0.3143393
f 8368/8368/8368 8369/8369/8369 8370/8370/8370
v -1.128545 2.430000 -0.534394
vt 0.7812500 0.9687500
vn 0.0000000 -0.9493130 -0.3143323
v -0.720000 2.430000 -0.534394
vt 0.7812500 0.9687500
vn 0.0000000 -0.9493130 -0.3143323
v -0.720000 2.406250 -0.462667
vt 0.7812500 0.9687500
vn 0.0000000 -0.9493130 -0.3143323
f 8371/8371/8371 8372/8372/8372 8373/8373/8373
v -0.720000 2.430000 -0.534394
vt 0.7812500 0.9687500
vn 1.0000000 0.0000000 0.0000000
v -0.720000 2.430000 -0.520000
vt 0.7812500 0.9687500
vn 1.0000000 0.0000000 0.0000000
v -0.720000 2.406250 -0.520000
vt 0.7812500 0.9687500
vn 1.0000000 0.0000000 0.0000000
f 8374/8374/8374 8375/8375/8375 8376/8376/8376
v -0.720000 2.430000 -0.520000
vt 0.7812500 0.9687500
vn 0.0000000 0.0000000 -1.0000000
v 0.720000 2.430000 -0.520000
vt 0.7812500 0.9687500
vn 0.0000000 0.0000000 -1.0000000
v 0.720000 2.406250 -0.520000
vt 0.7812500 0.9687500
vn 0.0000000 0.0000000 -1.0000000
f 8377/8377/8377 8378/8378/8378 8379/8379/8379
v 0.720000 2.406250 -0.520000
vt 0.7812500 0.9687500
vn -1.0000000 0.0000000 0.0000000
v 0.720000 2.430000 -0.520000
vt 0.7812500 0.9687500
vn -1.0000000 0.0000000 0.0000000
v 0.720000 2.430000 -0.534393
vt 0.7812500 0.9687500
vn -1.0000000 0.0000000 0.0000000
f 8380/8380/8380 8381/8381/8381 8382/8382/8382
v 0.720000 2.406250 -0.462667
vt 0.7812500 0.9687500
vn 0.0000000 -0.9493123 -0.3143343
v 0.720000 2.430000 -0.534393
vt 0.7812500 0.9687500
vn 0.0000000 -0.9493123 -0.3143343
v 1.128543 2.430000 -0.534393
vt 0.7812500 0.9687500
vn 0.0000000 -0.9493123 -0.3143343
f 8383/8383/8383 8384/8384/8384 8385/8385/8385
v -1.119208 2.440000 -0.567215
vt 0.7812500 0.9687500
vn 0.0000000 -0.9565821 -0.2914630
v -0.720000 2.440000 -0.567215
vt 0.7812500 0.9687500
vn 0.0000000 -0.9565821 -0.2914630
v -0.720000 2.430000 -0.534394
vt 0.7812500 0.9687500
vn 0.0000000 -0.9565821 -0.2914630
f 8386/8386/8386 8387/8387/8387 8388/8388/8388
v -0.720000 2.430000 -0.534394
vt 0.7812500 0.9687500
vn 1.0000000 0.0000158 0.0000000
v -0.720000 2.440000 -0.567215
vt 0.7812500 0.9687500
vn 1.0000000 0.0000158 0.0000000
v -0.720000 2.440000 -0.520000
vt 0.7812500 0.9687500
vn 1.0000000 0.0000158 0.0000000
f 8389/8389/8389 8390/8390/8390 8391/8391/8391
v -0.720000 2.440000 -0.520000
vt 0.7812500 0.9687500
vn 0.0000000 0.0000000 -1.0000000
v 0.720000 2.440000 -0.520000
vt 0.7812500 0.9687500
vn 0.0000000 0.0000000 -1.0000000
v 0.720000 2.430000 -0.520000
vt 0.7812500 0.9687500
vn 0.0000000 0.0000000 -1.0000000
f 8392/8392/8392 8393/8393/8393 8394/8394/8394
v 0.720000 2.440000 -0.520000
vt 0.7812500 0.9687500
vn -1.0000000 0.0000079 0.0000000
v 0.720000 2.440000 -0.567214
vt 0.7812500 0.9687500
vn -1.0000000 0.0000079 0.0000000
v 0.720000 2.430000 -0.534393
vt 0.7812500 0.9687500
vn -1.0000000 0.0000079 0.0000000
f 8395/8395/8395 8396/8396/8396 8397/8397/8397
v 0.720000 2.430000 -0.534393
vt 0.7812500 0.9687500
vn 0.0000000 -0.9565821 -0.2914630
v 0.720000 2.440000 -0.567214
vt 0.7812500 0.9687500
vn 0.0000000 -0.9565821 -0.2914630
v 1.119208 2.440000 -0.567214
vt 0.7812500 0.9687500
vn 0.0000000 -0.9565821 -0.2914630
f 8398/8398/8398 8399/8399/8399 8400/8400/8400
v -1.114751 2.450000 -0.613724
vt 0.7812500 0.9687500
vn 0.0000000 -0.9776581 -0.2102015
v -0.720000 2.450000 -0.613724
vt 0.7812500 0.9687500
vn 0.0000000 -0.9776581 -0.2102015
v -0.720000 2.440000 -0.567215
vt 0.7812500 0.9687500
vn 0.0000000 -0.9776581 -0.2102015
f 8401/8401/8401 8402/8402/8402 8403/8403/8403
v -0.720000 2.440000 -0.567215
vt 0.7812500 0.9687500
vn 1.0000000 0.0000000 0.0000000
v -0.720000 2.450000 -0.613724
vt 0.7812500 0.9687500
vn 1.0000000 0.0000000 0.0000000
v -0.720000 2.450000 -0.520000
vt 0.7812500 0.9687500
vn 1.0000000 0.0000000 0.0000000
f 8404/8404/8404 8405/8405/8405 8406/8406/8406
v -0.720000 2.450000 -0.520000
vt 0.7812500 0.9687500
vn 0.0000000 0.0000000 -1.0000000
v 0.720000 2.450000 -0.520000
vt 0.7812500 0.9687500
vn 0.0000000 0.0000000 -1.0000000
v 0.720000 2.440000 -0.520000
vt 0.7812500 0.9687500
vn 0.0000000 0.0000000 -1.0000000
f 8407/8407/8407 8408/8408/8408 8409/8409/8409
v 0.720000 2.450000 -0.520000
vt 0.7812500 0.9687500
vn -1.0000000 0.0000000 0.0000000
v 0.720000 2.450000 -0.613723
vt 0.7812500 0.9687500
vn -1.0000000 0.0000000 0.0000000
v 0.720000 2.440000 -0.567214
vt 0.7812500 0.9687500
vn -1.0000000 0.0000000 0.0000000
f 8410/8410/8410 8411/8411/8411 8412/8412/8412
v 0.720000 2.440000 -0.567214
vt 0.7812500 0.9687500
vn 0.0000000 -0.9776580 -0.2102019
v 0.720000 2.450000 -0.613723
vt 0.7812500 0.9687500
vn 0.0000000 -0.9776580 -0.2102019
v 1.114750 2.450000 -0.613723
vt 0.7812500 0.9687500
vn 0.0000000 -0.9776580 -0.2102019
f 8413/8413/8413 8414/8414/8414 8415/8415/8415
v -1.107366 2.460000 -0.660232
vt 0.7812500 0.9687500
vn 0.0000000 -0.9776553 -0.2102147
v -0.720000 2.460000 -0.660232
vt 0.7812500 0.9687500
vn 0.0000000 -0.9776553 -0.2102147
v -0.720000 2.450000 -0.613724
vt 0.7812500 0.9687500
vn 0.0000000 -0.9776553 -0.2102147
f 8416/8416/8416 8417/8417/8417 8418/8418/8418
v -0.720000 2.450000 -0.613724
vt 0.7812500 0.9687500
vn 1.0000000 0.0000000 0.0000000
v -0.720000 2.460000 -0.660232
vt 0.7812500 0.9687500
vn 1.0000000 0.0000000 0.0000000
v -0.720000 2.460000 -0.520000
vt 0.7812500 0.9687500
vn 1.0000000 0.0000000 0.0000000
f 8419/8419/8419 8420/8420/8420 8421/8421/8421
v -0.720000 2.460000 -0.520000
vt 0.7812500 0.9687500
vn 0.0000000 0.0000000 -1.0000000
v 0.720000 2.460000 -0.520000
vt 0.7812500 0.9687500
vn 0.0000000 0.0000000 -1.0000000
v 0.720000 2.450000 -0.520000
vt 0.7812500 0.9687500
vn 0.0000000 0.0000000 -1.0000000
f 8422/8422/8422 8423/8423/8423 8424/8424/8424
v 0.720000 2.460000 -0.520000
vt 0.7812500 0.9687500
vn -1.0000000 0.0000000 0.0000000
v 0.720000 2.460000 -0.660231
vt 0.7812500 0.9687500
vn -1.0000000 0.0000000 0.0000000
v 0.720000 2.450000 -0.613723
vt 0.7812500 0.9687500
vn -1.0000000 0.0000000 0.0000000
f 8425/8425/8425 8426/8426/8426 8427/8427/8427
v 0.720000 2.450000 -0.613723
vt 0.7812500 0.9687500
vn 0.0000000 -0.9776553 -0.2102147
v 0.720000 2.460000 -0.660231
vt 0.7812500 0.9687500
vn 0.0000000 -0.9776553 -0.2102147
v 1.107366 2.460000 -0.660231
vt 0.7812500 0.9687500
vn 0.0000000 -0.9776553 -0.2102147
f 8428/8428/8428 8429/8429/8429 8430/8430/8430
v -1.107366 2.460000 -0.660232
vt 0.7812500 0.9687500
vn 0.0000000 -0.9034520 -0.4286892
v -1.117315 2.470000 -0.681306
vt 0.7812500 0.9687500
vn 0.0000000 -0.9034520 -0.4286892
v -0.720000 2.470000 -0.681306
vt 0.7812500 0.9687500
vn 0.0000000 -0.9034520 -0.4286892
f 8431/8431/8431 8432/8432/8432 8433/8433/8433
v -0.720000 2.460000 -0.660232
vt 0.7812500 0.9687500
vn 1.0000000 0.0000000 0.0000000
v -0.720000 2.470000 -0.681306
vt 0.7812500 0.9687500
vn 1.0000000 0.0000000 0.0000000
v -0.720000 2.470000 -0.520000
vt 0.7812500 0.9687500
vn 1.0000000 0.0000000 0.0000000
f 8434/8434/8434 8435/8435/8435 8436/8436/8436
v -0.720000 2.470000 -0.520000
vt 0.7812500 0.9687500
vn 0.0000000 0.0000000 -1.0000000
v 0.720000 2.470000 -0.520000
vt 0.7812500 0.9687500
vn 0.0000000 0.0000000 -1.0000000
v 0.720000 2.460000 -0.520000
vt 0.7812500 0.9687500
vn 0.0000000 0.0000000 -1.0000000
f 8437/8437/8437 8438/8438/8438 8439/8439/8439
v 0.720000 2.470000 -0.520000
vt 0.7812500 0.9687500
vn -0.9999999 0.0000012 0.0000000
v 0.720000 2.470000 -0.681306
vt 0.7812500 0.9687500
vn -0.9999999 0.0000012 0.0000000
v 0.720000 2.460000 -0.660231
vt 0.7812500 0.9687500
vn -0.9999999 0.0000012 0.0000000
f 8440/8440/8440 8441/8441/8441 8442/8442/8442
v 0.720000 2.470000 -0.681306
vt 0.7812500 0.9687500
vn 0.0000000 -0.9034595 -0.4286734
v 1.117315 2.470000 -0.681306
vt 0.7812500 0.9687500
vn 0.0000000 -0.9034595 -0.4286734
v 1.107366 2.460000 -0.660231
vt 0.7812500 0.9687500
vn 0.0000000 -0.9034595 -0.4286734
f 8443/8443/8443 8444/8444/8444 8445/8445/8445
v -1.112206 2.480000 -0.687922
vt 0.7812500 0.9687500
vn 0.0000000 -0.5517551 -0.8340061
v -0.720000 2.480000 -0.687922
vt 0.7812500 0.9687500
vn 0.0000000 -0.5517551 -0.8340061
v -0.720000 2.470000 -0.681306
vt 0.7812500 0.9687500
vn 0.0000000 -0.5517551 -0.8340061
f 8446/8446/8446 8447/8447/8447 8448/8448/8448
v -0.720000 2.470000 -0.681306
vt 0.7812500 0.9687500
vn 1.0000000 -0.0000089 0.0000000
v -0.720000 2.480000 -0.687922
vt 0.7812500 0.9687500
vn 1.0000000 -0.0000089 0.0000000
v -0.720000 2.480000 -0.520000
vt 0.7812500 0.9687500
vn 1.0000000 -0.0000089 0.0000000
f 8449/8449/8449 8450/8450/8450 8451/8451/8451
v -0.720000 2.480000 -0.520000
vt 0.7812500 0.9687500
vn 0.0000000 0.0000000 -0.9999999
v 0.720000 2.480000 -0.520000
vt 0.7812500 0.9687500
vn 0.0000000 0.0000000 -0.9999999
v 0.720000 2.470000 -0.520000
vt 0.7812500 0.9687500
vn 0.0000000 0.0000000 -0.9999999
f 8452/8452/8452 8453/8453/8453 8454/8454/8454
v 0.720000 2.480000 -0.520000
vt 0.7812500 0.9687500
vn -1.0000000 -0.0000050 0.0000000
v 0.720000 2.480000 -0.687921
vt 0.7812500 0.9687500
vn -1.0000000 -0.0000050 0.0000000
v 0.720000 2.470000 -0.681306
vt 0.7812500 0.9687500
vn -1.0000000 -0.0000050 0.0000000
f 8455/8455/8455 8456/8456/8456 8457/8457/8457
v 0.720000 2.470000 -0.681306
vt 0.7812500 0.9687500
vn 0.0000000 -0.5516964 -0.8340450
v 0.720000 2.480000 -0.687921
vt 0.7812500 0.9687500
vn 0.0000000 -0.5516964 -0.8340450
v 1.112206 2.480000 -0.687921
vt 0.7812500 0.9687500
vn 0.0000000 -0.5516964 -0.8340450
f 8458/8458/8458 8459/8459/8459 8460/8460/8460
v -1.093280 2.487500 -0.730000
vt 0.7812500 0.9687500
vn -0.0200879 -0.9997982 0.0000000
v -0.720000 2.480000 -0.730000
vt 0.7812500 0.9687500
vn -0.0200879 -0.9997982 0.0000000
v -0.720000 2.480000 -0.687922
vt 0.7812500 0.9687500
vn -0.0200879 -0.9997982 0.0000000
f 8461/8461/8461 8462/8462/8462 8463/8463/8463
v 0.720000 2.480000 -0.687921
vt 0.7812500 0.9687500
vn 0.0200878 -0.9997982 0.0000000
v 0.720000 2.480000 -0.730000
vt 0.7812500 0.9687500
vn 0.0200878 -0.9997982 0.0000000
v 1.093283 2.487500 -0.730000
vt 0.7812500 0.9687500
vn 0.0200878 -0.9997982 0.0000000
f 8464/8464/8464 8465/8465/8465 8466/8466/8466
v -0.720000 2.480000 -0.730000
vt 0.7812500 0.9687500
vn 0.0000000 0.0000000 -1.0000000
v -0.941375 2.650000 -0.730000
vt 0.7812500 0.9687500
vn 0.0000000 0.0000000 -1.0000000
v 0.941375 2.650000 -0.730000
vt 0.7812500 0.9687500
vn 0.0000000 0.0000000 -1.0000000
f 8467/8467/8467 8468/8468/8468 8469/8469/8469
v 0.720000 2.480000 -0.730000
vt 0.7812500 0.9687500
vn 0.0000000 -0.9999999 0.0000000
v 0.720000 2.480000 -0.520000
vt 0.7812500 0.9687500
vn 0.0000000 -0.9999999 0.0000000
v -0.720000 2.480000 -0.520000
vt 0.7812500 0.9687500
vn 0.0000000 -0.9999999 0.0000000
f 8470/8470/8470 8471/8471/8471 8472/8472/8472
v -0.720000 2.480000 -0.730000
vt 0.7812500 0.9687500
vn 0.0000000 0.0000000 -1.0000000
v 0.941375 2.650000 -0.730000
vt 0.7812500 0.9687500
vn 0.0000000 0.0000000 -1.0000000
v 0.720000 2.480000 -0.730000
vt 0.7812500 0.9687500
vn 0.0000000 0.0000000 -1.0000000
f 8473/8473/8473 8474/8474/8474 8475/8475/8475
